Q_CONSERVATIVE_REMAP 40.526278599457704 40.494476152968552 40.526278599447593 0.031802446489153736 0.011883318925501207
Q_INITIAL_MASS_REPAIR 0.031802446480157294 0.00078473641250126499
INIT_RECEIVER_CORRECTION 0 0 6.57858213971e-09 6.57858213971e-09 0 0 0 0 1.35829596643 -0.00725462238171 1.35829596643 -0.00725462238171
TRANSFER 0 0 40.5262785994 1.35829596643 -0.00725462238171 0.00073032565922 0.00930693135478 0.00723665199176 0.0998660058635 667
RUN 0 0 40.5262785994 0.338669163548
Q_RUN 0 0 40.5262785994476 0 -0 0 0 0 0
Q_CUTCELL_CFL 0 0 0.0102964607892 0.0102964607892 0.0215031343044 0 160
SHORE 0 0 40.125 0 0.557796617559
Q_MOMENTUM 0 0 0.018498214988 1.84076491578 1.8336007043 0.372754702012 0.369671817661 0.871735077409 0.00215717729179
AMR_VOLUME_STAGE 0 0 0 40.526275133174877 -8.5531483169927467e-08
AMR_VOLUME_STAGE 0 0 1 40.526275133174877 -8.5531483169927467e-08
Q_CLEANUP 0 0 0 -0
AMR_VOLUME_STAGE 0 0 2 40.526275133174877 -8.5531483169927467e-08
POSTADAPT_REPROJECT 0 0 17 3.38974366306e-09 4.74490849536e-12 2.1724460772e-11 1.01658588753e-05 2.91014109613e-08 0.000163701328543 0.00175150263648
AMR_VOLUME_STAGE 0 0 3 40.526275133174877 -8.5531483169927467e-08
PROJECTED 0 0 40.5262751332 1.35792961474 -0.00512529408417 0.00627065504746 0.24329329128 4.43189752408e-12 2.1724460772e-11 663
TRANSFER 0.0102964607892 1 40.5262751332 1.35792961474 -0.00512529408417 0.00627065504746 0.24329329128 4.43189752408e-12 2.1724460772e-11 663
Q_MOMENTUM 0.0102964607892 1 0.012631428244 1.82068570976 1.81253462782 0.370624076531 0.368263141979 0.851111680855 0.0021323299891
AMR_VOLUME_STAGE 0.0102964607892 1 0 40.526275133174799 -8.5531485098545242e-08
AMR_VOLUME_STAGE 0.0102964607892 1 1 40.526275133174792 -8.5531485273874127e-08
Q_CLEANUP 0.0102964607892 1 0 -0
AMR_VOLUME_STAGE 0.0102964607892 1 2 40.526275133174792 -8.5531485273874127e-08
POSTADAPT_REPROJECT 0.0102964607892 1 16 4.47622110994e-09 1.38655864166e-11 3.40847575858e-11 5.10806280538e-05 1.38354294644e-08 0.000550616891238 0.0053517869852
AMR_VOLUME_STAGE 0.0102964607892 1 3 40.526275133174792 -8.5531485273874127e-08
PROJECTED 0.0102964607892 1 40.5262751332 1.35731332631 -0.00632161025387 0.00785664440408 0.241451374637 1.29509047792e-11 3.40847575858e-11 657
TRANSFER 0.02 2 40.5262751332 1.35731332631 -0.00632161025387 0.00785664440408 0.241451374637 1.29509047792e-11 3.40847575858e-11 657
RUN 0.02 2 40.5262751332 0.337280533872
Q_RUN 0.02 2 40.526275133174792 -8.55314854492e-08 -0 0 1.64739437911e-16 2.00252141258e-16 25
Q_CUTCELL_CFL 0.02 2 0.0208532847333 0.0208532847333 0.0457709220254 0 163
SHORE 0.02 2 40.125 0.000250089814768 0.565236840897
Q_MOMENTUM 0.02 2 0.0294102223216 1.81247270661 1.79113801775 0.370533148691 0.365941604484 0.8283335019 0.0021071400631
AMR_VOLUME_STAGE 0.02 2 0 40.52627513317875 -8.5531387615683567e-08
AMR_VOLUME_STAGE 0.02 2 1 40.526275133178757 -8.5531387440354682e-08
Q_CLEANUP 0.02 2 0 -0
AMR_VOLUME_STAGE 0.02 2 2 40.526275133178757 -8.5531387440354682e-08
POSTADAPT_REPROJECT 0.02 2 17 3.23635614794e-09 5.28439762894e-12 2.55161846513e-11 4.83618128177e-05 5.34512956477e-08 0.000682403871538 0.0071949179501
AMR_VOLUME_STAGE 0.02 2 3 40.526275133178757 -8.5531387440354682e-08
PROJECTED 0.02 2 40.5262751332 1.35555657499 -0.00797569421003 0.010655790182 0.236926151901 4.94013788381e-12 2.55161846513e-11 658
RUN 0.04 3 40.5262751332 0.336330588101
Q_RUN 0.04 3 40.526275133178757 -8.55313876157e-08 -0 0 1.66533453694e-16 1.76074432812e-16 20
Q_CUTCELL_CFL 0.04 3 0.0254302151005 0.0254302151005 0.0549601763092 0 163
SHORE 0.04 3 40.125 0.000190936402782 0.564951635844
Q_MOMENTUM 0.04 3 0.0197203456338 1.86785331396 1.84084855198 0.368118228336 0.364188518943 0.809182497831 0.00215583902466
AMR_VOLUME_STAGE 0.04 3 0 40.5262751331788 -8.5531386388381346e-08
AMR_VOLUME_STAGE 0.04 3 1 40.5262751331788 -8.5531386388381346e-08
RUN 0.06 4 40.5262751332 0.336124185627
Q_RUN 0.06 4 40.5262751331788 -8.55313865637e-08 -0 0 1.65855827336e-16 1.80411241502e-16 20
Q_CUTCELL_CFL 0.06 4 0.0294291463168 0.0294291463168 0.0621391056233 0 162
SHORE 0.06 4 40.125 0.48531060657 0.564675758848
Q_MOMENTUM 0.06 4 0.024212912989 1.87009110936 1.83751199525 0.3664437047 0.363408858745 0.801090912621 0.00214027807618
AMR_VOLUME_STAGE 0.06 4 0 40.52627513271991 -8.5542709653948654e-08
AMR_VOLUME_STAGE 0.06 4 1 40.52627513271991 -8.5542709653948654e-08
Q_CLEANUP 0.06 4 0 -0
AMR_VOLUME_STAGE 0.06 4 2 40.52627513271991 -8.5542709653948654e-08
POSTADAPT_REPROJECT 0.06 4 18 6.26124768347e-09 7.24677644981e-12 4.07875625635e-11 3.01919920309e-05 3.99482470162e-07 0.00119413392057 0.0164352324975
AMR_VOLUME_STAGE 0.06 4 3 40.52627513271991 -8.5542709653948654e-08
RUN 0.08 5 40.5262751327 0.335769195944
Q_RUN 0.08 5 40.52627513271991 -8.55427098293e-08 -0 0 1.59811400224e-16 1.50487261541e-16 18
Q_CUTCELL_CFL 0.08 5 0.0330800499863 0.0330800499863 0.0677577212484 0 162
SHORE 0.08 5 40.125 0.000165431678484 0.563182539938
Q_MOMENTUM 0.08 5 0.0158491404043 1.88937213841 1.85260426293 0.365693008186 0.362544917989 0.785017848818 0.00212745116147
AMR_VOLUME_STAGE 0.08 5 0 40.526275132717849 -8.5542760499326137e-08
AMR_VOLUME_STAGE 0.08 5 1 40.526275132717849 -8.5542760499326137e-08
Q_CLEANUP 0.08 5 0 -0
AMR_VOLUME_STAGE 0.08 5 2 40.526275132717849 -8.5542760499326137e-08
POSTADAPT_REPROJECT 0.08 5 18 4.52694767274e-09 5.25855654028e-12 2.95204225648e-11 3.67493564897e-05 1.95439623962e-07 0.000855015394772 0.0136991349834
AMR_VOLUME_STAGE 0.08 5 3 40.526275132717849 -8.5542760499326137e-08
RUN 0.1 6 40.5262751327 0.335831489108
Q_RUN 0.1 6 40.526275132717849 -8.55427606747e-08 -0 0 1.61979804569e-16 1.38344197209e-16 17
Q_CUTCELL_CFL 0.1 6 0.0362989743016 0.0362989743016 0.0718301675236 0 162
SHORE 0.1 6 40.125 0.000173442376054 0.561839784381
Q_MOMENTUM 0.1 6 0.0175170240071 1.87026994985 1.82865813923 0.365044832436 0.361706923744 0.781320549446 0.00207308111243
AMR_VOLUME_STAGE 0.1 6 0 40.526275132716535 -8.5542792935170405e-08
AMR_VOLUME_STAGE 0.1 6 1 40.526275132716535 -8.5542792935170405e-08
Q_CLEANUP 0.1 6 0 -0
AMR_VOLUME_STAGE 0.1 6 2 40.526275132716535 -8.5542792935170405e-08
POSTADAPT_REPROJECT 0.1 6 19 7.07766021406e-09 6.94617067532e-12 3.36385832383e-11 4.0181155904e-05 5.407854581e-07 0.000971599436622 0.0157589151928
AMR_VOLUME_STAGE 0.1 6 3 40.526275132716535 -8.5542792935170405e-08
RUN 0.12 7 40.5262751327 0.335683198162
Q_RUN 0.12 7 40.526275132716535 -8.55427931105e-08 -0 0 1.64981689334e-16 8.21554196201e-17 13
Q_CUTCELL_CFL 0.12 7 0.0393429164939 0.0393429164939 0.075406327774 0 161
SHORE 0.12 7 40.125 0.000183952080471 0.560065592387
Q_MOMENTUM 0.12 7 0.0177231706002 1.85454663473 1.81193546066 0.364277997736 0.36045839483 0.780532087427 0.0020256721466
AMR_VOLUME_STAGE 0.12 7 0 40.526275132718609 -8.5542741739135138e-08
AMR_VOLUME_STAGE 0.12 7 1 40.526275132718609 -8.5542741739135138e-08
Q_CLEANUP 0.12 7 0 -0
AMR_VOLUME_STAGE 0.12 7 2 40.526275132718609 -8.5542741739135138e-08
POSTADAPT_REPROJECT 0.12 7 18 8.48665513515e-09 8.96737422204e-12 4.6345895871e-11 3.55307852409e-05 1.01268884007e-07 0.000258297186673 0.0026706351423
AMR_VOLUME_STAGE 0.12 7 3 40.526275132718609 -8.5542741739135138e-08
RUN 0.14 8 40.5262751327 0.335303767738
Q_RUN 0.14 8 40.526275132718609 -8.55427419145e-08 -0 0 1.65561906903e-16 8.4838819997e-17 10
Q_CUTCELL_CFL 0.14 8 0.0421961430674 0.0421961430674 0.078317475486 0 161
SHORE 0.14 8 40.125 0.000190476483295 0.559033375182
Q_MOMENTUM 0.14 8 0.0180120820929 1.83796287869 1.78814190396 0.363138371327 0.359361356714 0.783294988743 0.00199817853457
AMR_VOLUME_STAGE 0.14 8 0 40.526275132716052 -8.5542804857534783e-08
AMR_VOLUME_STAGE 0.14 8 1 40.526275132716052 -8.5542804857534783e-08
Q_CLEANUP 0.14 8 0 -0
AMR_VOLUME_STAGE 0.14 8 2 40.526275132716052 -8.5542804857534783e-08
POSTADAPT_REPROJECT 0.14 8 18 9.68916504125e-09 1.05109734642e-11 5.3151105045e-11 3.25241821508e-05 1.86603701136e-08 0.000258409675011 0.0026341932472
AMR_VOLUME_STAGE 0.14 8 3 40.526275132716052 -8.5542804857534783e-08
RUN 0.16 9 40.5262751327 0.334900335946
Q_RUN 0.16 9 40.526275132716052 -8.55428050329e-08 -0 0 1.66316613259e-16 6.72205346941e-17 10
Q_CUTCELL_CFL 0.16 9 0.0449051694809 0.0449051694809 0.0807265357524 0 161
SHORE 0.16 9 40.125 0.000195916752805 0.560493549685
Q_MOMENTUM 0.16 9 0.0183815318966 1.81926948704 1.76989097577 0.362118557373 0.358234293228 0.788477911975 0.00198245617668
AMR_VOLUME_STAGE 0.16 9 0 40.526275132712854 -8.554288375553433e-08
AMR_VOLUME_STAGE 0.16 9 1 40.526275132712854 -8.554288375553433e-08
Q_CLEANUP 0.16 9 0 -0
AMR_VOLUME_STAGE 0.16 9 2 40.526275132712854 -8.554288375553433e-08
POSTADAPT_REPROJECT 0.16 9 18 5.51688704767e-09 5.72418160951e-12 2.74196290673e-11 3.11703199046e-05 4.4035387273e-08 0.00023197277348 0.00258791380412
AMR_VOLUME_STAGE 0.16 9 3 40.526275132712854 -8.554288375553433e-08
RUN 0.18 10 40.5262751327 0.334401363426
Q_RUN 0.18 10 40.526275132712854 -8.55428839309e-08 -0 0 1.6393136848e-16 1.16470418379e-16 16
Q_CUTCELL_CFL 0.18 10 0.0474785197645 0.0474785197645 0.0824525672834 0 161
SHORE 0.18 10 40.125 0.000195770178722 0.561769654305
Q_MOMENTUM 0.18 10 0.0168703863543 1.80411886218 1.74759438457 0.361096895203 0.357604582063 0.792381617471 0.00195518242405
AMR_VOLUME_STAGE 0.18 10 0 40.526275132711234 -8.5542923730520772e-08
AMR_VOLUME_STAGE 0.18 10 1 40.526275132711234 -8.5542923730520772e-08
Q_CLEANUP 0.18 10 0 -0
AMR_VOLUME_STAGE 0.18 10 2 40.526275132711234 -8.5542923730520772e-08
POSTADAPT_REPROJECT 0.18 10 18 7.67192820318e-09 8.26233724185e-12 4.04118059003e-11 3.10379994549e-05 7.72394188937e-09 0.000227944216581 0.00254466543148
AMR_VOLUME_STAGE 0.18 10 3 40.526275132711234 -8.5542923730520772e-08
RUN 0.2 11 40.5262751327 0.334116028434
Q_RUN 0.2 11 40.526275132711234 -8.55429239058e-08 -0 0 1.65422146467e-16 5.99021700298e-17 9
Q_CUTCELL_CFL 0.2 11 0.0499298308384 0.0499298308384 0.0836677915535 0 160
SHORE 0.2 11 40.125 0.000186764550081 0.562712492918
Q_MOMENTUM 0.2 11 0.0165817228814 1.78198997666 1.72727163644 0.360472875026 0.357081933749 0.803819734971 0.00192885369818
AMR_VOLUME_STAGE 0.2 11 0 40.526275132708861 -8.5542982290369341e-08
AMR_VOLUME_STAGE 0.2 11 1 40.526275132708861 -8.5542982290369341e-08
Q_CLEANUP 0.2 11 0 -0
AMR_VOLUME_STAGE 0.2 11 2 40.526275132708861 -8.5542982290369341e-08
POSTADAPT_REPROJECT 0.2 11 18 7.64720066025e-09 8.25614217113e-12 4.03079968491e-11 3.03618026319e-05 3.5993860517e-08 0.00022787845921 0.00251226681232
AMR_VOLUME_STAGE 0.2 11 3 40.526275132708861 -8.5542982290369341e-08
RUN 0.22 12 40.5262751327 0.333826558961
Q_RUN 0.22 12 40.526275132708861 -8.55429824657e-08 -0 0 1.63058924544e-16 5.28548559087e-17 9
Q_CUTCELL_CFL 0.22 12 0.0522804693313 0.0522804693313 0.084435182515 0 160
SHORE 0.22 12 40.125 0.000183863448164 0.563365767992
Q_MOMENTUM 0.22 12 0.0151686519025 1.76396270659 1.70371286472 0.360023428194 0.356838210502 0.812134467698 0.00189793932314
AMR_VOLUME_STAGE 0.22 12 0 40.526275132706473 -8.5543041200875667e-08
AMR_VOLUME_STAGE 0.22 12 1 40.526275132706473 -8.5543041200875667e-08
Q_CLEANUP 0.22 12 0 -0
AMR_VOLUME_STAGE 0.22 12 2 40.526275132706473 -8.5543041200875667e-08
POSTADAPT_REPROJECT 0.22 12 19 3.15079147344e-09 3.26553223204e-12 1.60497743568e-11 3.04395594918e-05 6.21790911372e-08 0.000225340802562 0.00248240847745
AMR_VOLUME_STAGE 0.22 12 3 40.526275132706473 -8.5543041200875667e-08
RUN 0.24 13 40.5262751327 0.333822050723
Q_RUN 0.24 13 40.526275132706473 -8.55430413762e-08 -0 0 1.658626036e-16 4.12538926631e-17 9
Q_CUTCELL_CFL 0.24 13 0.0545304202814 0.0545304202814 0.0876633545058 0 161
SHORE 0.24 13 40.125 0.000181277984492 0.563855555895
Q_MOMENTUM 0.24 13 0.0153550976732 1.7388896894 1.6817329129 0.359901385192 0.35676507152 0.814532715154 0.00186846264521
AMR_VOLUME_STAGE 0.24 13 0 40.526275132707497 -8.5543015953515817e-08
AMR_VOLUME_STAGE 0.24 13 1 40.526275132707497 -8.5543015953515817e-08
Q_CLEANUP 0.24 13 0 -0
AMR_VOLUME_STAGE 0.24 13 2 40.526275132707497 -8.5543015953515817e-08
POSTADAPT_REPROJECT 0.24 13 18 9.23192437838e-09 9.07666617086e-12 4.51496229726e-11 3.07957639794e-05 1.18767040378e-07 0.000223036408518 0.00245284511606
AMR_VOLUME_STAGE 0.24 13 3 40.526275132707497 -8.5543015953515817e-08
RUN 0.26 14 40.5262751327 0.333975458405
Q_RUN 0.26 14 40.526275132707497 -8.55430161288e-08 -0 0 1.65991352608e-16 6.63260679018e-17 12
Q_CUTCELL_CFL 0.26 14 0.0567027562664 0.0567027562664 0.0911104672526 0 161
SHORE 0.26 14 40.125 0.000177466261208 0.564077373016
Q_MOMENTUM 0.26 14 0.0152776113514 1.71517755208 1.65423079345 0.359917166793 0.356942015385 0.823040305625 0.00183522075312
AMR_VOLUME_STAGE 0.26 14 0 40.526275132704917 -8.5543079597902117e-08
AMR_VOLUME_STAGE 0.26 14 1 40.526275132704917 -8.5543079597902117e-08
Q_CLEANUP 0.26 14 0 -0
AMR_VOLUME_STAGE 0.26 14 2 40.526275132704917 -8.5543079597902117e-08
POSTADAPT_REPROJECT 0.26 14 18 5.36985655138e-09 5.28938438674e-12 2.62710406814e-11 2.8040632492e-05 1.52335638391e-08 0.000219757600646 0.00242017904695
AMR_VOLUME_STAGE 0.26 14 3 40.526275132704917 -8.5543079597902117e-08
RUN 0.28 15 40.5262751327 0.334336451801
Q_RUN 0.28 15 40.526275132704917 -8.55430797732e-08 -0 0 1.65340831304e-16 9.70089893831e-17 15
Q_CUTCELL_CFL 0.28 15 0.058804083717 0.058804083717 0.0943765690149 0 161
SHORE 0.28 15 40.125 0.000178146435309 0.563718464158
Q_MOMENTUM 0.28 15 0.0163628959677 1.68796141112 1.63231176882 0.360241383772 0.357370945047 0.829047210251 0.00181691827941
AMR_VOLUME_STAGE 0.28 15 0 40.526275132703496 -8.5543114663679699e-08
AMR_VOLUME_STAGE 0.28 15 1 40.526275132703496 -8.5543114663679699e-08
Q_CLEANUP 0.28 15 0 -0
AMR_VOLUME_STAGE 0.28 15 2 40.526275132703496 -8.5543114663679699e-08
POSTADAPT_REPROJECT 0.28 15 17 3.77518211245e-09 5.47211741577e-12 2.29111313255e-11 2.72219433542e-05 3.03113928407e-08 0.000213833588241 0.00238078384406
AMR_VOLUME_STAGE 0.28 15 3 40.526275132703496 -8.5543114663679699e-08
RUN 0.3 16 40.5262751327 0.334206384411
Q_RUN 0.3 16 40.526275132703496 -8.5543114839e-08 -0 0 1.66533453694e-16 5.02256656404e-17 11
Q_CUTCELL_CFL 0.3 16 0.0608748617463 0.0608748617463 0.0974637403946 0 161
SHORE 0.3 16 40.125 0.000171634882615 0.562582595777
Q_MOMENTUM 0.3 16 0.0173264432514 1.66173835747 1.60575742993 0.360805296691 0.357874218368 0.826154291613 0.00180600463696
AMR_VOLUME_STAGE 0.3 16 0 40.526275132703915 -8.5543104319275312e-08
AMR_VOLUME_STAGE 0.3 16 1 40.526275132703915 -8.5543104319275312e-08
Q_CLEANUP 0.3 16 0 -0
AMR_VOLUME_STAGE 0.3 16 2 40.526275132703915 -8.5543104319275312e-08
POSTADAPT_REPROJECT 0.3 16 17 5.8283409583e-09 6.50163112345e-12 2.92801997383e-11 2.69372344627e-05 7.32478022226e-08 0.000211192680513 0.00234777327282
AMR_VOLUME_STAGE 0.3 16 3 40.526275132703915 -8.5543104319275312e-08
RUN 0.32 17 40.5262751327 0.334434638721
Q_RUN 0.32 17 40.526275132703915 -8.55431044946e-08 -0 0 1.66533453694e-16 7.57857318567e-17 11
Q_CUTCELL_CFL 0.32 17 0.0629467490631 0.0629467490631 0.100571080938 0 160
SHORE 0.32 17 40.125 0.00017147601925 0.561134391175
Q_MOMENTUM 0.32 17 0.014290374693 1.62533479007 1.57674924885 0.361889090741 0.358786542555 0.813140405902 0.00177718026292
AMR_VOLUME_STAGE 0.32 17 0 40.526275132704711 -8.5543084682439875e-08
AMR_VOLUME_STAGE 0.32 17 1 40.526275132704711 -8.5543084682439875e-08
Q_CLEANUP 0.32 17 4.57533316789e-16 7.32053306862e-15
AMR_VOLUME_STAGE 0.32 17 2 40.526275132704711 -8.5543084682439875e-08
POSTADAPT_REPROJECT 0.32 17 17 5.18959943249e-09 6.21954954806e-12 2.78247147545e-11 2.66809431019e-05 1.89536980139e-08 0.000208840216715 0.00231980041299
AMR_VOLUME_STAGE 0.32 17 3 40.526275132704711 -8.5543084682439875e-08
RUN 0.34 18 40.5262751327 0.334874487816
Q_RUN 0.34 18 40.526275132704711 -8.55430848578e-08 -0 0 1.66533453694e-16 5.22585447138e-17 9
Q_CUTCELL_CFL 0.34 18 0.0650916927721 0.0650916927721 0.104236304931 0 160
SHORE 0.34 18 40.125 0.000175446460419 0.559655749094
Q_MOMENTUM 0.34 18 0.0143808397131 1.58724416913 1.53864510651 0.363029912985 0.35976654071 0.796981391956 0.00173453049496
AMR_VOLUME_STAGE 0.34 18 0 40.526275132705535 -8.5543064344288871e-08
AMR_VOLUME_STAGE 0.34 18 1 40.526275132705535 -8.5543064344288871e-08
Q_CLEANUP 0.34 18 0 -0
AMR_VOLUME_STAGE 0.34 18 2 40.526275132705535 -8.5543064344288871e-08
POSTADAPT_REPROJECT 0.34 18 16 9.95852211675e-09 1.34652079412e-11 5.24964793858e-11 2.64518889639e-05 4.01659064921e-08 0.000206669586572 0.00229176226589
AMR_VOLUME_STAGE 0.34 18 3 40.526275132705535 -8.5543064344288871e-08
RUN 0.36 19 40.5262751327 0.335521383042
Q_RUN 0.36 19 40.526275132705535 -8.55430645196e-08 -0 0 1.64365049349e-16 5.26922255828e-17 9
Q_CUTCELL_CFL 0.36 19 0.0673075480091 0.0673075480091 0.108035136546 0 161
SHORE 0.36 19 40.125 0.000174916304112 0.557858186195
Q_MOMENTUM 0.36 19 0.0138930038124 1.55077237762 1.50888622603 0.363995904342 0.36073353488 0.784948186847 0.00169278356387
AMR_VOLUME_STAGE 0.36 19 0 40.526275132705841 -8.5543056805146697e-08
AMR_VOLUME_STAGE 0.36 19 1 40.526275132705841 -8.5543056805146697e-08
Q_CLEANUP 0.36 19 0 -0
AMR_VOLUME_STAGE 0.36 19 2 40.526275132705841 -8.5543056805146697e-08
POSTADAPT_REPROJECT 0.36 19 16 9.98444624179e-09 1.35052581989e-11 5.31969746032e-11 2.62111552783e-05 1.05099233964e-07 0.000204748301122 0.00226466910479
AMR_VOLUME_STAGE 0.36 19 3 40.526275132705841 -8.5543056805146697e-08
RUN 0.38 20 40.5262751327 0.33614965139
Q_RUN 0.38 20 40.526275132705841 -8.55430569805e-08 -0 0 1.63280847176e-16 5.73034729476e-17 10
Q_CUTCELL_CFL 0.38 20 0.0695950979515 0.0695950979515 0.111873955587 0 161
SHORE 0.38 20 40.125 0.000176075510525 0.555966365695
Q_MOMENTUM 0.38 20 0.0137772696822 1.52050112563 1.4793242819 0.365053193853 0.361754746642 0.794273497558 0.00165835241601
AMR_VOLUME_STAGE 0.38 20 0 40.526275132706147 -8.5543049266004509e-08
AMR_VOLUME_STAGE 0.38 20 1 40.526275132706147 -8.5543049266004509e-08
Q_CLEANUP 0.38 20 0 -0
AMR_VOLUME_STAGE 0.38 20 2 40.526275132706147 -8.5543049266004509e-08
POSTADAPT_REPROJECT 0.38 20 17 4.02108648353e-09 4.60835095579e-12 2.04356115905e-11 2.59922219948e-05 1.4994103306e-08 0.000202645431255 0.00223797319742
AMR_VOLUME_STAGE 0.38 20 3 40.526275132706147 -8.5543049266004509e-08
RUN 0.4 21 40.5262751327 0.336698702924
Q_RUN 0.4 21 40.526275132706147 -8.55430494413e-08 -0 0 1.66533453694e-16 5.08761869439e-17 8
Q_CUTCELL_CFL 0.4 21 0.0718477385118 0.0718477385118 0.115613883878 0 161
SHORE 0.4 21 40.125 0.000181388339292 0.553918900876
Q_MOMENTUM 0.4 21 0.0133295959122 1.49084237345 1.45631215827 0.36603081647 0.362781358728 0.827135697765 0.00162633548823
AMR_VOLUME_STAGE 0.4 21 0 40.526275132706623 -8.5543037518969029e-08
AMR_VOLUME_STAGE 0.4 21 1 40.526275132706623 -8.5543037518969029e-08
RUN 0.42 22 40.5262751327 0.337112589518
Q_RUN 0.42 22 40.526275132706623 -8.55430376943e-08 -0 0 1.66533453694e-16 5.40745833527e-17 7
Q_CUTCELL_CFL 0.42 22 0.0739707566045 0.0739707566045 0.119076443825 0 161
SHORE 0.42 22 40.125 0.454718410189 0.552064897302
Q_MOMENTUM 0.42 22 0.0132011249372 1.46113166864 1.42771333177 0.3670804277 0.363801976197 0.85295710484 0.00159572933263
AMR_VOLUME_STAGE 0.42 22 0 40.526275132408436 -8.5550395371078674e-08
AMR_VOLUME_STAGE 0.42 22 1 40.526275132408436 -8.5550395371078674e-08
Q_CLEANUP 0.42 22 0 -0
AMR_VOLUME_STAGE 0.42 22 2 40.526275132408436 -8.5550395371078674e-08
POSTADAPT_REPROJECT 0.42 22 17 5.77564328481e-09 6.59265580736e-12 2.93362695247e-11 2.64365958315e-05 3.62327958752e-08 0.000206269435806 0.00226908587517
AMR_VOLUME_STAGE 0.42 22 3 40.526275132408436 -8.5550395371078674e-08
RUN 0.44 23 40.5262751324 0.337474229273
Q_RUN 0.44 23 40.526275132408436 -8.55503955464e-08 -0 0 1.65449251521e-16 5.51587855252e-17 7
Q_CUTCELL_CFL 0.44 23 0.0759925047046 0.0759925047046 0.122300534055 0 161
SHORE 0.44 23 40.125 0.00017692908479 0.552403111464
Q_MOMENTUM 0.44 23 0.0130804429036 1.42369839731 1.39671151714 0.368049581208 0.364590854965 0.865423810731 0.00155433345936
AMR_VOLUME_STAGE 0.44 23 0 40.526275132409317 -8.5550373630296577e-08
AMR_VOLUME_STAGE 0.44 23 1 40.526275132409317 -8.5550373630296577e-08
Q_CLEANUP 0.44 23 0 -0
AMR_VOLUME_STAGE 0.44 23 2 40.526275132409317 -8.5550373630296577e-08
POSTADAPT_REPROJECT 0.44 23 16 9.76848896499e-09 1.67088591059e-11 6.92531310076e-11 2.59185399433e-05 3.71885951822e-08 0.000202279377197 0.00221930255088
AMR_VOLUME_STAGE 0.44 23 3 40.526275132409317 -8.5550373630296577e-08
RUN 0.46 24 40.5262751324 0.337557189933
Q_RUN 0.46 24 40.526275132409317 -8.55503738056e-08 -0 0 1.64460764072e-16 7.84420271793e-17 10
Q_CUTCELL_CFL 0.46 24 0.0780097327182 0.0780097327182 0.125473130335 0 161
SHORE 0.46 24 40.125 0.000179904377971 0.552625782227
Q_MOMENTUM 0.46 24 0.012996054901 1.38955266406 1.36266654614 0.368804193052 0.365346653776 0.873772937594 0.00151378143592
AMR_VOLUME_STAGE 0.46 24 0 40.526275132409104 -8.5550378890163206e-08
AMR_VOLUME_STAGE 0.46 24 1 40.526275132409104 -8.5550378890163206e-08
Q_CLEANUP 0.46 24 0 -0
AMR_VOLUME_STAGE 0.46 24 2 40.526275132409104 -8.5550378890163206e-08
POSTADAPT_REPROJECT 0.46 24 16 5.87808911483e-09 1.4432287992e-11 5.83679632404e-11 2.55324623307e-05 4.02426801328e-08 0.000199410125727 0.00218370192905
AMR_VOLUME_STAGE 0.46 24 3 40.526275132409104 -8.5550378890163206e-08
RUN 0.48 25 40.5262751324 0.337773690702
Q_RUN 0.48 25 40.526275132409104 -8.55503790655e-08 -0 0 1.6597780008e-16 6.27482007326e-17 7
Q_CUTCELL_CFL 0.48 25 0.0800507202827 0.0800507202827 0.128618813996 0 161
SHORE 0.48 25 40.125 0.000182476207461 0.552528899336
Q_MOMENTUM 0.48 25 0.0153305637742 1.35419184708 1.33214254579 0.369272270433 0.365968656365 0.873038834633 0.00147129870727
AMR_VOLUME_STAGE 0.48 25 0 40.526275132409694 -8.5550364337865513e-08
AMR_VOLUME_STAGE 0.48 25 1 40.526275132409694 -8.5550364337865513e-08
Q_CLEANUP 0.48 25 0 -0
AMR_VOLUME_STAGE 0.48 25 2 40.526275132409694 -8.5550364337865513e-08
POSTADAPT_REPROJECT 0.48 25 17 4.02344144612e-09 5.39110336102e-12 2.49703591138e-11 2.51937983518e-05 4.1547988819e-08 0.000196396851337 0.00214892885474
AMR_VOLUME_STAGE 0.48 25 3 40.526275132409694 -8.5550364337865513e-08
RUN 0.5 26 40.5262751324 0.338093186135
Q_RUN 0.5 26 40.526275132409694 -8.55503645132e-08 -0 0 1.62372827857e-16 4.59701721134e-17 6
Q_CUTCELL_CFL 0.5 26 0.0821373459192 0.0821373459192 0.131728922844 0 162
SHORE 0.5 26 40.125 0.000185861434027 0.552156806853
Q_MOMENTUM 0.5 26 0.0147682975507 1.32112876697 1.29839355142 0.369893717652 0.366620370224 0.880728325899 0.0014229358605
AMR_VOLUME_STAGE 0.5 26 0 40.526275132410312 -8.5550349084252267e-08
AMR_VOLUME_STAGE 0.5 26 1 40.526275132410312 -8.5550349084252267e-08
RUN 0.52 27 40.5262751324 0.33819397453
Q_RUN 0.52 27 40.526275132410312 -8.55503492596e-08 -0 0 1.66533453694e-16 7.08255069176e-17 7
Q_CUTCELL_CFL 0.52 27 0.0843317334616 0.0843317334616 0.134912016658 0 162
SHORE 0.52 27 40.125 0.468952755769 0.551372699351
Q_MOMENTUM 0.52 27 0.0143676094579 1.28848873852 1.26953156395 0.370718307945 0.367392643814 0.867767440359 0.00137117945907
AMR_VOLUME_STAGE 0.52 27 0 40.526275132165388 -8.5556392671018212e-08
AMR_VOLUME_STAGE 0.52 27 1 40.526275132165388 -8.5556392671018212e-08
Q_CLEANUP 0.52 27 0 -0
AMR_VOLUME_STAGE 0.52 27 2 40.526275132165388 -8.5556392671018212e-08
POSTADAPT_REPROJECT 0.52 27 17 5.02360657001e-09 6.60993775117e-12 3.19649029468e-11 2.53553046124e-05 4.23470311084e-07 0.000197613348381 0.0021491937618
AMR_VOLUME_STAGE 0.52 27 3 40.526275132165388 -8.5556392671018212e-08
RUN 0.54 28 40.5262751322 0.33829328341
Q_RUN 0.54 28 40.526275132165388 -8.55563928463e-08 -0 0 1.66533453694e-16 5.98479599212e-17 6
Q_CUTCELL_CFL 0.54 28 0.0866507352997 0.0866507352997 0.138156218871 0 162
SHORE 0.54 28 40.125 0.000184033836378 0.550049625341
Q_MOMENTUM 0.54 28 0.0133773762426 1.25822150082 1.23808226235 0.372059018087 0.368506110972 0.847544376693 0.00131374578383
AMR_VOLUME_STAGE 0.54 28 0 40.526275132166461 -8.555636619635614e-08
AMR_VOLUME_STAGE 0.54 28 1 40.526275132166461 -8.555636619635614e-08
Q_CLEANUP 0.54 28 0 -0
AMR_VOLUME_STAGE 0.54 28 2 40.526275132166461 -8.555636619635614e-08
POSTADAPT_REPROJECT 0.54 28 17 4.35858312441e-09 5.86219374559e-12 2.7989624507e-11 2.45884792681e-05 1.68074185541e-08 0.000192919942356 0.00209350013239
AMR_VOLUME_STAGE 0.54 28 3 40.526275132166461 -8.555636619635614e-08
RUN 0.56 29 40.5262751322 0.338707625351
Q_RUN 0.56 29 40.526275132166461 -8.55563663717e-08 -0 0 1.66533453694e-16 5.55111512313e-17 4
Q_CUTCELL_CFL 0.56 29 0.089129324983 0.089129324983 0.141466343885 0 162
SHORE 0.56 29 40.125 0.000187260720062 0.548993218864
Q_MOMENTUM 0.56 29 0.0132184535895 1.22878705913 1.21129047812 0.373146800664 0.36951869123 0.819624110482 0.00128245125371
AMR_VOLUME_STAGE 0.56 29 0 40.526275132167264 -8.5556346384191804e-08
AMR_VOLUME_STAGE 0.56 29 1 40.526275132167264 -8.5556346384191804e-08
Q_CLEANUP 0.56 29 0 -0
AMR_VOLUME_STAGE 0.56 29 2 40.526275132167264 -8.5556346384191804e-08
POSTADAPT_REPROJECT 0.56 29 17 4.46057571847e-09 6.02045449089e-12 2.89847590373e-11 2.41032865732e-05 8.8398844623e-10 0.000189905129292 0.00205387142241
AMR_VOLUME_STAGE 0.56 29 3 40.526275132167264 -8.5556346384191804e-08
RUN 0.58 30 40.5262751322 0.339405981404
Q_RUN 0.58 30 40.526275132167264 -8.55563465595e-08 -0 0 1.66032010189e-16 8.00683304381e-17 9
Q_CUTCELL_CFL 0.58 30 0.0917270380482 0.0917270380482 0.145059254877 0 162
SHORE 0.58 30 40.125 0.000192113686205 0.548134091176
Q_MOMENTUM 0.58 30 0.0129166114661 1.20203597811 1.18363173624 0.374325834263 0.370629127951 0.802439335337 0.00127991764724
AMR_VOLUME_STAGE 0.58 30 0 40.526275132168152 -8.5556324468080809e-08
AMR_VOLUME_STAGE 0.58 30 1 40.526275132168152 -8.5556324468080809e-08
Q_CLEANUP 0.58 30 0 -0
AMR_VOLUME_STAGE 0.58 30 2 40.526275132168152 -8.5556324468080809e-08
POSTADAPT_REPROJECT 0.58 30 17 4.57444952274e-09 6.1912068507e-12 3.006764282e-11 2.36647575152e-05 6.81330853214e-09 0.000187453798914 0.00202072056355
AMR_VOLUME_STAGE 0.58 30 3 40.526275132168152 -8.5556324468080809e-08
RUN 0.6 31 40.5262751322 0.34004578483
Q_RUN 0.6 31 40.526275132168152 -8.55563246434e-08 -0 0 1.57426155445e-16 3.53720958773e-17 4
Q_CUTCELL_CFL 0.6 31 0.0944359844238 0.0944359844238 0.148852801378 0 162
SHORE 0.6 31 40.125 0.000195369739232 0.546771131198
Q_MOMENTUM 0.6 31 0.0126049709974 1.17461623448 1.16203460268 0.375314960537 0.371590695501 0.83707613126 0.00127703597021
AMR_VOLUME_STAGE 0.6 31 0 40.52627513216909 -8.5556301324667605e-08
AMR_VOLUME_STAGE 0.6 31 1 40.52627513216909 -8.5556301324667605e-08
Q_CLEANUP 0.6 31 0 -0
AMR_VOLUME_STAGE 0.6 31 2 40.52627513216909 -8.5556301324667605e-08
POSTADAPT_REPROJECT 0.6 31 17 4.62110316699e-09 6.28061744519e-12 3.0679736529e-11 2.32192824683e-05 1.23530825442e-09 0.00018512800783 0.00199087750115
AMR_VOLUME_STAGE 0.6 31 3 40.52627513216909 -8.5556301324667605e-08
RUN 0.62 32 40.5262751322 0.340561589497
Q_RUN 0.62 32 40.52627513216909 -8.55563015e-08 -0 0 1.64798730218e-16 8.45677694539e-18 3
Q_CUTCELL_CFL 0.62 32 0.0971149534137 0.0971149534137 0.15240044397 0 162
SHORE 0.62 32 40.125 0.000192183530995 0.54532645067
Q_MOMENTUM 0.62 32 0.0124138247702 1.15834208168 1.15073759497 0.376381252498 0.372637124947 0.863913559919 0.00127216232247
AMR_VOLUME_STAGE 0.62 32 0 40.526275132170156 -8.5556275025334431e-08
AMR_VOLUME_STAGE 0.62 32 1 40.526275132170156 -8.5556275025334431e-08
Q_CLEANUP 0.62 32 0 -0
AMR_VOLUME_STAGE 0.62 32 2 40.526275132170156 -8.5556275025334431e-08
POSTADAPT_REPROJECT 0.62 32 17 4.70820251925e-09 6.43493019435e-12 3.15819037588e-11 2.28205986549e-05 1.73782009336e-08 0.000183489206077 0.00196391450573
AMR_VOLUME_STAGE 0.62 32 3 40.526275132170156 -8.5556275025334431e-08
RUN 0.64 33 40.5262751322 0.341077734915
Q_RUN 0.64 33 40.526275132170156 -8.55562752007e-08 -0 0 1.66533453694e-16 3.52094655515e-17 6
Q_CUTCELL_CFL 0.64 33 0.0996109683839 0.0996109683839 0.155960813393 0 161
SHORE 0.64 33 40.125 0.000187775887055 0.543733994356
Q_MOMENTUM 0.64 33 0.0121215690315 1.14564947466 1.13971357543 0.37733174699 0.373689618957 0.880684693526 0.00126620356868
AMR_VOLUME_STAGE 0.64 33 0 40.526275132171151 -8.5556250479290121e-08
AMR_VOLUME_STAGE 0.64 33 1 40.526275132171151 -8.5556250479290121e-08
Q_CLEANUP 0.64 33 0 -0
AMR_VOLUME_STAGE 0.64 33 2 40.526275132171151 -8.5556250479290121e-08
POSTADAPT_REPROJECT 0.64 33 17 5.66330262612e-09 8.12355161478e-12 6.04597483189e-11 2.24704561985e-05 1.22535585902e-08 0.000181433125674 0.00193944376605
AMR_VOLUME_STAGE 0.64 33 3 40.526275132171151 -8.5556250479290121e-08
RUN 0.66 34 40.5262751322 0.341471580417
Q_RUN 0.66 34 40.526275132171151 -8.55562506546e-08 -0 0 1.61788375123e-16 2.2144829373e-17 4
Q_CUTCELL_CFL 0.66 34 0.101960208759 0.101960208759 0.159568816542 0 161
SHORE 0.66 34 40.125 0.000184735513155 0.542123140122
Q_MOMENTUM 0.66 34 0.0119944462323 1.1286029888 1.12366890844 0.378221283842 0.374585662041 0.891159530309 0.00125655669919
AMR_VOLUME_STAGE 0.66 34 0 40.526275132172842 -8.5556208751014803e-08
AMR_VOLUME_STAGE 0.66 34 1 40.526275132172842 -8.5556208751014803e-08
Q_CLEANUP 0.66 34 0 -0
AMR_VOLUME_STAGE 0.66 34 2 40.526275132172842 -8.5556208751014803e-08
POSTADAPT_REPROJECT 0.66 34 17 5.71799111922e-09 8.15774438663e-12 6.01586558346e-11 2.21228526958e-05 4.83506462008e-08 0.000179573418544 0.00191633581582
AMR_VOLUME_STAGE 0.66 34 3 40.526275132172842 -8.5556208751014803e-08
RUN 0.68 35 40.5262751322 0.34190697862
Q_RUN 0.68 35 40.526275132172842 -8.55562089263e-08 -0 0 1.63389267394e-16 6.02816407902e-17 6
Q_CUTCELL_CFL 0.68 35 0.104218476106 0.104218476106 0.16296322948 0 161
SHORE 0.68 35 40.125 0.000181695233872 0.540429824384
Q_MOMENTUM 0.68 35 0.0121654475716 1.11913129974 1.1080646472 0.378877501181 0.375385247123 0.891713451388 0.00124581775911
AMR_VOLUME_STAGE 0.68 35 0 40.526275132174405 -8.5556170178659468e-08
AMR_VOLUME_STAGE 0.68 35 1 40.526275132174405 -8.5556170178659468e-08
Q_CLEANUP 0.68 35 0 -0
AMR_VOLUME_STAGE 0.68 35 2 40.526275132174405 -8.5556170178659468e-08
POSTADAPT_REPROJECT 0.68 35 17 5.74159457024e-09 8.16766026233e-12 5.97646376832e-11 2.1769967614e-05 3.18400732822e-08 0.000177672423841 0.00189124586386
AMR_VOLUME_STAGE 0.68 35 3 40.526275132174405 -8.5556170178659468e-08
RUN 0.7 36 40.5262751322 0.342457296792
Q_RUN 0.7 36 40.526275132174405 -8.5556170354e-08 -0 0 1.66425033477e-16 3.52365706058e-17 5
Q_CUTCELL_CFL 0.7 36 0.106370408133 0.106370408133 0.166099734143 0 161
SHORE 0.7 36 40.125 0.00017865101201 0.53880945497
Q_MOMENTUM 0.7 36 0.0128864415883 1.12270075298 1.09082240341 0.379638359409 0.376176690539 0.894187696806 0.00123345211106
AMR_VOLUME_STAGE 0.7 36 0 40.526275132176039 -8.5556129853015243e-08
AMR_VOLUME_STAGE 0.7 36 1 40.526275132176039 -8.5556129853015243e-08
Q_CLEANUP 0.7 36 0 -0
AMR_VOLUME_STAGE 0.7 36 2 40.526275132176039 -8.5556129853015243e-08
POSTADAPT_REPROJECT 0.7 36 17 5.89081016868e-09 8.2167848255e-12 5.99640337384e-11 2.15449091179e-05 6.88854787033e-08 0.000176301809909 0.00187957058307
AMR_VOLUME_STAGE 0.7 36 3 40.526275132176039 -8.5556129853015243e-08
RUN 0.72 37 40.5262751322 0.343175404271
Q_RUN 0.72 37 40.526275132176039 -8.55561300283e-08 -0 0 1.66411480949e-16 6.59194920871e-17 7
Q_CUTCELL_CFL 0.72 37 0.108292405159 0.108292405159 0.168801997152 0 161
SHORE 0.72 37 40.125 0.00017667141599 0.539378496138
Q_MOMENTUM 0.72 37 0.0130886327931 1.12345999615 1.08918435953 0.380274631306 0.376923691481 0.889519883385 0.00122066760542
AMR_VOLUME_STAGE 0.72 37 0 40.526275132177659 -8.5556089878028802e-08
AMR_VOLUME_STAGE 0.72 37 1 40.526275132177659 -8.5556089878028802e-08
Q_CLEANUP 0.72 37 0 -0
AMR_VOLUME_STAGE 0.72 37 2 40.526275132177659 -8.5556089878028802e-08
POSTADAPT_REPROJECT 0.72 37 17 5.8438517632e-09 8.65891319404e-12 6.05065997306e-11 2.79170554229e-05 5.18989581678e-08 0.000207994635722 0.00254543529695
AMR_VOLUME_STAGE 0.72 37 3 40.526275132177659 -8.5556089878028802e-08
RUN 0.74 38 40.5262751322 0.343144836685
Q_RUN 0.74 38 40.526275132177659 -8.55560900534e-08 -0 0 1.66533453694e-16 5.37764277553e-17 10
Q_CUTCELL_CFL 0.74 38 0.110062211284 0.110062211284 0.171238160834 0 161
SHORE 0.74 38 40.125 0.000172589434733 0.539124440842
Q_MOMENTUM 0.74 38 0.0137260684309 1.12803974145 1.09113324294 0.380931367582 0.377456524535 0.87098006938 0.00121966619775
AMR_VOLUME_STAGE 0.74 38 0 40.526275132179521 -8.5556043941860177e-08
AMR_VOLUME_STAGE 0.74 38 1 40.526275132179521 -8.5556043941860177e-08
Q_CLEANUP 0.74 38 0 -0
AMR_VOLUME_STAGE 0.74 38 2 40.526275132179521 -8.5556043941860177e-08
POSTADAPT_REPROJECT 0.74 38 17 5.93648931838e-09 8.80375005905e-12 6.1315397204e-11 1.35249007546e-05 3.19718292715e-08 0.000151258597236 0.00181955861242
AMR_VOLUME_STAGE 0.74 38 3 40.526275132179521 -8.5556043941860177e-08
RUN 0.76 39 40.5262751322 0.343161749337
Q_RUN 0.76 39 40.526275132179521 -8.55560441172e-08 -0 0 1.62196645004e-16 3.22008045228e-17 5
Q_CUTCELL_CFL 0.76 39 0.111795715083 0.111795715083 0.1732810514 0 161
SHORE 0.76 39 40.125 0.000169521618014 0.538482581665
Q_MOMENTUM 0.76 39 0.0123256262124 1.12967708555 1.09654042857 0.381710490058 0.378108742878 0.839918586332 0.00122401754297
AMR_VOLUME_STAGE 0.76 39 0 40.52627513218151 -8.5555994849771557e-08
AMR_VOLUME_STAGE 0.76 39 1 40.52627513218151 -8.5555994849771557e-08
Q_CLEANUP 0.76 39 0 -0
AMR_VOLUME_STAGE 0.76 39 2 40.52627513218151 -8.5555994849771557e-08
POSTADAPT_REPROJECT 0.76 39 16 8.27131878442e-09 2.10577273765e-11 1.41285982913e-10 1.33172969637e-05 3.9439918351e-08 0.000151256824334 0.00181253569976
AMR_VOLUME_STAGE 0.76 39 3 40.52627513218151 -8.5555994849771557e-08
RUN 0.78 40 40.5262751322 0.343641610651
Q_RUN 0.78 40 40.52627513218151 -8.55559950251e-08 -0 0 1.65622046243e-16 3.80012861456e-17 7
Q_CUTCELL_CFL 0.78 40 0.112967533523 0.112967533523 0.17432853658 0 161
SHORE 0.78 40 40.125 0.000166558419489 0.537869812167
Q_MOMENTUM 0.78 40 0.0121433856682 1.12708463203 1.09231953693 0.383116929586 0.379383029995 0.816841487796 0.00122118447354
AMR_VOLUME_STAGE 0.78 40 0 40.526275132178846 -8.5556060598104517e-08
AMR_VOLUME_STAGE 0.78 40 1 40.526275132178846 -8.5556060598104517e-08
Q_CLEANUP 0.78 40 0 -0
AMR_VOLUME_STAGE 0.78 40 2 40.526275132178846 -8.5556060598104517e-08
POSTADAPT_REPROJECT 0.78 40 16 4.60105694236e-09 1.61702500488e-11 9.76101421912e-11 1.31466260567e-05 5.01978095094e-08 0.000150627256706 0.00178343341549
AMR_VOLUME_STAGE 0.78 40 3 40.526275132178846 -8.5556060598104517e-08
RUN 0.8 41 40.5262751322 0.344364688593
Q_RUN 0.8 41 40.526275132178846 -8.55560607734e-08 -0 0 1.66533453694e-16 4.11996825544e-17 6
Q_CUTCELL_CFL 0.8 41 0.113781122128 0.113781122128 0.174824013469 0 161
SHORE 0.8 41 40.125 0.000163082196869 0.537380459418
Q_MOMENTUM 0.8 41 0.0122308023093 1.12130110159 1.09017231309 0.384459635277 0.380670620566 0.855133924281 0.0012190242099
AMR_VOLUME_STAGE 0.8 41 0 40.526275132178029 -8.5556080760926636e-08
AMR_VOLUME_STAGE 0.8 41 1 40.526275132178029 -8.5556080760926636e-08
Q_CLEANUP 0.8 41 0 -0
AMR_VOLUME_STAGE 0.8 41 2 40.526275132178029 -8.5556080760926636e-08
POSTADAPT_REPROJECT 0.8 41 17 3.70382926587e-09 6.42434576014e-12 4.31661373312e-11 1.31090371681e-05 2.59606677989e-08 0.000150475331539 0.0017635937548
AMR_VOLUME_STAGE 0.8 41 3 40.526275132178029 -8.5556080760926636e-08
RUN 0.82 42 40.5262751322 0.345133059966
Q_RUN 0.82 42 40.526275132178029 -8.55560809363e-08 -0 0 1.62982691579e-16 4.70543742859e-17 7
Q_CUTCELL_CFL 0.82 42 0.114395220282 0.114395220282 0.175024227929 0 160
SHORE 0.82 42 40.125 0.000158656201901 0.537104832953
Q_MOMENTUM 0.82 42 0.0118891023311 1.11422383452 1.08216254958 0.385766186571 0.381956738649 0.885201761048 0.00121218030569
AMR_VOLUME_STAGE 0.82 42 0 40.526275132179229 -8.5556051130344581e-08
AMR_VOLUME_STAGE 0.82 42 1 40.526275132179229 -8.5556051130344581e-08
RUN 0.84 43 40.5262751322 0.345874843106
Q_RUN 0.84 43 40.526275132179229 -8.55560513057e-08 -0 0 1.65330666909e-16 5.35053772122e-17 7
Q_CUTCELL_CFL 0.84 43 0.11492892065 0.11492892065 0.175131260799 0 160
SHORE 0.84 43 40.125 0.457808812508 0.536391911689
Q_MOMENTUM 0.84 43 0.0118650693342 1.10186786786 1.08113897952 0.386949930242 0.383236040366 0.904081844387 0.00120452190867
AMR_VOLUME_STAGE 0.84 43 0 40.526275132192325 -8.5555727999204181e-08
AMR_VOLUME_STAGE 0.84 43 1 40.526275132192325 -8.5555727999204181e-08
Q_CLEANUP 0.84 43 0 -0
AMR_VOLUME_STAGE 0.84 43 2 40.526275132192325 -8.5555727999204181e-08
POSTADAPT_REPROJECT 0.84 43 17 7.21781145914e-09 1.25859211704e-11 8.49360581867e-11 1.33521340319e-05 2.79546587313e-07 0.000156368932545 0.0018062501481
AMR_VOLUME_STAGE 0.84 43 3 40.526275132192325 -8.5555727999204181e-08
RUN 0.86 44 40.5262751322 0.346567311959
Q_RUN 0.86 44 40.526275132192325 -8.55557281745e-08 -0 0 1.63064006742e-16 3.29597460436e-17 4
Q_CUTCELL_CFL 0.86 44 0.115424220761 0.115424220761 0.175017881528 0 160
SHORE 0.86 44 40.125 0.000155150924123 0.535559757189
Q_MOMENTUM 0.86 44 0.0116912203185 1.08949741835 1.07699900804 0.38815255455 0.384407047851 0.915382017382 0.00119337506028
AMR_VOLUME_STAGE 0.86 44 0 40.526275132195494 -8.5555649802520174e-08
AMR_VOLUME_STAGE 0.86 44 1 40.526275132195494 -8.5555649802520174e-08
Q_CLEANUP 0.86 44 0 -0
AMR_VOLUME_STAGE 0.86 44 2 40.526275132195494 -8.5555649802520174e-08
POSTADAPT_REPROJECT 0.86 44 17 7.56088962164e-09 1.78279331892e-11 8.93859430917e-11 1.85996232115e-06 1.00245746733e-07 0.000144094966801 0.00176780058998
AMR_VOLUME_STAGE 0.86 44 3 40.526275132195494 -8.5555649802520174e-08
RUN 0.88 45 40.5262751322 0.347341079825
Q_RUN 0.88 45 40.526275132195494 -8.55556499778e-08 -0 0 1.63064006742e-16 1.04083408559e-17 2
Q_CUTCELL_CFL 0.88 45 0.115917434504 0.115917434504 0.174842134014 0 160
SHORE 0.88 45 40.125 0.000152987996056 0.534515996207
Q_MOMENTUM 0.88 45 0.011553453218 1.0837372984 1.07186881173 0.38909426853 0.385472440131 0.915631836389 0.0011834987126
AMR_VOLUME_STAGE 0.88 45 0 40.526275132200325 -8.5555530578876402e-08
AMR_VOLUME_STAGE 0.88 45 1 40.526275132200325 -8.5555530578876402e-08
Q_CLEANUP 0.88 45 0 -0
AMR_VOLUME_STAGE 0.88 45 2 40.526275132200325 -8.5555530578876402e-08
POSTADAPT_REPROJECT 0.88 45 17 8.0884482623e-09 2.02181277289e-11 9.62613322386e-11 1.52902754973e-06 1.47687447629e-07 0.000151749072297 0.00173606925194
AMR_VOLUME_STAGE 0.88 45 3 40.526275132200325 -8.5555530578876402e-08
RUN 0.9 46 40.5262751322 0.348140029402
Q_RUN 0.9 46 40.526275132200325 -8.55555307542e-08 -0 0 1.62576115764e-16 7.1123662515e-17 6
Q_CUTCELL_CFL 0.9 46 0.116418666284 0.116418666284 0.174585197466 0 160
SHORE 0.9 46 40.125 0.000153089110562 0.533373987918
Q_MOMENTUM 0.9 46 0.0131917993314 1.08656801159 1.06465858941 0.390046901115 0.386426618169 0.910149511383 0.0011701893321
AMR_VOLUME_STAGE 0.9 46 0 40.526275132206038 -8.555538961445052e-08
AMR_VOLUME_STAGE 0.9 46 1 40.526275132206038 -8.555538961445052e-08
RUN 0.92 47 40.5262751322 0.349024757665
Q_RUN 0.92 47 40.526275132206038 -8.55553897898e-08 -0 0 1.65164648451e-16 4.68375338514e-17 4
Q_CUTCELL_CFL 0.92 47 0.116934402603 0.116934402603 0.174280692959 0 160
SHORE 0.92 47 40.125 0.458579546018 0.531997622941
Q_MOMENTUM 0.92 47 0.0124448712044 1.08954749395 1.05940037663 0.390836064799 0.387345938036 0.902547482041 0.0011556238052
AMR_VOLUME_STAGE 0.92 47 0 40.52627513221973 -8.5555051755683541e-08
AMR_VOLUME_STAGE 0.92 47 1 40.52627513221973 -8.5555051755683541e-08
Q_CLEANUP 0.92 47 0 -0
AMR_VOLUME_STAGE 0.92 47 2 40.52627513221973 -8.5555051755683541e-08
POSTADAPT_REPROJECT 0.92 47 17 5.89983555348e-09 1.89580679216e-11 8.20133766672e-11 5.40409229262e-05 2.90304560228e-07 0.000389071009784 0.00599337837591
AMR_VOLUME_STAGE 0.92 47 3 40.52627513221973 -8.5555051755683541e-08
RUN 0.94 48 40.5262751322 0.34975391111
Q_RUN 0.94 48 40.52627513221973 -8.5555051931e-08 -0 0 1.64886821644e-16 2.94902990916e-17 3
Q_CUTCELL_CFL 0.94 48 0.117368575684 0.117368575684 0.173752573724 0 160
SHORE 0.94 48 40.125 0.000134231989881 0.530776637335
Q_MOMENTUM 0.94 48 0.0161297783204 1.09032469432 1.04667473297 0.39170756581 0.388214660388 0.891386473985 0.00114621820366
AMR_VOLUME_STAGE 0.94 48 0 40.52627513222523 -8.5554916051124302e-08
AMR_VOLUME_STAGE 0.94 48 1 40.52627513222523 -8.5554916051124302e-08
Q_CLEANUP 0.94 48 0 -0
AMR_VOLUME_STAGE 0.94 48 2 40.52627513222523 -8.5554916051124302e-08
POSTADAPT_REPROJECT 0.94 48 18 4.08355971352e-09 1.77143451799e-11 8.28773303783e-11 4.77753657041e-05 4.22224818402e-08 0.000314051424484 0.00458592603261
AMR_VOLUME_STAGE 0.94 48 3 40.52627513222523 -8.5554916051124302e-08
RUN 0.96 49 40.5262751322 0.349718000872
Q_RUN 0.96 49 40.52627513222523 -8.55549162265e-08 -0 0 1.66533453694e-16 4.16333634234e-17 4
Q_CUTCELL_CFL 0.96 49 0.117816210761 0.117816210761 0.173272553476 0 160
SHORE 0.96 49 40.125 0.000134959896047 0.528702983549
Q_MOMENTUM 0.96 49 0.0121084656184 1.10272963959 1.08250440293 0.392413840581 0.388786048555 0.856856785208 0.00116443218647
AMR_VOLUME_STAGE 0.96 49 0 40.526275132219574 -8.5555055612919078e-08
AMR_VOLUME_STAGE 0.96 49 1 40.526275132219574 -8.5555055612919078e-08
Q_CLEANUP 0.96 49 0 -0
AMR_VOLUME_STAGE 0.96 49 2 40.526275132219574 -8.5555055612919078e-08
POSTADAPT_REPROJECT 0.96 49 18 4.47547699952e-09 1.94099928813e-11 9.091906595e-11 4.70485589532e-05 8.52071327203e-08 0.000306911945478 0.00444590231142
AMR_VOLUME_STAGE 0.96 49 3 40.526275132219574 -8.5555055612919078e-08
RUN 0.98 50 40.5262751322 0.349491181127
Q_RUN 0.98 50 40.526275132219574 -8.55550557882e-08 -0 0 1.66533453694e-16 3.77302356025e-17 3
Q_CUTCELL_CFL 0.98 50 0.117978279448 0.117978279448 0.175418499277 0 159
SHORE 0.98 50 40.125 0.000133272267718 0.527910386949
Q_MOMENTUM 0.98 50 0.0129355196423 1.10587598593 1.10073119559 0.39329776595 0.389396438611 0.850216088225 0.00114060564245
AMR_VOLUME_STAGE 0.98 50 0 40.526275132213463 -8.5555206395762665e-08
AMR_VOLUME_STAGE 0.98 50 1 40.526275132213463 -8.5555206395762665e-08
Q_CLEANUP 0.98 50 0 -0
AMR_VOLUME_STAGE 0.98 50 2 40.526275132213463 -8.5555206395762665e-08
POSTADAPT_REPROJECT 0.98 50 18 4.60862174822e-09 1.99445685785e-11 9.3635645407e-11 4.66215166834e-05 9.79061128972e-08 0.000301819599823 0.00436308374877
AMR_VOLUME_STAGE 0.98 50 3 40.526275132213463 -8.5555206395762665e-08
RUN 1 51 40.5262751322 0.349279847225
Q_RUN 1 51 40.526275132213463 -8.55552065711e-08 -0 0 1.63064006742e-16 2.08166817117e-17 2
Q_CUTCELL_CFL 1 51 0.117480061738 0.117480061738 0.178203836914 0 161
SHORE 1 51 40.125 0.00013310149761 0.526662935295
Q_MOMENTUM 1 51 0.0126430047612 1.13707966154 1.12850688595 0.394470733528 0.390350143592 0.872792464008 0.00111506331466
AMR_VOLUME_STAGE 1 51 0 40.526275132207068 -8.5555364191761785e-08
AMR_VOLUME_STAGE 1 51 1 40.526275132207068 -8.5555364191761785e-08
RUN 1.02 52 40.5262751322 0.349719869345
Q_RUN 1.02 52 40.526275132207068 -8.55553643671e-08 -0 0 1.65666091956e-16 3.46944695195e-17 3
Q_CUTCELL_CFL 1.02 52 0.115854066038 0.115854066038 0.178842436535 0 162
SHORE 1.02 52 40.125 0.449095665964 0.526611335951
Q_MOMENTUM 1.02 52 0.012382924002 1.13471740335 1.12976747932 0.395624214541 0.391446701852 0.905767680523 0.00108662987536
AMR_VOLUME_STAGE 1.02 52 0 40.526275131965946 -8.5561313977572694e-08
AMR_VOLUME_STAGE 1.02 52 1 40.526275131965946 -8.5561313977572694e-08
Q_CLEANUP 1.02 52 0 -0
AMR_VOLUME_STAGE 1.02 52 2 40.526275131965946 -8.5561313977572694e-08
POSTADAPT_REPROJECT 1.02 52 18 4.36524787628e-09 1.82901940327e-11 8.88615359139e-11 4.92382969563e-05 9.68066729705e-08 0.00032028375503 0.0044555012764
AMR_VOLUME_STAGE 1.02 52 3 40.526275131965946 -8.5561313977572694e-08
RUN 1.04 53 40.526275132 0.350277637152
Q_RUN 1.04 53 40.526275131965946 -8.55613141529e-08 -0 0 1.66533453694e-16 6.93889390391e-18 1
Q_CUTCELL_CFL 1.04 53 0.115761495095 0.115761495095 0.181770672501 0 163
SHORE 1.04 53 40.125 0.000132657055492 0.525908949715
Q_MOMENTUM 1.04 53 0.0123520269417 1.13037288157 1.12680765377 0.396526038288 0.392485097371 0.926290825548 0.00110283011805
AMR_VOLUME_STAGE 1.04 53 0 40.526275131960624 -8.5561445298909729e-08
AMR_VOLUME_STAGE 1.04 53 1 40.526275131960624 -8.5561445298909729e-08
Q_CLEANUP 1.04 53 0 -0
AMR_VOLUME_STAGE 1.04 53 2 40.526275131960624 -8.5561445298909729e-08
POSTADAPT_REPROJECT 1.04 53 18 4.93201103514e-09 2.13097076387e-11 1.00400878366e-10 4.88875785707e-05 1.12510922733e-07 0.00030352949368 0.00437903830615
AMR_VOLUME_STAGE 1.04 53 3 40.526275131960624 -8.5561445298909729e-08
RUN 1.06 54 40.526275132 0.35088869963
Q_RUN 1.06 54 40.526275131960624 -8.55614454742e-08 -0 0 1.65015570652e-16 2.16840434497e-17 3
Q_CUTCELL_CFL 1.06 54 0.115779896039 0.115779896039 0.184751627451 0 163
SHORE 1.06 54 40.125 0.000135625517974 0.525104961183
Q_MOMENTUM 1.06 54 0.0121096993547 1.12359645134 1.1216348543 0.397526220084 0.393477135972 0.93900545641 0.0011109895325
AMR_VOLUME_STAGE 1.06 54 0 40.526275131953973 -8.5561609406748814e-08
AMR_VOLUME_STAGE 1.06 54 1 40.526275131953973 -8.5561609406748814e-08
Q_CLEANUP 1.06 54 0 -0
AMR_VOLUME_STAGE 1.06 54 2 40.526275131953973 -8.5561609406748814e-08
POSTADAPT_REPROJECT 1.06 54 18 5.20146732825e-09 2.25244493496e-11 1.05897484141e-10 4.87257283613e-05 1.27764501432e-07 0.000301014950757 0.00433715959481
AMR_VOLUME_STAGE 1.06 54 3 40.526275131953973 -8.5561609406748814e-08
RUN 1.08 55 40.526275132 0.351644988598
Q_RUN 1.08 55 40.526275131953973 -8.55616095821e-08 -0 0 1.66533453694e-16 2.77555756156e-17 2
Q_CUTCELL_CFL 1.08 55 0.115827988982 0.115827988982 0.18771966248 0 163
SHORE 1.08 55 40.125 0.000138454780797 0.52403259671
Q_MOMENTUM 1.08 55 0.0119330857272 1.11737746465 1.116052666 0.398288613201 0.39440425647 0.939562987114 0.00111494897305
AMR_VOLUME_STAGE 1.08 55 0 40.526275131946825 -8.5561785787610035e-08
AMR_VOLUME_STAGE 1.08 55 1 40.526275131946825 -8.5561785787610035e-08
Q_CLEANUP 1.08 55 0 -0
AMR_VOLUME_STAGE 1.08 55 2 40.526275131946825 -8.5561785787610035e-08
POSTADAPT_REPROJECT 1.08 55 18 5.5290778658e-09 2.39819560197e-11 1.12585646643e-10 4.8738381881e-05 1.31235490179e-07 0.000299716346323 0.00431103585768
AMR_VOLUME_STAGE 1.08 55 3 40.526275131946825 -8.5561785787610035e-08
RUN 1.1 56 40.5262751319 0.352438675253
Q_RUN 1.1 56 40.526275131946825 -8.55617859629e-08 -0 0 1.64798730218e-16 2.94902990916e-17 3
Q_CUTCELL_CFL 1.1 56 0.115916125668 0.115916125668 0.190637643615 0 163
SHORE 1.1 56 40.125 0.000141005059231 0.522860416081
Q_MOMENTUM 1.1 56 0.0119332206553 1.1105612358 1.10828913737 0.399113288262 0.395237814688 0.933643806327 0.00111270960532
AMR_VOLUME_STAGE 1.1 56 0 40.526275131939258 -8.5561972512875657e-08
AMR_VOLUME_STAGE 1.1 56 1 40.526275131939258 -8.5561972512875657e-08
Q_CLEANUP 1.1 56 0 -0
AMR_VOLUME_STAGE 1.1 56 2 40.526275131939258 -8.5561972512875657e-08
POSTADAPT_REPROJECT 1.1 56 18 4.18438822925e-09 1.80634901957e-11 8.52203006513e-11 4.87520088241e-05 1.35546232542e-07 0.000297985060513 0.0042798768678
AMR_VOLUME_STAGE 1.1 56 3 40.526275131939258 -8.5561972512875657e-08
RUN 1.12 57 40.5262751319 0.353591196969
Q_RUN 1.12 57 40.526275131939258 -8.55619726882e-08 -0 0 1.66533453694e-16 0 0
Q_CUTCELL_CFL 1.12 57 0.116050407732 0.116050407732 0.193484175703 0 163
SHORE 1.12 57 40.125 0.000141854822097 0.521640717068
Q_MOMENTUM 1.12 57 0.015032637557 1.09941794253 1.12248685754 0.399795516053 0.396119189622 0.92113404339 0.00110898103905
AMR_VOLUME_STAGE 1.12 57 0 40.526275131933559 -8.5562113126643742e-08
AMR_VOLUME_STAGE 1.12 57 1 40.526275131933559 -8.5562113126643742e-08
Q_CLEANUP 1.12 57 0 -0
AMR_VOLUME_STAGE 1.12 57 2 40.526275131933559 -8.5562113126643742e-08
POSTADAPT_REPROJECT 1.12 57 18 5.80255799437e-09 2.36492602629e-11 1.07663060867e-10 4.88909123058e-05 1.3664634206e-07 0.000296497944293 0.00425870054398
AMR_VOLUME_STAGE 1.12 57 3 40.526275131933559 -8.5562113126643742e-08
RUN 1.14 58 40.5262751319 0.354554017354
Q_RUN 1.14 58 40.526275131933559 -8.5562113302e-08 -0 0 1.66533453694e-16 2.77555756156e-17 2
Q_CUTCELL_CFL 1.14 58 0.116201239297 0.116201239297 0.196133989219 0 163
SHORE 1.14 58 40.125 0.000145492658998 0.520448933727
Q_MOMENTUM 1.14 58 0.0160704643391 1.10010275765 1.10214485862 0.400672697366 0.397012426527 0.909128753609 0.00120843059617
AMR_VOLUME_STAGE 1.14 58 0 40.526275131925921 -8.556230160519824e-08
AMR_VOLUME_STAGE 1.14 58 1 40.526275131925921 -8.556230160519824e-08
Q_CLEANUP 1.14 58 0 -0
AMR_VOLUME_STAGE 1.14 58 2 40.526275131925921 -8.556230160519824e-08
POSTADAPT_REPROJECT 1.14 58 18 5.76127738718e-09 2.47545933661e-11 1.12709077856e-10 4.92966955555e-05 1.35802463445e-07 0.000295415497209 0.00423717819574
AMR_VOLUME_STAGE 1.14 58 3 40.526275131925921 -8.556230160519824e-08
RUN 1.16 59 40.5262751319 0.354673559144
Q_RUN 1.16 59 40.526275131925921 -8.55623017805e-08 -0 0 1.66533453694e-16 1.73540110233e-17 3
Q_CUTCELL_CFL 1.16 59 0.116301624305 0.116301624305 0.198533482666 0 162
SHORE 1.16 59 40.125 0.000149027785157 0.518527643918
Q_MOMENTUM 1.16 59 0.0122867199668 1.1435298698 1.13495484789 0.401624871406 0.397817634777 0.872725041755 0.00123080018946
AMR_VOLUME_STAGE 1.16 59 0 40.526275131917643 -8.5562505863352653e-08
AMR_VOLUME_STAGE 1.16 59 1 40.526275131917643 -8.5562505863352653e-08
Q_CLEANUP 1.16 59 0 -0
AMR_VOLUME_STAGE 1.16 59 2 40.526275131917643 -8.5562505863352653e-08
POSTADAPT_REPROJECT 1.16 59 18 6.42208386486e-09 2.73167962066e-11 1.24136375224e-10 4.71814273316e-05 1.24654969843e-07 0.000295428484594 0.00423231882739
AMR_VOLUME_STAGE 1.16 59 3 40.526275131917643 -8.5562505863352653e-08
RUN 1.18 60 40.5262751319 0.354769477908
Q_RUN 1.18 60 40.526275131917643 -8.55625060387e-08 -0 0 1.63064006742e-16 4.16333634234e-17 3
Q_CUTCELL_CFL 1.18 60 0.114518045634 0.114518045634 0.197732311594 0 162
SHORE 1.18 60 40.125 0.000149755190156 0.517287278931
Q_MOMENTUM 1.18 60 0.012634300246 1.15351713705 1.14856806841 0.402642511488 0.39859757214 0.873130684683 0.00120139503862
AMR_VOLUME_STAGE 1.18 60 0 40.526275131908342 -8.5562735368866915e-08
AMR_VOLUME_STAGE 1.18 60 1 40.526275131908342 -8.5562735368866915e-08
Q_CLEANUP 1.18 60 0 -0
AMR_VOLUME_STAGE 1.18 60 2 40.526275131908342 -8.5562735368866915e-08
POSTADAPT_REPROJECT 1.18 60 18 6.37891851818e-09 2.79919309484e-11 1.29405843029e-10 4.73496546631e-05 1.30160184524e-07 0.000295612153814 0.00422977305291
AMR_VOLUME_STAGE 1.18 60 3 40.526275131908342 -8.5562735368866915e-08
RUN 1.2 61 40.5262751319 0.354489912623
Q_RUN 1.2 61 40.526275131908342 -8.55627355442e-08 -0 0 1.66533453694e-16 5.55111512313e-17 4
Q_CUTCELL_CFL 1.2 61 0.112808663561 0.112808663561 0.196689017321 0 162
SHORE 1.2 61 40.125 0.000149588417308 0.51615246451
Q_MOMENTUM 1.2 61 0.0126394081747 1.17054887107 1.16269879193 0.403837590529 0.399600115884 0.887813478056 0.00115833157192
AMR_VOLUME_STAGE 1.2 61 0 40.526275131899162 -8.556296189379008e-08
AMR_VOLUME_STAGE 1.2 61 1 40.526275131899162 -8.556296189379008e-08
Q_CLEANUP 1.2 61 0 -0
AMR_VOLUME_STAGE 1.2 61 2 40.526275131899162 -8.556296189379008e-08
POSTADAPT_REPROJECT 1.2 61 18 6.76031423972e-09 2.98100823722e-11 1.37457039024e-10 4.75307160046e-05 1.29849198592e-07 0.000295382182763 0.00422405584649
AMR_VOLUME_STAGE 1.2 61 3 40.526275131899162 -8.556296189379008e-08
RUN 1.22 62 40.5262751319 0.354657756035
Q_RUN 1.22 62 40.526275131899162 -8.55629620691e-08 -0 0 1.64798730218e-16 5.63785129692e-17 5
Q_CUTCELL_CFL 1.22 62 0.112230809506 0.112230809506 0.197180683456 0 162
SHORE 1.22 62 40.125 0.00015367306592 0.515353122054
Q_MOMENTUM 1.22 62 0.0124762974468 1.17914713288 1.17190421361 0.405363752307 0.400993443432 0.924952537678 0.00110627643446
AMR_VOLUME_STAGE 1.22 62 0 40.526275131889264 -8.5563206126930921e-08
AMR_VOLUME_STAGE 1.22 62 1 40.526275131889264 -8.5563206126930921e-08
Q_CLEANUP 1.22 62 0 -0
AMR_VOLUME_STAGE 1.22 62 2 40.526275131889264 -8.5563206126930921e-08
POSTADAPT_REPROJECT 1.22 62 18 6.69704394848e-09 2.87482222551e-11 1.3619303569e-10 4.76772251171e-05 1.28520733828e-07 0.000296034540441 0.00422660425517
AMR_VOLUME_STAGE 1.22 62 3 40.526275131889264 -8.5563206126930921e-08
RUN 1.24 63 40.5262751319 0.355279028072
Q_RUN 1.24 63 40.526275131889264 -8.55632063023e-08 -0 0 1.66533453694e-16 4.16333634234e-17 3
Q_CUTCELL_CFL 1.24 63 0.111928558753 0.111928558753 0.198085798309 0 162
SHORE 1.24 63 40.125 0.000154124221225 0.514781476435
Q_MOMENTUM 1.24 63 0.0127155688589 1.17590427723 1.16997828025 0.40659999717 0.40234287244 0.947345552708 0.00112626459175
AMR_VOLUME_STAGE 1.24 63 0 40.526275131880212 -8.5563429495934102e-08
AMR_VOLUME_STAGE 1.24 63 1 40.526275131880212 -8.5563429495934102e-08
Q_CLEANUP 1.24 63 0 -0
AMR_VOLUME_STAGE 1.24 63 2 40.526275131880212 -8.5563429495934102e-08
POSTADAPT_REPROJECT 1.24 63 18 7.53427008667e-09 3.27060771071e-11 1.53378583163e-10 4.78423165272e-05 1.24843555603e-07 0.000296287891361 0.00422707550508
AMR_VOLUME_STAGE 1.24 63 3 40.526275131880212 -8.5563429495934102e-08
RUN 1.26 64 40.5262751319 0.355783075458
Q_RUN 1.26 64 40.526275131880212 -8.55634296713e-08 -0 0 1.66533453694e-16 4.29344060304e-17 4
Q_CUTCELL_CFL 1.26 64 0.111938559468 0.111938559468 0.199618338277 0 162
SHORE 1.26 64 40.125 0.000150514557594 0.513976876575
Q_MOMENTUM 1.26 64 0.0122727644523 1.16597454126 1.16257249252 0.407492914944 0.403245429704 0.961490775271 0.00113590423792
AMR_VOLUME_STAGE 1.26 64 0 40.526275131869831 -8.5563685651439335e-08
AMR_VOLUME_STAGE 1.26 64 1 40.526275131869831 -8.5563685651439335e-08
Q_CLEANUP 1.26 64 0 -0
AMR_VOLUME_STAGE 1.26 64 2 40.526275131869831 -8.5563685651439335e-08
POSTADAPT_REPROJECT 1.26 64 18 8.22993243774e-09 3.59130637106e-11 1.67585120477e-10 4.78655644627e-05 4.8713175614e-08 0.000295708793193 0.00421307505612
AMR_VOLUME_STAGE 1.26 64 3 40.526275131869831 -8.5563685651439335e-08
RUN 1.28 65 40.5262751319 0.356711137488
Q_RUN 1.28 65 40.526275131869831 -8.55636858268e-08 -0 0 1.66099772825e-16 7.1123662515e-17 6
Q_CUTCELL_CFL 1.28 65 0.11197297487 0.11197297487 0.201031721305 0 162
SHORE 1.28 65 40.125 0.000150813792345 0.51297875071
Q_MOMENTUM 1.28 65 0.0120995842416 1.1595141291 1.15563249207 0.408464336842 0.404377644298 0.962158489844 0.00114137799342
AMR_VOLUME_STAGE 1.28 65 0 40.526275131858263 -8.5563971086868839e-08
AMR_VOLUME_STAGE 1.28 65 1 40.526275131858263 -8.5563971086868839e-08
Q_CLEANUP 1.28 65 0 -0
AMR_VOLUME_STAGE 1.28 65 2 40.526275131858263 -8.5563971086868839e-08
POSTADAPT_REPROJECT 1.28 65 18 8.75227931725e-09 3.84906858436e-11 1.7826582311e-10 4.80892389768e-05 1.38801999967e-07 0.000296544519888 0.00422471232197
AMR_VOLUME_STAGE 1.28 65 3 40.526275131858263 -8.5563971086868839e-08
RUN 1.3 66 40.5262751319 0.357658734697
Q_RUN 1.3 66 40.526275131858263 -8.55639712622e-08 -0 0 1.66533453694e-16 6.93889390391e-17 6
Q_CUTCELL_CFL 1.3 66 0.112051796305 0.112051796305 0.202355794242 0 162
SHORE 1.3 66 40.125 0.000150469753159 0.511831084941
Q_MOMENTUM 1.3 66 0.011984295089 1.16235892845 1.14820808867 0.409499505226 0.405410753891 0.955664619636 0.00113959144533
AMR_VOLUME_STAGE 1.3 66 0 40.52627513184575 -8.5564279841040431e-08
AMR_VOLUME_STAGE 1.3 66 1 40.52627513184575 -8.5564279841040431e-08
Q_CLEANUP 1.3 66 0 -0
AMR_VOLUME_STAGE 1.3 66 2 40.52627513184575 -8.5564279841040431e-08
POSTADAPT_REPROJECT 1.3 66 18 9.38158106371e-09 4.15530740324e-11 1.91143448942e-10 4.82544802489e-05 1.41165108441e-07 0.00029669921232 0.00422646986086
AMR_VOLUME_STAGE 1.3 66 3 40.52627513184575 -8.5564279841040431e-08
RUN 1.32 67 40.5262751318 0.358847548659
Q_RUN 1.32 67 40.52627513184575 -8.55642800164e-08 -0 0 1.66533453694e-16 5.98479599212e-17 6
Q_CUTCELL_CFL 1.32 67 0.112178598728 0.112178598728 0.203610148101 0 162
SHORE 1.32 67 40.125 0.000148800030529 0.510452116638
Q_MOMENTUM 1.32 67 0.0160091781593 1.1611993277 1.16632231031 0.41013880076 0.406295351869 0.939249063837 0.00113458980948
AMR_VOLUME_STAGE 1.32 67 0 40.526275131832193 -8.5564614368558542e-08
AMR_VOLUME_STAGE 1.32 67 1 40.526275131832193 -8.5564614368558542e-08
Q_CLEANUP 1.32 67 0 -0
AMR_VOLUME_STAGE 1.32 67 2 40.526275131832193 -8.5564614368558542e-08
POSTADAPT_REPROJECT 1.32 67 19 3.14732773226e-09 1.40337699826e-11 6.4146605562e-11 4.84281007436e-05 1.39871897249e-07 0.000296747126543 0.00422497695594
AMR_VOLUME_STAGE 1.32 67 3 40.526275131832193 -8.5564614368558542e-08
RUN 1.34 68 40.5262751318 0.359953224295
Q_RUN 1.34 68 40.526275131832193 -8.55646145439e-08 -0 0 1.6283361378e-16 4.59701721134e-17 5
Q_CUTCELL_CFL 1.34 68 0.112361992434 0.112361992434 0.204766360034 0 162
SHORE 1.34 68 40.125 0.000150192594284 0.50908590005
Q_MOMENTUM 1.34 68 0.0164588662596 1.16261719471 1.1430205609 0.411030631937 0.407201622908 0.925630608515 0.0012506395427
AMR_VOLUME_STAGE 1.34 68 0 40.526275131836741 -8.556450215807029e-08
AMR_VOLUME_STAGE 1.34 68 1 40.526275131836741 -8.556450215807029e-08
Q_CLEANUP 1.34 68 0 -0
AMR_VOLUME_STAGE 1.34 68 2 40.526275131836741 -8.556450215807029e-08
POSTADAPT_REPROJECT 1.34 68 19 3.57221171453e-09 1.63186683237e-11 7.26935372791e-11 4.85123447449e-05 1.43260383445e-07 0.00029624839987 0.00420992616693
AMR_VOLUME_STAGE 1.34 68 3 40.526275131836741 -8.556450215807029e-08
RUN 1.36 69 40.5262751318 0.359965837591
Q_RUN 1.36 69 40.526275131836741 -8.55645023334e-08 -0 0 1.63735703869e-16 3.51281503885e-17 4
Q_CUTCELL_CFL 1.36 69 0.112460435213 0.112460435213 0.205550379947 0 162
SHORE 1.36 69 40.125 0.000150374637488 0.506931538682
Q_MOMENTUM 1.36 69 0.0125252523534 1.18664409741 1.17659592123 0.411686953347 0.407643416339 0.884039002752 0.0012810309468
AMR_VOLUME_STAGE 1.36 69 0 40.526275131842269 -8.5564365752195497e-08
AMR_VOLUME_STAGE 1.36 69 1 40.526275131842269 -8.5564365752195497e-08
Q_CLEANUP 1.36 69 0 -0
AMR_VOLUME_STAGE 1.36 69 2 40.526275131842269 -8.5564365752195497e-08
POSTADAPT_REPROJECT 1.36 69 19 3.87344016556e-09 1.79422956887e-11 8.21320095268e-11 4.8646145984e-05 1.37328564473e-07 0.000296971344609 0.00421575360519
AMR_VOLUME_STAGE 1.36 69 3 40.526275131842269 -8.5564365752195497e-08
RUN 1.38 70 40.5262751318 0.359647032887
Q_RUN 1.38 70 40.526275131842269 -8.55643659275e-08 -0 0 1.66533453694e-16 7.93635990259e-17 7
Q_CUTCELL_CFL 1.38 70 0.110505371274 0.110505371274 0.202335876476 0 162
SHORE 1.38 70 40.125 0.000150375480673 0.505331799699
Q_MOMENTUM 1.38 70 0.0124808926879 1.19506848632 1.18879529489 0.412244724951 0.408071163126 0.892307582591 0.00124964484568
AMR_VOLUME_STAGE 1.38 70 0 40.526275131848287 -8.5564217248627441e-08
AMR_VOLUME_STAGE 1.38 70 1 40.526275131848287 -8.5564217248627441e-08
RUN 1.4 71 40.5262751318 0.359138533618
Q_RUN 1.4 71 40.526275131848287 -8.5564217424e-08 -0 0 1.61979804569e-16 7.1123662515e-17 6
Q_CUTCELL_CFL 1.4 71 0.109177180382 0.109177180382 0.200015170306 0 162
SHORE 1.4 71 40.125 0.462239795103 0.50460768868
Q_MOMENTUM 1.4 71 0.0123467850818 1.19716133359 1.19262944688 0.412530938829 0.408376904378 0.908960420508 0.00119490071848
AMR_VOLUME_STAGE 1.4 71 0 40.526275132200844 -8.5555517779867586e-08
AMR_VOLUME_STAGE 1.4 71 1 40.526275132200844 -8.5555517779867586e-08
Q_CLEANUP 1.4 71 0 -0
AMR_VOLUME_STAGE 1.4 71 2 40.526275132200844 -8.5555517779867586e-08
POSTADAPT_REPROJECT 1.4 71 19 4.91571980566e-09 2.39244309707e-11 1.4294818107e-10 5.00031374728e-05 3.20564533988e-08 0.00030752357954 0.00437786838987
AMR_VOLUME_STAGE 1.4 71 3 40.526275132200844 -8.5555517779867586e-08
RUN 1.42 72 40.5262751322 0.358543973223
Q_RUN 1.42 72 40.526275132200844 -8.55555179552e-08 -0 0 1.64798730218e-16 6.83216775255e-17 8
Q_CUTCELL_CFL 1.42 72 0.108840771039 0.108840771039 0.199321828798 0 162
SHORE 1.42 72 40.125 0.000153965845998 0.503707404759
Q_MOMENTUM 1.42 72 0.0130524781498 1.20700274315 1.18941814735 0.412890471339 0.408668850428 0.945026083822 0.00118095426437
AMR_VOLUME_STAGE 1.42 72 0 40.526275132208951 -8.5555317729606493e-08
AMR_VOLUME_STAGE 1.42 72 1 40.526275132208951 -8.5555317729606493e-08
Q_CLEANUP 1.42 72 0 -0
AMR_VOLUME_STAGE 1.42 72 2 40.526275132208951 -8.5555317729606493e-08
POSTADAPT_REPROJECT 1.42 72 19 4.22449071368e-09 2.1440716311e-11 1.52738502401e-10 4.95175240005e-05 1.13803395889e-07 0.000304606407831 0.00432243597362
AMR_VOLUME_STAGE 1.42 72 3 40.526275132208951 -8.5555317729606493e-08
RUN 1.44 73 40.5262751322 0.357926162574
Q_RUN 1.44 73 40.526275132208951 -8.55553179049e-08 -0 0 1.63219860804e-16 2.42861286637e-17 3
Q_CUTCELL_CFL 1.44 73 0.108888622273 0.108888622273 0.19919637003 0 162
SHORE 1.44 73 40.125 0.000153109248564 0.501395876835
Q_MOMENTUM 1.44 73 0.0128176477061 1.21902316373 1.20517834155 0.413772532024 0.409446522849 0.968746540985 0.00119402859817
AMR_VOLUME_STAGE 1.44 73 0 40.526275132216178 -8.5555139420127497e-08
AMR_VOLUME_STAGE 1.44 73 1 40.526275132216178 -8.5555139420127497e-08
Q_CLEANUP 1.44 73 0 -0
AMR_VOLUME_STAGE 1.44 73 2 40.526275132216178 -8.5555139420127497e-08
POSTADAPT_REPROJECT 1.44 73 19 7.32871039232e-09 3.70201072842e-11 3.0795730549e-10 4.93796187053e-05 9.24585547807e-08 0.00030293792512 0.00429467759437
AMR_VOLUME_STAGE 1.44 73 3 40.526275132216178 -8.5555139420127497e-08
RUN 1.46 74 40.5262751322 0.358181178491
Q_RUN 1.46 74 40.526275132216178 -8.55551395955e-08 -0 0 1.6237960412e-16 1.73472347598e-18 1
Q_CUTCELL_CFL 1.46 74 0.108921629965 0.108921629965 0.199932696025 0 162
SHORE 1.46 74 40.125 0.000155297324537 0.501150996462
Q_MOMENTUM 1.46 74 0.0123361826255 1.22939270103 1.19787397873 0.414418916064 0.410051498346 0.982272101971 0.0012065324223
AMR_VOLUME_STAGE 1.46 74 0 40.526275132228506 -8.555483522450698e-08
AMR_VOLUME_STAGE 1.46 74 1 40.526275132228506 -8.555483522450698e-08
Q_CLEANUP 1.46 74 0 -0
AMR_VOLUME_STAGE 1.46 74 2 40.526275132228506 -8.555483522450698e-08
POSTADAPT_REPROJECT 1.46 74 19 6.49515874398e-09 3.15562614943e-11 2.90035169492e-10 4.9367721488e-05 9.45902353959e-08 0.000302884852548 0.00428263158922
AMR_VOLUME_STAGE 1.46 74 3 40.526275132228506 -8.555483522450698e-08
RUN 1.48 75 40.5262751322 0.358670361236
Q_RUN 1.48 75 40.526275132228506 -8.55548353998e-08 -0 0 1.66533453694e-16 4.33680868994e-17 4
Q_CUTCELL_CFL 1.48 75 0.108971333695 0.108971333695 0.201419926062 0 163
SHORE 1.48 75 40.125 0.000154256113472 0.499956881101
Q_MOMENTUM 1.48 75 0.0121970506516 1.23271863526 1.19082316838 0.414725282208 0.410565020515 0.982184816589 0.0012010630761
AMR_VOLUME_STAGE 1.48 75 0 40.526275132238951 -8.555457749104177e-08
AMR_VOLUME_STAGE 1.48 75 1 40.526275132238951 -8.555457749104177e-08
Q_CLEANUP 1.48 75 0 -0
AMR_VOLUME_STAGE 1.48 75 2 40.526275132238951 -8.555457749104177e-08
POSTADAPT_REPROJECT 1.48 75 19 7.81165756793e-09 3.70735115002e-11 3.59023165364e-10 4.94044811111e-05 1.10005747804e-07 0.000302799983378 0.00427267505687
AMR_VOLUME_STAGE 1.48 75 3 40.526275132238951 -8.555457749104177e-08
RUN 1.5 76 40.5262751322 0.359056545714
Q_RUN 1.5 76 40.526275132238951 -8.55545776664e-08 -0 0 1.66533453694e-16 6.76542155631e-17 6
Q_CUTCELL_CFL 1.5 76 0.109060434657 0.109060434657 0.202674420067 0 162
SHORE 1.5 76 40.125 0.000154104643631 0.498545541623
Q_MOMENTUM 1.5 76 0.0120314141417 1.23129810865 1.18188788898 0.414851327148 0.410720282083 0.974746748234 0.00120090693161
AMR_VOLUME_STAGE 1.5 76 0 40.526275132251094 -8.5554277853972343e-08
AMR_VOLUME_STAGE 1.5 76 1 40.526275132251094 -8.5554277853972343e-08
Q_CLEANUP 1.5 76 0 -0
AMR_VOLUME_STAGE 1.5 76 2 40.526275132251094 -8.5554277853972343e-08
POSTADAPT_REPROJECT 1.5 76 20 3.98342088645e-09 1.94974100208e-11 1.9471128182e-10 4.94838213126e-05 7.98980073378e-08 0.000303540814848 0.00427077944913
AMR_VOLUME_STAGE 1.5 76 3 40.526275132251094 -8.5554277853972343e-08
RUN 1.52 77 40.5262751323 0.359567743118
Q_RUN 1.52 77 40.526275132251094 -8.55542780293e-08 -0 0 1.66533453694e-16 3.42607886505e-17 5
Q_CUTCELL_CFL 1.52 77 0.109192793939 0.109192793939 0.203847159657 0 162
SHORE 1.52 77 40.125 0.000155815191105 0.497119260198
Q_MOMENTUM 1.52 77 0.014565664119 1.22709145012 1.20409696961 0.414540483205 0.410637616596 0.955440751157 0.00119737079903
AMR_VOLUME_STAGE 1.52 77 0 40.526275132244649 -8.5554436877273671e-08
AMR_VOLUME_STAGE 1.52 77 1 40.526275132244649 -8.5554436877273671e-08
Q_CLEANUP 1.52 77 0 -0
AMR_VOLUME_STAGE 1.52 77 2 40.526275132244649 -8.5554436877273671e-08
POSTADAPT_REPROJECT 1.52 77 20 4.28491763993e-09 2.12408418988e-11 2.14176315572e-10 4.95856936457e-05 1.04543327008e-07 0.000303933583017 0.00426316956494
AMR_VOLUME_STAGE 1.52 77 3 40.526275132244649 -8.5554436877273671e-08
RUN 1.54 78 40.5262751322 0.360417613613
Q_RUN 1.54 78 40.526275132244649 -8.55544370526e-08 -0 0 1.66533453694e-16 4.90059381963e-17 6
Q_CUTCELL_CFL 1.54 78 0.109412757633 0.109412757633 0.204935252304 0 162
SHORE 1.54 78 40.125 0.000154391102525 0.497043015457
Q_MOMENTUM 1.54 78 0.015648303608 1.22306613893 1.20098744833 0.414835580841 0.410936588251 0.935503174744 0.00130680610012
AMR_VOLUME_STAGE 1.54 78 0 40.526275132237828 -8.5554605193006063e-08
AMR_VOLUME_STAGE 1.54 78 1 40.526275132237828 -8.5554605193006063e-08
Q_CLEANUP 1.54 78 0 -0
AMR_VOLUME_STAGE 1.54 78 2 40.526275132237828 -8.5554605193006063e-08
POSTADAPT_REPROJECT 1.54 78 20 4.40871858436e-09 2.1040192973e-11 2.09970776877e-10 4.96844502722e-05 9.26804901337e-08 0.000304150182705 0.00425461517174
AMR_VOLUME_STAGE 1.54 78 3 40.526275132237828 -8.5554605193006063e-08
RUN 1.56 79 40.5262751322 0.360539606428
Q_RUN 1.56 79 40.526275132237828 -8.55546053683e-08 -0 0 1.66533453694e-16 5.98479599212e-17 6
Q_CUTCELL_CFL 1.56 79 0.109583213484 0.109583213484 0.205746554427 0 162
SHORE 1.56 79 40.125 0.000154027194159 0.496490231484
Q_MOMENTUM 1.56 79 0.0126465903687 1.23618072024 1.22429917933 0.415203193299 0.411092831294 0.893817981052 0.0013364190725
AMR_VOLUME_STAGE 1.56 79 0 40.526275132231056 -8.5554772281436233e-08
AMR_VOLUME_STAGE 1.56 79 1 40.526275132231056 -8.5554772281436233e-08
Q_CLEANUP 1.56 79 0 -0
AMR_VOLUME_STAGE 1.56 79 2 40.526275132231056 -8.5554772281436233e-08
POSTADAPT_REPROJECT 1.56 79 20 4.50260862834e-09 2.19551112371e-11 2.19574906868e-10 4.97456602758e-05 1.011091289e-07 0.000304928137474 0.00425377262565
AMR_VOLUME_STAGE 1.56 79 3 40.526275132231056 -8.5554772281436233e-08
RUN 1.58 80 40.5262751322 0.360130112707
Q_RUN 1.58 80 40.526275132231056 -8.55547724568e-08 -0 0 1.66533453694e-16 3.46944695195e-17 4
Q_CUTCELL_CFL 1.58 80 0.106598304602 0.106598304602 0.200505893868 0 162
SHORE 1.58 80 40.125 0.000155801490682 0.495709245916
Q_MOMENTUM 1.58 80 0.0125219543203 1.2590547874 1.23161901498 0.415373584176 0.411178611848 0.887825061538 0.00129760689388
AMR_VOLUME_STAGE 1.58 80 0 40.526275132223937 -8.5554947960981901e-08
AMR_VOLUME_STAGE 1.58 80 1 40.526275132223937 -8.5554947960981901e-08
Q_CLEANUP 1.58 80 0 -0
AMR_VOLUME_STAGE 1.58 80 2 40.526275132223937 -8.5554947960981901e-08
POSTADAPT_REPROJECT 1.58 80 20 4.80470515551e-09 2.2543008316e-11 2.26422311456e-10 4.97908066609e-05 1.00911450165e-07 0.000305348436316 0.00424721744863
AMR_VOLUME_STAGE 1.58 80 3 40.526275132223937 -8.5554947960981901e-08
RUN 1.6 81 40.5262751322 0.359362058744
Q_RUN 1.6 81 40.526275132223937 -8.55549481363e-08 -0 0 1.66533453694e-16 3.42607886505e-17 5
Q_CUTCELL_CFL 1.6 81 0.105792826847 0.105792826847 0.199105093355 0 162
SHORE 1.6 81 40.125 0.000153992167656 0.494469040332
Q_MOMENTUM 1.6 81 0.0123218171831 1.2845882878 1.24363764659 0.415335888301 0.41117515818 0.935302282481 0.00131087265411
AMR_VOLUME_STAGE 1.6 81 0 40.526275132216661 -8.5555127497763118e-08
AMR_VOLUME_STAGE 1.6 81 1 40.526275132216661 -8.5555127497763118e-08
Q_CLEANUP 1.6 81 0 -0
AMR_VOLUME_STAGE 1.6 81 2 40.526275132216661 -8.5555127497763118e-08
POSTADAPT_REPROJECT 1.6 81 20 4.83196027149e-09 2.35898397881e-11 2.38631871208e-10 4.98391014678e-05 1.08286722076e-07 0.000306201097399 0.00424242700347
AMR_VOLUME_STAGE 1.6 81 3 40.526275132216661 -8.5555127497763118e-08
RUN 1.62 82 40.5262751322 0.358320226023
Q_RUN 1.62 82 40.526275132216661 -8.55551276731e-08 -0 0 1.66533453694e-16 2.94902990916e-17 3
Q_CUTCELL_CFL 1.62 82 0.105744658053 0.105744658053 0.198914281701 0 162
SHORE 1.62 82 40.125 0.000154227532617 0.493008830799
Q_MOMENTUM 1.62 82 0.0128190921798 1.30008174591 1.25570638264 0.415328006993 0.411076232561 0.971670933538 0.00132218622171
AMR_VOLUME_STAGE 1.62 82 0 40.526275132209051 -8.5555315275002063e-08
AMR_VOLUME_STAGE 1.62 82 1 40.526275132209051 -8.5555315275002063e-08
Q_CLEANUP 1.62 82 0 -0
AMR_VOLUME_STAGE 1.62 82 2 40.526275132209051 -8.5555315275002063e-08
POSTADAPT_REPROJECT 1.62 82 20 5.00343835886e-09 2.43482685843e-11 2.45190721893e-10 4.99185491861e-05 8.2714120226e-08 0.000307256043755 0.00424829607943
AMR_VOLUME_STAGE 1.62 82 3 40.526275132209051 -8.5555315275002063e-08
RUN 1.64 83 40.5262751322 0.356888655219
Q_RUN 1.64 83 40.526275132209051 -8.55553154503e-08 -0 0 1.64531067806e-16 2.55905594024e-17 5
Q_CUTCELL_CFL 1.64 83 0.105807843274 0.105807843274 0.198777536288 0 162
SHORE 1.64 83 40.125 0.000155629048928 0.491889299399
Q_MOMENTUM 1.64 83 0.0125248431616 1.3078301122 1.25969348497 0.415451938989 0.411094843907 0.991411947872 0.00132432704816
AMR_VOLUME_STAGE 1.64 83 0 40.526275132201214 -8.5555508662765407e-08
AMR_VOLUME_STAGE 1.64 83 1 40.526275132201214 -8.5555508662765407e-08
Q_CLEANUP 1.64 83 0 -0
AMR_VOLUME_STAGE 1.64 83 2 40.526275132201214 -8.5555508662765407e-08
POSTADAPT_REPROJECT 1.64 83 20 5.29057705752e-09 2.44379713943e-11 2.45605862037e-10 4.99323313832e-05 9.76013194547e-08 0.00030749039791 0.00424009840736
AMR_VOLUME_STAGE 1.64 83 3 40.526275132201214 -8.5555508662765407e-08
RUN 1.66 84 40.5262751322 0.356144732361
Q_RUN 1.66 84 40.526275132201214 -8.55555088381e-08 -0 0 1.65750795251e-16 2.32027735241e-17 3
Q_CUTCELL_CFL 1.66 84 0.105938922233 0.105938922233 0.198199147949 0 163
SHORE 1.66 84 40.125 0.000153801289647 0.491734963289
Q_MOMENTUM 1.66 84 0.0125525369737 1.3116516755 1.26088217217 0.4155681026 0.411085850834 1.00100068267 0.00132381523903
AMR_VOLUME_STAGE 1.66 84 0 40.526275132193277 -8.5555704505133194e-08
AMR_VOLUME_STAGE 1.66 84 1 40.526275132193277 -8.5555704505133194e-08
Q_CLEANUP 1.66 84 0 -0
AMR_VOLUME_STAGE 1.66 84 2 40.526275132193277 -8.5555704505133194e-08
POSTADAPT_REPROJECT 1.66 84 20 5.00044608444e-09 2.42019505107e-11 2.42731501565e-10 4.9945673038e-05 1.17724346237e-07 0.000308176249098 0.00423432224719
AMR_VOLUME_STAGE 1.66 84 3 40.526275132193277 -8.5555704505133194e-08
RUN 1.68 85 40.5262751322 0.356429399731
Q_RUN 1.68 85 40.526275132193277 -8.55557046805e-08 -0 0 1.66316613259e-16 4.16333634234e-17 3
Q_CUTCELL_CFL 1.68 85 0.106023040924 0.106023040924 0.198973522541 0 162
SHORE 1.68 85 40.125 0.000153831217955 0.491925109474
Q_MOMENTUM 1.68 85 0.0127931398951 1.31139104735 1.25813334115 0.415738696372 0.411450650618 1.00009708691 0.00131847192577
AMR_VOLUME_STAGE 1.68 85 0 40.526275132185525 -8.5555895788949891e-08
AMR_VOLUME_STAGE 1.68 85 1 40.526275132185525 -8.5555895788949891e-08
Q_CLEANUP 1.68 85 0 -0
AMR_VOLUME_STAGE 1.68 85 2 40.526275132185525 -8.5555895788949891e-08
POSTADAPT_REPROJECT 1.68 85 20 5.16098914069e-09 2.61420516101e-11 2.65304056501e-10 4.99424177071e-05 7.3916559657e-08 0.000309043787173 0.00422959716328
AMR_VOLUME_STAGE 1.68 85 3 40.526275132185525 -8.5555895788949891e-08
RUN 1.7 86 40.5262751322 0.357009464501
Q_RUN 1.7 86 40.526275132185525 -8.55558959643e-08 -0 0 1.63064006742e-16 7.1123662515e-17 6
Q_CUTCELL_CFL 1.7 86 0.106075887039 0.106075887039 0.200117007532 0 162
SHORE 1.7 86 40.125 0.000155686932323 0.492275641112
Q_MOMENTUM 1.7 86 0.012901760889 1.30599797188 1.25029251108 0.415884500084 0.411633845036 0.992178551628 0.0013137515338
AMR_VOLUME_STAGE 1.7 86 0 40.526275132177162 -8.555610215105095e-08
AMR_VOLUME_STAGE 1.7 86 1 40.526275132177162 -8.555610215105095e-08
Q_CLEANUP 1.7 86 0 -0
AMR_VOLUME_STAGE 1.7 86 2 40.526275132177162 -8.555610215105095e-08
POSTADAPT_REPROJECT 1.7 86 20 5.90454013496e-09 2.72050224771e-11 2.75071958267e-10 4.99685408327e-05 1.06136322793e-07 0.000310125426345 0.00422502486352
AMR_VOLUME_STAGE 1.7 86 3 40.526275132177162 -8.555610215105095e-08
RUN 1.72 87 40.5262751322 0.357665484123
Q_RUN 1.72 87 40.526275132177162 -8.55561023264e-08 -0 0 1.66462302926e-16 2.77555756156e-17 2
Q_CUTCELL_CFL 1.72 87 0.106138075454 0.106138075454 0.201285906741 0 163
SHORE 1.72 87 40.125 0.00015360266552 0.49191338128
Q_MOMENTUM 1.72 87 0.0141271656212 1.30509344439 1.24742485793 0.415721203575 0.411609135357 0.967772652451 0.00133409533626
AMR_VOLUME_STAGE 1.72 87 0 40.526275132168443 -8.5556317279596405e-08
AMR_VOLUME_STAGE 1.72 87 1 40.526275132168443 -8.5556317279596405e-08
Q_CLEANUP 1.72 87 0 -0
AMR_VOLUME_STAGE 1.72 87 2 40.526275132168443 -8.5556317279596405e-08
POSTADAPT_REPROJECT 1.72 87 20 5.99295241777e-09 2.75362405569e-11 2.77631029277e-10 4.98962812206e-05 1.17736423278e-07 0.000310032497549 0.00420400142557
AMR_VOLUME_STAGE 1.72 87 3 40.526275132168443 -8.5556317279596405e-08
RUN 1.74 88 40.5262751322 0.358481690544
Q_RUN 1.74 88 40.526275132168443 -8.55563174549e-08 -0 0 1.63294399703e-16 3.03576608296e-17 3
Q_CUTCELL_CFL 1.74 88 0.106011485012 0.106011485012 0.201808769206 0 163
SHORE 1.74 88 40.125 0.000153443392475 0.491243737268
Q_MOMENTUM 1.74 88 0.0144087289501 1.29986562544 1.25593646581 0.415705000095 0.411590725095 0.941530398353 0.00136837656834
AMR_VOLUME_STAGE 1.74 88 0 40.526275132159604 -8.5556535388732957e-08
AMR_VOLUME_STAGE 1.74 88 1 40.526275132159604 -8.5556535388732957e-08
Q_CLEANUP 1.74 88 0 -0
AMR_VOLUME_STAGE 1.74 88 2 40.526275132159604 -8.5556535388732957e-08
POSTADAPT_REPROJECT 1.74 88 20 6.24640172589e-09 2.90010545667e-11 2.93686790165e-10 4.98556624304e-05 8.37099791278e-08 0.000310452369477 0.00419027014327
AMR_VOLUME_STAGE 1.74 88 3 40.526275132159604 -8.5556535388732957e-08
RUN 1.76 89 40.5262751322 0.35901710406
Q_RUN 1.76 89 40.526275132159604 -8.55565355641e-08 -0 0 1.66533453694e-16 5.29090660173e-17 5
Q_CUTCELL_CFL 1.76 89 0.105591015373 0.105591015373 0.201495554809 0 163
SHORE 1.76 89 40.125 0.000153275059564 0.49058409367
Q_MOMENTUM 1.76 89 0.0129041088479 1.32286237944 1.29497235099 0.415799902805 0.411569932633 0.90006980003 0.00140910873475
AMR_VOLUME_STAGE 1.76 89 0 40.526275132150317 -8.5556764543589449e-08
AMR_VOLUME_STAGE 1.76 89 1 40.526275132150317 -8.5556764543589449e-08
Q_CLEANUP 1.76 89 0 -0
AMR_VOLUME_STAGE 1.76 89 2 40.526275132150317 -8.5556764543589449e-08
POSTADAPT_REPROJECT 1.76 89 20 5.8992001723e-09 2.6837894613e-11 2.29817448058e-10 4.98088866111e-05 9.46632324666e-08 0.000311593851579 0.00418096882182
AMR_VOLUME_STAGE 1.76 89 3 40.526275132150317 -8.5556764543589449e-08
RUN 1.78 90 40.5262751322 0.358754134674
Q_RUN 1.78 90 40.526275132150317 -8.55567647189e-08 -0 0 1.66191252383e-16 4.77048955894e-17 5
Q_CUTCELL_CFL 1.78 90 0.103617322632 0.103617322632 0.198233344525 0 163
SHORE 1.78 90 40.125 0.000155324807584 0.489546657003
Q_MOMENTUM 1.78 90 0.0127933510834 1.35265105939 1.32060185331 0.415758801922 0.411475110497 0.907911898372 0.00143472716121
AMR_VOLUME_STAGE 1.78 90 0 40.526275132140881 -8.555699738035258e-08
AMR_VOLUME_STAGE 1.78 90 1 40.526275132140881 -8.555699738035258e-08
Q_CLEANUP 1.78 90 0 -0
AMR_VOLUME_STAGE 1.78 90 2 40.526275132140881 -8.555699738035258e-08
POSTADAPT_REPROJECT 1.78 90 20 7.10351454912e-09 3.04482201676e-11 2.59021108381e-10 4.98402706266e-05 1.1169005343e-07 0.000313479220654 0.00418199472146
AMR_VOLUME_STAGE 1.78 90 3 40.526275132140881 -8.555699738035258e-08
RUN 1.8 91 40.5262751321 0.35802088828
Q_RUN 1.8 91 40.526275132140881 -8.55569975557e-08 -0 0 1.66533453694e-16 9.54097911787e-18 3
Q_CUTCELL_CFL 1.8 91 0.103086010722 0.103086010722 0.197388820114 0 163
SHORE 1.8 91 40.125 0.000153788142453 0.490228753699
Q_MOMENTUM 1.8 91 0.0125986936178 1.37516470169 1.33652328979 0.415604566896 0.411382691054 0.955809072002 0.0014488280218
AMR_VOLUME_STAGE 1.8 91 0 40.526275132130174 -8.5557261600986642e-08
AMR_VOLUME_STAGE 1.8 91 1 40.526275132130174 -8.5557261600986642e-08
Q_CLEANUP 1.8 91 0 -0
AMR_VOLUME_STAGE 1.8 91 2 40.526275132130174 -8.5557261600986642e-08
POSTADAPT_REPROJECT 1.8 91 20 7.47954060444e-09 3.08643984226e-11 2.61374183581e-10 4.97596351621e-05 7.56835919894e-08 0.000314300618765 0.004167997795
AMR_VOLUME_STAGE 1.8 91 3 40.526275132130174 -8.5557261600986642e-08
RUN 1.82 92 40.5262751321 0.356794250536
Q_RUN 1.82 92 40.526275132130174 -8.55572617763e-08 -0 0 1.66533453694e-16 5.89805981832e-17 5
Q_CUTCELL_CFL 1.82 92 0.102251478484 0.102251478484 0.195752295165 0 162
SHORE 1.82 92 40.125 0.000153366459059 0.490752786642
Q_MOMENTUM 1.82 92 0.0126239636146 1.38861530029 1.34646257241 0.415471419562 0.411166054953 0.992689646895 0.00145710357745
AMR_VOLUME_STAGE 1.82 92 0 40.526275132119309 -8.5557529678856239e-08
AMR_VOLUME_STAGE 1.82 92 1 40.526275132119309 -8.5557529678856239e-08
Q_CLEANUP 1.82 92 0 -0
AMR_VOLUME_STAGE 1.82 92 2 40.526275132119309 -8.5557529678856239e-08
POSTADAPT_REPROJECT 1.82 92 20 5.10007463845e-09 2.18537581719e-11 1.8655893063e-10 4.96517258055e-05 8.05274576361e-08 0.000314229341942 0.00414901467708
AMR_VOLUME_STAGE 1.82 92 3 40.526275132119309 -8.5557529678856239e-08
RUN 1.84 93 40.5262751321 0.355637036953
Q_RUN 1.84 93 40.526275132119309 -8.55575298542e-08 -0 0 1.66533453694e-16 4.16333634234e-17 3
Q_CUTCELL_CFL 1.84 93 0.101061694763 0.101061694763 0.19329051845 0 162
SHORE 1.84 93 40.125 0.000153552030574 0.49111666586
Q_MOMENTUM 1.84 93 0.0126349690541 1.397005511 1.35049150056 0.415065741136 0.410868354443 1.01308359975 0.00145826962021
AMR_VOLUME_STAGE 1.84 93 0 40.526275132111643 -8.555771885872629e-08
AMR_VOLUME_STAGE 1.84 93 1 40.526275132111643 -8.555771885872629e-08
Q_CLEANUP 1.84 93 0 -0
AMR_VOLUME_STAGE 1.84 93 2 40.526275132111643 -8.555771885872629e-08
POSTADAPT_REPROJECT 1.84 93 20 5.05114164448e-09 2.30361096687e-11 1.88341312164e-10 4.95643015126e-05 7.0836310062e-08 0.000314964807455 0.00414084766214
AMR_VOLUME_STAGE 1.84 93 3 40.526275132111643 -8.555771885872629e-08
RUN 1.86 94 40.5262751321 0.354113898726
Q_RUN 1.86 94 40.526275132111643 -8.55577190341e-08 -0 0 1.64365049349e-16 2.77555756156e-17 2
Q_CUTCELL_CFL 1.86 94 0.100161923466 0.100161923466 0.191272803697 0 162
SHORE 1.86 94 40.125 0.000153664029537 0.490356672047
Q_MOMENTUM 1.86 94 0.013241377723 1.39909423401 1.34986098993 0.415031027979 0.410630278738 1.02275606626 0.00145620829016
AMR_VOLUME_STAGE 1.86 94 0 40.526275132103926 -8.555790926589855e-08
AMR_VOLUME_STAGE 1.86 94 1 40.526275132103926 -8.555790926589855e-08
Q_CLEANUP 1.86 94 0 -0
AMR_VOLUME_STAGE 1.86 94 2 40.526275132103926 -8.555790926589855e-08
POSTADAPT_REPROJECT 1.86 94 20 5.8908108109e-09 2.53592233832e-11 2.06955197337e-10 4.94902939407e-05 9.33207706988e-08 0.000316151689918 0.00413145237113
AMR_VOLUME_STAGE 1.86 94 3 40.526275132103926 -8.555790926589855e-08
RUN 1.88 95 40.5262751321 0.353586880605
Q_RUN 1.88 95 40.526275132103926 -8.55579094412e-08 -0 0 1.66533453694e-16 4.16333634234e-17 3
Q_CUTCELL_CFL 1.88 95 0.0997365213275 0.0997365213275 0.190385462073 0 162
SHORE 1.88 95 40.125 0.000153092382128 0.489207332863
Q_MOMENTUM 1.88 95 0.0131739839988 1.39737044882 1.34517846742 0.415350817001 0.41095501038 1.02059133853 0.00145019462697
AMR_VOLUME_STAGE 1.88 95 0 40.526275132095549 -8.5558115978657378e-08
AMR_VOLUME_STAGE 1.88 95 1 40.526275132095549 -8.5558115978657378e-08
Q_CLEANUP 1.88 95 0 -0
AMR_VOLUME_STAGE 1.88 95 2 40.526275132095549 -8.5558115978657378e-08
POSTADAPT_REPROJECT 1.88 95 20 6.17392135289e-09 2.64399898537e-11 2.16248276881e-10 4.93312532471e-05 8.59856163466e-08 0.000316561247607 0.00410871299998
AMR_VOLUME_STAGE 1.88 95 3 40.526275132095549 -8.5558115978657378e-08
RUN 1.9 96 40.5262751321 0.354023328083
Q_RUN 1.9 96 40.526275132095549 -8.5558116154e-08 -0 0 1.63606107828e-16 3.12250225676e-17 3
Q_CUTCELL_CFL 1.9 96 0.0995159351872 0.0995159351872 0.190625622281 0 162
SHORE 1.9 96 40.125 0.00015287773331 0.489793785999
Q_MOMENTUM 1.9 96 0.0136856318677 1.39180747573 1.33686811934 0.415472526318 0.411121370172 1.01173492292 0.00144197175572
AMR_VOLUME_STAGE 1.9 96 0 40.526275132086838 -8.5558330931873948e-08
AMR_VOLUME_STAGE 1.9 96 1 40.526275132086838 -8.5558330931873948e-08
Q_CLEANUP 1.9 96 0 -0
AMR_VOLUME_STAGE 1.9 96 2 40.526275132086838 -8.5558330931873948e-08
POSTADAPT_REPROJECT 1.9 96 20 7.03633104598e-09 3.1114564854e-11 2.57146354557e-10 4.9265218093e-05 6.0945810484e-08 0.000317945383887 0.00409213721077
AMR_VOLUME_STAGE 1.9 96 3 40.526275132086838 -8.5558330931873948e-08
RUN 1.92 97 40.5262751321 0.354674700135
Q_RUN 1.92 97 40.526275132086838 -8.55583311072e-08 -0 0 1.64788565822e-16 1.56125112838e-17 2
Q_CUTCELL_CFL 1.92 97 0.0994734990033 0.0994734990033 0.191624475666 0 161
SHORE 1.92 97 40.125 0.000153156738778 0.489419054597
Q_MOMENTUM 1.92 97 0.0133673182886 1.39428787584 1.33684261112 0.415351314972 0.411118538023 0.985376547891 0.00144451281814
AMR_VOLUME_STAGE 1.92 97 0 40.526275132076634 -8.5558582704156976e-08
AMR_VOLUME_STAGE 1.92 97 1 40.526275132076634 -8.5558582704156976e-08
Q_CLEANUP 1.92 97 0 -0
AMR_VOLUME_STAGE 1.92 97 2 40.526275132076634 -8.5558582704156976e-08
POSTADAPT_REPROJECT 1.92 97 20 7.59106790809e-09 3.23091383675e-11 2.65984480535e-10 4.91708680008e-05 7.50842926982e-08 0.000319079716896 0.00407748999578
AMR_VOLUME_STAGE 1.92 97 3 40.526275132076634 -8.5558582704156976e-08
RUN 1.94 98 40.5262751321 0.355813663132
Q_RUN 1.94 98 40.526275132076634 -8.55585828795e-08 -0 0 1.62196645004e-16 4.51028103754e-17 4
Q_CUTCELL_CFL 1.94 98 0.0984285247604 0.0984285247604 0.190412623726 0 160
SHORE 1.94 98 40.125 0.000152774943862 0.48872869756
Q_MOMENTUM 1.94 98 0.0153920623877 1.39144519271 1.33632940056 0.415385751873 0.411091481151 0.951557053495 0.00147632791515
AMR_VOLUME_STAGE 1.94 98 0 40.526275132066125 -8.5558842015582178e-08
AMR_VOLUME_STAGE 1.94 98 1 40.526275132066125 -8.5558842015582178e-08
Q_CLEANUP 1.94 98 0 -0
AMR_VOLUME_STAGE 1.94 98 2 40.526275132066125 -8.5558842015582178e-08
POSTADAPT_REPROJECT 1.94 98 20 7.55514274707e-09 3.37846257139e-11 2.81732488033e-10 4.90231153756e-05 8.19202687195e-08 0.000319509227874 0.00405069946946
AMR_VOLUME_STAGE 1.94 98 3 40.526275132066125 -8.5558842015582178e-08
RUN 1.96 99 40.5262751321 0.356571275032
Q_RUN 1.96 99 40.526275132066125 -8.55588421909e-08 -0 0 1.65263327789e-16 3.46944695195e-18 1
Q_CUTCELL_CFL 1.96 99 0.0976835516108 0.0976835516108 0.189561518791 0 160
SHORE 1.96 99 40.125 0.000152981204881 0.489512538406
Q_MOMENTUM 1.96 99 0.013392146185 1.396776329 1.3733469747 0.415312334439 0.411030311665 0.909954918653 0.0015139707027
AMR_VOLUME_STAGE 1.96 99 0 40.526275132055204 -8.5559111496082882e-08
AMR_VOLUME_STAGE 1.96 99 1 40.526275132055204 -8.5559111496082882e-08
Q_CLEANUP 1.96 99 0 -0
AMR_VOLUME_STAGE 1.96 99 2 40.526275132055204 -8.5559111496082882e-08
POSTADAPT_REPROJECT 1.96 99 20 8.31579184531e-09 3.52558369532e-11 2.91024135346e-10 4.89357000943e-05 7.54601809346e-08 0.000321809934858 0.0040421967143
AMR_VOLUME_STAGE 1.96 99 3 40.526275132055204 -8.5559111496082882e-08
RUN 1.98 100 40.5262751321 0.35655717703
Q_RUN 1.98 100 40.526275132055204 -8.55591116714e-08 -0 0 1.64229524077e-16 2.77555756156e-17 2
Q_CUTCELL_CFL 1.98 100 0.0966777890474 0.0966777890474 0.188100596403 0 160
SHORE 1.98 100 40.125 0.000152347082543 0.490681548129
Q_MOMENTUM 1.98 100 0.0132504788537 1.42388149349 1.39648670706 0.415246109379 0.410910189573 0.926756336175 0.00153743515029
AMR_VOLUME_STAGE 1.98 100 0 40.526275132043921 -8.5559389918356867e-08
AMR_VOLUME_STAGE 1.98 100 1 40.526275132043921 -8.5559389918356867e-08
Q_CLEANUP 1.98 100 0 -0
AMR_VOLUME_STAGE 1.98 100 2 40.526275132043921 -8.5559389918356867e-08
POSTADAPT_REPROJECT 1.98 100 20 9.31517011829e-09 4.07713697865e-11 3.38613255491e-10 4.87872730001e-05 6.2351132442e-08 0.000322710054431 0.00401854800047
AMR_VOLUME_STAGE 1.98 100 3 40.526275132043921 -8.5559389918356867e-08
RUN 2 101 40.526275132 0.355847336011
Q_RUN 2 101 40.526275132043921 -8.55593900937e-08 -0 0 1.64365049349e-16 1.73743398141e-17 3
Q_CUTCELL_CFL 2 101 0.0963218652579 0.0963218652579 0.18766391924 0 160
SHORE 2 101 40.125 0.000152553335987 0.491546886611
Q_MOMENTUM 2 101 0.0130195706334 1.44482292988 1.41068576345 0.41504733621 0.410790169563 0.976086485261 0.00155010433537
AMR_VOLUME_STAGE 2 101 0 40.52627513203101 -8.5559708490946192e-08
AMR_VOLUME_STAGE 2 101 1 40.52627513203101 -8.5559708490946192e-08
Q_CLEANUP 2 101 0 -0
AMR_VOLUME_STAGE 2 101 2 40.52627513203101 -8.5559708490946192e-08
POSTADAPT_REPROJECT 2 101 20 9.96585113954e-09 3.99219323416e-11 3.48520018401e-10 4.24146536673e-05 6.04201165346e-08 0.000324533134329 0.00400576714237
AMR_VOLUME_STAGE 2 101 3 40.52627513203101 -8.5559708490946192e-08
RUN 2.02 102 40.526275132 0.354496928236
Q_RUN 2.02 102 40.52627513203101 -8.55597086663e-08 -0 0 1.64053341224e-16 6.07119335274e-17 7
Q_CUTCELL_CFL 2.02 102 0.0959725770253 0.0959725770253 0.187011367524 0 160
SHORE 2.02 102 40.125 0.00015215748843 0.492236193306
Q_MOMENTUM 2.02 102 0.0130077038858 1.45699747631 1.41947731499 0.414826679853 0.410545554942 1.01364186353 0.00155765768003
AMR_VOLUME_STAGE 2.02 102 0 40.526275132018945 -8.5560006199397844e-08
AMR_VOLUME_STAGE 2.02 102 1 40.526275132018945 -8.5560006199397844e-08
Q_CLEANUP 2.02 102 0 -0
AMR_VOLUME_STAGE 2.02 102 2 40.526275132018945 -8.5560006199397844e-08
POSTADAPT_REPROJECT 2.02 102 21 4.23342550002e-09 1.43026873516e-11 1.24010447744e-10 6.25136682776e-05 8.48572544788e-08 0.000314501706268 0.00398300350388
AMR_VOLUME_STAGE 2.02 102 3 40.526275132018945 -8.5560006199397844e-08
RUN 2.04 103 40.526275132 0.353091687029
Q_RUN 2.04 103 40.526275132018945 -8.55600063747e-08 -0 0 1.63714528045e-16 4.81385764584e-17 4
Q_CUTCELL_CFL 2.04 103 0.0955447964311 0.0955447964311 0.186073691794 0 160
SHORE 2.04 103 40.125 0.000151961775981 0.492614794367
Q_MOMENTUM 2.04 103 0.0128310122022 1.46503504426 1.4226793265 0.414552141969 0.410395970289 1.03408174131 0.00155896072824
AMR_VOLUME_STAGE 2.04 103 0 40.526275132023223 -8.5559900651407327e-08
AMR_VOLUME_STAGE 2.04 103 1 40.526275132023223 -8.5559900651407327e-08
Q_CLEANUP 2.04 103 0 -0
AMR_VOLUME_STAGE 2.04 103 2 40.526275132023223 -8.5559900651407327e-08
POSTADAPT_REPROJECT 2.04 103 21 3.80743086279e-09 1.60200672889e-11 1.40023976788e-10 6.2475365083e-05 7.26086519956e-08 0.000315996981335 0.00397010642836
AMR_VOLUME_STAGE 2.04 103 3 40.526275132023223 -8.5559900651407327e-08
RUN 2.06 104 40.526275132 0.351738456847
Q_RUN 2.06 104 40.526275132023223 -8.55599008267e-08 -0 0 1.64744520109e-16 6.07153216592e-17 8
Q_CUTCELL_CFL 2.06 104 0.0946402634186 0.0946402634186 0.184044288615 0 160
SHORE 2.06 104 40.125 0.000152237301725 0.492875659441
Q_MOMENTUM 2.06 104 0.0126261162626 1.46817689774 1.42244853851 0.41452412877 0.410316116001 1.04436856232 0.00155882155441
AMR_VOLUME_STAGE 2.06 104 0 40.526275132028033 -8.5559781953750224e-08
AMR_VOLUME_STAGE 2.06 104 1 40.526275132028033 -8.5559781953750224e-08
Q_CLEANUP 2.06 104 0 -0
AMR_VOLUME_STAGE 2.06 104 2 40.526275132028033 -8.5559781953750224e-08
POSTADAPT_REPROJECT 2.06 104 21 4.30046054171e-09 1.71193076788e-11 1.47840548831e-10 6.21164903744e-05 6.07965872317e-08 0.000317511436787 0.00395050309767
AMR_VOLUME_STAGE 2.06 104 3 40.526275132028033 -8.5559781953750224e-08
RUN 2.08 105 40.526275132 0.351184994137
Q_RUN 2.08 105 40.526275132028033 -8.55597821291e-08 -0 0 1.65808393491e-16 2.42865521801e-17 6
Q_CUTCELL_CFL 2.08 105 0.0940484330421 0.0940484330421 0.182833581835 0 160
SHORE 2.08 105 40.125 0.00015237249168 0.492819275658
Q_MOMENTUM 2.08 105 0.0125206762812 1.4653715524 1.41613166192 0.414565047561 0.410457548349 1.04024202531 0.00155350769943
AMR_VOLUME_STAGE 2.08 105 0 40.526275132033064 -8.555965782089758e-08
AMR_VOLUME_STAGE 2.08 105 1 40.526275132033064 -8.555965782089758e-08
Q_CLEANUP 2.08 105 0 -0
AMR_VOLUME_STAGE 2.08 105 2 40.526275132033064 -8.555965782089758e-08
POSTADAPT_REPROJECT 2.08 105 21 4.36183460812e-09 1.7897512078e-11 1.54870548677e-10 6.17506773515e-05 7.67870146426e-08 0.000319354409457 0.00393080559113
AMR_VOLUME_STAGE 2.08 105 3 40.526275132033064 -8.555965782089758e-08
RUN 2.1 106 40.526275132 0.3515423426
Q_RUN 2.1 106 40.526275132033064 -8.55596579962e-08 -0 0 1.66486019849e-16 3.90312782095e-18 2
Q_CUTCELL_CFL 2.1 106 0.0936907454846 0.0936907454846 0.18330375184 0 160
SHORE 2.1 106 40.125 0.000152504693151 0.491873006599
Q_MOMENTUM 2.1 106 0.0137790663728 1.45816620906 1.40655558305 0.415426040086 0.411145224952 1.0312852163 0.00154618738026
AMR_VOLUME_STAGE 2.1 106 0 40.526275132038442 -8.5559525096929438e-08
AMR_VOLUME_STAGE 2.1 106 1 40.526275132038442 -8.5559525096929438e-08
Q_CLEANUP 2.1 106 0 -0
AMR_VOLUME_STAGE 2.1 106 2 40.526275132038442 -8.5559525096929438e-08
POSTADAPT_REPROJECT 2.1 106 21 6.62750009798e-09 2.77761556225e-11 2.37972697104e-10 6.14415016599e-05 7.27025066256e-08 0.00032095901728 0.00390593345468
AMR_VOLUME_STAGE 2.1 106 3 40.526275132038442 -8.5559525096929438e-08
RUN 2.12 107 40.526275132 0.352385335794
Q_RUN 2.12 107 40.526275132038442 -8.55595252723e-08 -0 0 1.62196645004e-16 4.33680868994e-17 4
Q_CUTCELL_CFL 2.12 107 0.0936475876846 0.0936475876846 0.184000275993 0 160
SHORE 2.12 107 40.125 0.000153096252484 0.491008615237
Q_MOMENTUM 2.12 107 0.0142327988614 1.46376078112 1.40909541193 0.415920077552 0.411352993007 1.00494543545 0.0015527219803
AMR_VOLUME_STAGE 2.12 107 0 40.526275132046649 -8.5559322592063916e-08
AMR_VOLUME_STAGE 2.12 107 1 40.526275132046649 -8.5559322592063916e-08
Q_CLEANUP 2.12 107 0 -0
AMR_VOLUME_STAGE 2.12 107 2 40.526275132046649 -8.5559322592063916e-08
POSTADAPT_REPROJECT 2.12 107 21 7.12919553649e-09 2.86154029629e-11 2.46141166477e-10 6.12080070362e-05 9.4640220763e-08 0.000322837359073 0.00388896217154
AMR_VOLUME_STAGE 2.12 107 3 40.526275132046649 -8.5559322592063916e-08
RUN 2.14 108 40.526275132 0.353291631813
Q_RUN 2.14 108 40.526275132046649 -8.55593227674e-08 -0 0 1.66533453694e-16 2.42861286637e-17 3
Q_CUTCELL_CFL 2.14 108 0.0924360847119 0.0924360847119 0.182286596945 0 159
SHORE 2.14 108 40.125 0.000149155258173 0.491656875949
Q_MOMENTUM 2.14 108 0.0160308783659 1.45667375044 1.4015397156 0.415504509539 0.411190618358 0.965412833247 0.00156655769355
AMR_VOLUME_STAGE 2.14 108 0 40.526275132055147 -8.5559112898713989e-08
AMR_VOLUME_STAGE 2.14 108 1 40.526275132055147 -8.5559112898713989e-08
Q_CLEANUP 2.14 108 0 -0
AMR_VOLUME_STAGE 2.14 108 2 40.526275132055147 -8.5559112898713989e-08
POSTADAPT_REPROJECT 2.14 108 21 7.11672024594e-09 2.86072120088e-11 2.46840579227e-10 6.09224260355e-05 7.41732656105e-08 0.000324009273538 0.00385214306377
AMR_VOLUME_STAGE 2.14 108 3 40.526275132055147 -8.5559112898713989e-08
RUN 2.16 109 40.5262751321 0.354326593563
Q_RUN 2.16 109 40.526275132055147 -8.5559113074e-08 -0 0 1.63064006742e-16 6.93889390391e-18 2
Q_CUTCELL_CFL 2.16 109 0.0922908064175 0.0922908064175 0.182519277742 0 159
SHORE 2.16 109 40.125 0.000149030349369 0.498160561343
Q_MOMENTUM 2.16 109 0.0136557183714 1.45226191833 1.43262065377 0.415400457707 0.411097208318 0.921570251781 0.0015996380735
AMR_VOLUME_STAGE 2.16 109 0 40.526275132063681 -8.5558902328719624e-08
AMR_VOLUME_STAGE 2.16 109 1 40.526275132063681 -8.5558902328719624e-08
Q_CLEANUP 2.16 109 0 -0
AMR_VOLUME_STAGE 2.16 109 2 40.526275132063681 -8.5558902328719624e-08
POSTADAPT_REPROJECT 2.16 109 21 4.39109015727e-09 1.88465365435e-11 1.61799400267e-10 6.07305301949e-05 7.1761230263e-08 0.000326141954654 0.00383580193523
AMR_VOLUME_STAGE 2.16 109 3 40.526275132063681 -8.5558902328719624e-08
RUN 2.18 110 40.5262751321 0.354625956845
Q_RUN 2.18 110 40.526275132063681 -8.5558902504e-08 -0 0 1.6588293239e-16 4.33680868994e-17 6
Q_CUTCELL_CFL 2.18 110 0.0915466233903 0.0915466233903 0.181448938527 0 159
SHORE 2.18 110 40.125 0.000150548012273 0.507236269907
Q_MOMENTUM 2.18 110 0.0133474090874 1.47448991392 1.45151889464 0.415377800546 0.410984396698 0.933254943735 0.00162028863094
AMR_VOLUME_STAGE 2.18 110 0 40.526275132069138 -8.5558767676133708e-08
AMR_VOLUME_STAGE 2.18 110 1 40.526275132069138 -8.5558767676133708e-08
Q_CLEANUP 2.18 110 0 -0
AMR_VOLUME_STAGE 2.18 110 2 40.526275132069138 -8.5558767676133708e-08
POSTADAPT_REPROJECT 2.18 110 21 5.11921725908e-09 1.70882193474e-11 1.47337770456e-10 6.05933655591e-05 7.50120661517e-08 0.000328835101225 0.00382210493265
AMR_VOLUME_STAGE 2.18 110 3 40.526275132069138 -8.5558767676133708e-08
RUN 2.2 111 40.5262751321 0.354069541148
Q_RUN 2.2 111 40.526275132069138 -8.55587678515e-08 -0 0 1.66533453694e-16 6.28837260042e-17 6
Q_CUTCELL_CFL 2.2 111 0.0913747560311 0.0913747560311 0.181429110153 0 159
SHORE 2.2 111 40.125 0.000149720509492 0.516755350281
Q_MOMENTUM 2.2 111 0.0131130983755 1.49117243595 1.46168280772 0.415149562919 0.410821672292 0.984543088301 0.00163050684347
AMR_VOLUME_STAGE 2.2 111 0 40.526275132074282 -8.5558640738018877e-08
AMR_VOLUME_STAGE 2.2 111 1 40.526275132074282 -8.5558640738018877e-08
Q_CLEANUP 2.2 111 0 -0
AMR_VOLUME_STAGE 2.2 111 2 40.526275132074282 -8.5558640738018877e-08
POSTADAPT_REPROJECT 2.2 111 21 4.32472408015e-09 1.89756971069e-11 1.81184532655e-10 6.0402739519e-05 7.15339447127e-08 0.000329967090037 0.00378928571246
AMR_VOLUME_STAGE 2.2 111 3 40.526275132074282 -8.5558640738018877e-08
RUN 2.22 112 40.5262751321 0.352761542041
Q_RUN 2.22 112 40.526275132074282 -8.55586409133e-08 -0 0 1.66099772825e-16 7.41357116755e-17 8
Q_CUTCELL_CFL 2.22 112 0.0912042468582 0.0912042468582 0.181154739631 0 159
SHORE 2.22 112 40.125 0.000148708282228 0.52700120149
Q_MOMENTUM 2.22 112 0.0131027994171 1.49992087967 1.46739121141 0.414982891376 0.410600776765 1.02369667941 0.00163690930819
AMR_VOLUME_STAGE 2.22 112 0 40.526275132079441 -8.555851344924625e-08
AMR_VOLUME_STAGE 2.22 112 1 40.526275132079441 -8.555851344924625e-08
Q_CLEANUP 2.22 112 0 -0
AMR_VOLUME_STAGE 2.22 112 2 40.526275132079441 -8.555851344924625e-08
POSTADAPT_REPROJECT 2.22 112 21 4.31141840352e-09 1.88909270334e-11 1.79001799494e-10 6.02023080214e-05 9.84870646737e-08 0.000331669779578 0.00375898132482
AMR_VOLUME_STAGE 2.22 112 3 40.526275132079441 -8.555851344924625e-08
RUN 2.24 113 40.5262751321 0.351163076084
Q_RUN 2.24 113 40.526275132079441 -8.55585136246e-08 -0 0 1.65666091956e-16 2.99239799606e-17 4
Q_CUTCELL_CFL 2.24 113 0.0911874925097 0.0911874925097 0.181010376961 0 159
SHORE 2.24 113 40.125 0.000148546227583 0.536715866248
Q_MOMENTUM 2.24 113 0.0129389594518 1.50505755245 1.46727215988 0.414660622698 0.410386420979 1.04515798686 0.00163763918447
AMR_VOLUME_STAGE 2.24 113 0 40.526275132084578 -8.5558386686460304e-08
AMR_VOLUME_STAGE 2.24 113 1 40.526275132084578 -8.5558386686460304e-08
Q_CLEANUP 2.24 113 0 -0
AMR_VOLUME_STAGE 2.24 113 2 40.526275132084578 -8.5558386686460304e-08
POSTADAPT_REPROJECT 2.24 113 21 4.4406919737e-09 1.9229854041e-11 1.81262400922e-10 6.00956495354e-05 8.61533837604e-08 0.00033361789149 0.00373787060486
AMR_VOLUME_STAGE 2.24 113 3 40.526275132084578 -8.5558386686460304e-08
RUN 2.26 114 40.5262751321 0.349387814979
Q_RUN 2.26 114 40.526275132084578 -8.55583868618e-08 -0 0 1.66533453694e-16 2.47198095327e-17 4
Q_CUTCELL_CFL 2.26 114 0.090633162174 0.090633162174 0.179618339974 0 159
SHORE 2.26 114 40.125 0.000149151322276 0.546236755636
Q_MOMENTUM 2.26 114 0.0128481544406 1.50362206467 1.46306785196 0.414490821499 0.410141852579 1.05627176899 0.00163633024905
AMR_VOLUME_STAGE 2.26 114 0 40.52627513208985 -8.5558256592425477e-08
AMR_VOLUME_STAGE 2.26 114 1 40.52627513208985 -8.5558256592425477e-08
RUN 2.28 115 40.5262751321 0.34814020437
Q_RUN 2.28 115 40.52627513208985 -8.55582567678e-08 -0 0 1.62630325873e-16 1.56125112838e-17 2
Q_CUTCELL_CFL 2.28 115 0.0900477340777 0.0900477340777 0.178039181658 0 159
SHORE 2.28 115 40.125 0.445522720333 0.555298880394
Q_MOMENTUM 2.28 115 0.0132101528471 1.49893224009 1.45519148297 0.414283189055 0.409996178589 1.05221917856 0.00163101595004
AMR_VOLUME_STAGE 2.28 115 0 40.526275131698071 -8.5567923876646557e-08
AMR_VOLUME_STAGE 2.28 115 1 40.526275131698071 -8.5567923876646557e-08
Q_CLEANUP 2.28 115 0 -0
AMR_VOLUME_STAGE 2.28 115 2 40.526275131698071 -8.5567923876646557e-08
POSTADAPT_REPROJECT 2.28 115 21 4.37426156661e-09 1.88998536454e-11 1.75203164476e-10 6.11986411631e-05 6.285880173e-09 0.000350930361368 0.00384235070906
AMR_VOLUME_STAGE 2.28 115 3 40.526275131698071 -8.5567923876646557e-08
RUN 2.3 116 40.5262751317 0.346860951896
Q_RUN 2.3 116 40.526275131698071 -8.5567924052e-08 -0 0 1.66533453694e-16 7.4593109467e-17 7
Q_CUTCELL_CFL 2.3 116 0.0896664578786 0.0896664578786 0.176840709003 0 159
SHORE 2.3 116 40.125 0.00015011615308 0.561394341658
Q_MOMENTUM 2.3 116 0.0143384022352 1.48932033841 1.44423420731 0.414238283991 0.409703292093 1.03955537042 0.00162361908286
AMR_VOLUME_STAGE 2.3 116 0 40.526275131703201 -8.5567797289189496e-08
AMR_VOLUME_STAGE 2.3 116 1 40.526275131703201 -8.5567797289189496e-08
Q_CLEANUP 2.3 116 0 -0
AMR_VOLUME_STAGE 2.3 116 2 40.526275131703201 -8.5567797289189496e-08
POSTADAPT_REPROJECT 2.3 116 20 8.03409772935e-09 3.47439743789e-11 3.18709045266e-10 6.03437630364e-05 7.2484250294e-08 0.000346570412214 0.00373611374568
AMR_VOLUME_STAGE 2.3 116 3 40.526275131703201 -8.5567797289189496e-08
RUN 2.32 117 40.5262751317 0.346577876867
Q_RUN 2.32 117 40.526275131703201 -8.55677974645e-08 -0 0 1.6440570693e-16 4.51028103754e-17 4
Q_CUTCELL_CFL 2.32 117 0.089587509574 0.089587509574 0.177129922265 0 159
SHORE 2.32 117 40.125 0.000149897123601 0.563145132687
Q_MOMENTUM 2.32 117 0.0154947584236 1.49180976306 1.44386788467 0.413999976069 0.409109609163 1.01155394944 0.00162774467679
AMR_VOLUME_STAGE 2.32 117 0 40.526275131693623 -8.556803363253038e-08
AMR_VOLUME_STAGE 2.32 117 1 40.526275131693623 -8.556803363253038e-08
Q_CLEANUP 2.32 117 0 -0
AMR_VOLUME_STAGE 2.32 117 2 40.526275131693623 -8.556803363253038e-08
POSTADAPT_REPROJECT 2.32 117 21 4.11554573092e-09 1.91455237866e-11 1.74749908988e-10 5.97751389911e-05 7.13423316699e-08 0.000345229338998 0.00375052857467
AMR_VOLUME_STAGE 2.32 117 3 40.526275131693623 -8.556803363253038e-08
RUN 2.34 118 40.5262751317 0.347552670655
Q_RUN 2.34 118 40.526275131693623 -8.55680338079e-08 -0 0 1.57968256531e-16 5.55111512313e-17 5
Q_CUTCELL_CFL 2.34 118 0.088566301766 0.088566301766 0.175407091847 0 159
SHORE 2.34 118 40.125 0.000150784544441 0.565917701431
Q_MOMENTUM 2.34 118 0.0151263732132 1.4850220127 1.44958211558 0.413567284937 0.409001877654 0.973188317583 0.00164698685153
AMR_VOLUME_STAGE 2.34 118 0 40.526275131698853 -8.5567904590468889e-08
AMR_VOLUME_STAGE 2.34 118 1 40.526275131698853 -8.5567904590468889e-08
Q_CLEANUP 2.34 118 0 -0
AMR_VOLUME_STAGE 2.34 118 2 40.526275131698853 -8.5567904590468889e-08
POSTADAPT_REPROJECT 2.34 118 21 4.30812994136e-09 1.85053810581e-11 1.67537053675e-10 5.95782478195e-05 7.80804521091e-08 0.000345938371558 0.00381029640312
AMR_VOLUME_STAGE 2.34 118 3 40.526275131698853 -8.5567904590468889e-08
RUN 2.36 119 40.5262751317 0.349013209427
Q_RUN 2.36 119 40.526275131698853 -8.55679047658e-08 -0 0 1.56992474576e-16 2.94902990916e-17 3
Q_CUTCELL_CFL 2.36 119 0.0883423345806 0.0883423345806 0.175582266652 0 158
SHORE 2.36 119 40.125 0.000149972143765 0.571486477648
Q_MOMENTUM 2.36 119 0.014773768077 1.49408024198 1.47904469629 0.41333259664 0.408913969815 0.927522627572 0.00168014604238
AMR_VOLUME_STAGE 2.36 119 0 40.526275131703976 -8.5567778178340713e-08
AMR_VOLUME_STAGE 2.36 119 1 40.526275131703976 -8.5567778178340713e-08
RUN 2.38 120 40.5262751317 0.349799857495
Q_RUN 2.38 120 40.526275131703976 -8.55677783537e-08 -0 0 1.66533453694e-16 4.16333634234e-17 3
Q_CUTCELL_CFL 2.38 120 0.0876908180556 0.0876908180556 0.17482928842 0 158
SHORE 2.38 120 40.125 0.434864349451 0.578764884058
Q_MOMENTUM 2.38 120 0.0138049011742 1.51881672219 1.50014646046 0.413314329902 0.408812387732 0.927529145591 0.0017047410685
AMR_VOLUME_STAGE 2.38 120 0 40.526275131321512 -8.5577215606389747e-08
AMR_VOLUME_STAGE 2.38 120 1 40.526275131321512 -8.5577215606389747e-08
Q_CLEANUP 2.38 120 0 -0
AMR_VOLUME_STAGE 2.38 120 2 40.526275131321512 -8.5577215606389747e-08
POSTADAPT_REPROJECT 2.38 120 21 4.82810634951e-09 1.7117606934e-11 1.52122481278e-10 6.04601399183e-05 5.55159166547e-08 0.000360853764639 0.00411174102746
AMR_VOLUME_STAGE 2.38 120 3 40.526275131321512 -8.5577215606389747e-08
RUN 2.4 121 40.5262751313 0.349659234395
Q_RUN 2.4 121 40.526275131321512 -8.55772157817e-08 -0 0 1.66533453694e-16 4.85722573274e-17 4
Q_CUTCELL_CFL 2.4 121 0.0873909890624 0.0873909890624 0.174659215913 0 158
SHORE 2.4 121 40.125 0.000152216763683 0.586659286414
Q_MOMENTUM 2.4 121 0.013503436733 1.53630144543 1.51115964551 0.413068751769 0.408666447777 0.981321989118 0.00171770232066
AMR_VOLUME_STAGE 2.4 121 0 40.526275131326294 -8.5577097610048197e-08
AMR_VOLUME_STAGE 2.4 121 1 40.526275131326294 -8.5577097610048197e-08
Q_CLEANUP 2.4 121 0 -0
AMR_VOLUME_STAGE 2.4 121 2 40.526275131326294 -8.5577097610048197e-08
POSTADAPT_REPROJECT 2.4 121 21 4.14368660176e-09 1.76766412456e-11 1.56294976961e-10 5.96363154072e-05 6.77144630751e-08 0.000356687532882 0.0041120517731
AMR_VOLUME_STAGE 2.4 121 3 40.526275131326294 -8.5577097610048197e-08
RUN 2.42 122 40.5262751313 0.348591223839
Q_RUN 2.42 122 40.526275131326294 -8.55770977854e-08 -0 0 1.59262522875e-16 2.42861286637e-17 4
Q_CUTCELL_CFL 2.42 122 0.0871494252754 0.0871494252754 0.174372046142 0 158
SHORE 2.42 122 40.125 0.000151924985303 0.594232040846
Q_MOMENTUM 2.42 122 0.0134349921528 1.54577128899 1.51721725991 0.412900884038 0.40846690154 1.02253599046 0.00172599552099
AMR_VOLUME_STAGE 2.42 122 0 40.526275131331261 -8.5576975055155557e-08
AMR_VOLUME_STAGE 2.42 122 1 40.526275131331261 -8.5576975055155557e-08
Q_CLEANUP 2.42 122 0 -0
AMR_VOLUME_STAGE 2.42 122 2 40.526275131331261 -8.5576975055155557e-08
POSTADAPT_REPROJECT 2.42 122 21 4.08743439056e-09 1.73956284755e-11 1.52145587795e-10 5.91496571626e-05 6.87355814489e-08 0.00035560650273 0.00415223718555
AMR_VOLUME_STAGE 2.42 122 3 40.526275131331261 -8.5576975055155557e-08
RUN 2.44 123 40.5262751313 0.347074211778
Q_RUN 2.44 123 40.526275131331261 -8.55769752305e-08 -0 0 1.65666091956e-16 2.77555756156e-17 2
Q_CUTCELL_CFL 2.44 123 0.0870248544078 0.0870248544078 0.174081817924 0 158
SHORE 2.44 123 40.125 0.000151752791896 0.6010741411
Q_MOMENTUM 2.44 123 0.0132054131141 1.55067942625 1.51704905652 0.412522692774 0.408210983902 1.04573914155 0.00172801352025
AMR_VOLUME_STAGE 2.44 123 0 40.526275131336106 -8.5576855480854003e-08
AMR_VOLUME_STAGE 2.44 123 1 40.526275131336106 -8.5576855480854003e-08
Q_CLEANUP 2.44 123 0 -0
AMR_VOLUME_STAGE 2.44 123 2 40.526275131336106 -8.5576855480854003e-08
POSTADAPT_REPROJECT 2.44 123 21 3.88479718115e-09 1.64806956157e-11 1.41993479474e-10 5.88934411672e-05 9.29164255166e-08 0.000356791156025 0.00421406524902
AMR_VOLUME_STAGE 2.44 123 3 40.526275131336106 -8.5576855480854003e-08
RUN 2.46 124 40.5262751313 0.345261048266
Q_RUN 2.46 124 40.526275131336106 -8.55768556562e-08 -0 0 1.65828722282e-16 3.77302356025e-17 4
Q_CUTCELL_CFL 2.46 124 0.0870306537484 0.0870306537484 0.173877971378 0 158
SHORE 2.46 124 40.125 0.000151534072526 0.607254448389
Q_MOMENTUM 2.46 124 0.0131408268874 1.54940835584 1.51350551542 0.412323825112 0.40796310628 1.05864515203 0.00172719600497
AMR_VOLUME_STAGE 2.46 124 0 40.526275131340746 -8.5576740991090205e-08
AMR_VOLUME_STAGE 2.46 124 1 40.526275131340746 -8.5576740991090205e-08
Q_CLEANUP 2.46 124 0 -0
AMR_VOLUME_STAGE 2.46 124 2 40.526275131340746 -8.5576740991090205e-08
POSTADAPT_REPROJECT 2.46 124 21 3.53393600017e-09 1.49550354981e-11 1.25947245688e-10 5.87052391963e-05 8.34569859987e-08 0.000357899056907 0.00428378038637
AMR_VOLUME_STAGE 2.46 124 3 40.526275131340746 -8.5576740991090205e-08
RUN 2.48 125 40.5262751313 0.343707889858
Q_RUN 2.48 125 40.526275131340746 -8.55767411664e-08 -0 0 1.66404704686e-16 0 0
Q_CUTCELL_CFL 2.48 125 0.0869188343761 0.0869188343761 0.173293181819 0 158
SHORE 2.48 125 40.125 0.000152012661196 0.612627197342
Q_MOMENTUM 2.48 125 0.0128158337644 1.54508956593 1.50641740774 0.411879434644 0.407664193161 1.05593706938 0.00172218888524
AMR_VOLUME_STAGE 2.48 125 0 40.526275131345024 -8.5576635443099689e-08
AMR_VOLUME_STAGE 2.48 125 1 40.526275131345024 -8.5576635443099689e-08
Q_CLEANUP 2.48 125 0 -0
AMR_VOLUME_STAGE 2.48 125 2 40.526275131345024 -8.5576635443099689e-08
POSTADAPT_REPROJECT 2.48 125 20 9.4981356989e-09 4.20050779701e-11 3.47429821024e-10 5.85781491746e-05 5.97516653954e-08 0.000360007472612 0.00436142509004
AMR_VOLUME_STAGE 2.48 125 3 40.526275131345024 -8.5576635443099689e-08
RUN 2.5 126 40.5262751313 0.342559658558
Q_RUN 2.5 126 40.526275131345024 -8.55766356184e-08 -0 0 1.66208193042e-16 4.51028103754e-17 4
Q_CUTCELL_CFL 2.5 126 0.0865321371328 0.0865321371328 0.172015727272 0 158
SHORE 2.5 126 40.125 0.000151584698477 0.616790478189
Q_MOMENTUM 2.5 126 0.0148689467389 1.53754622515 1.49757780765 0.411641505889 0.40732870432 1.04550535076 0.00171554703872
AMR_VOLUME_STAGE 2.5 126 0 40.526275131333101 -8.5576929644973588e-08
AMR_VOLUME_STAGE 2.5 126 1 40.526275131333101 -8.5576929644973588e-08
Q_CLEANUP 2.5 126 0 -0
AMR_VOLUME_STAGE 2.5 126 2 40.526275131333101 -8.5576929644973588e-08
POSTADAPT_REPROJECT 2.5 126 21 5.01726271965e-09 2.1095778667e-11 1.70240953279e-10 5.85412052136e-05 9.05206064146e-08 0.000362542590778 0.00444053218437
AMR_VOLUME_STAGE 2.5 126 3 40.526275131333101 -8.5576929644973588e-08
RUN 2.52 127 40.5262751313 0.341656058784
Q_RUN 2.52 127 40.526275131333101 -8.55769298203e-08 -0 0 1.63009796633e-16 2.77555756156e-17 2
Q_CUTCELL_CFL 2.52 127 0.0863601652426 0.0863601652426 0.171678308144 0 158
SHORE 2.52 127 40.125 0.000152796754077 0.616172203111
Q_MOMENTUM 2.52 127 0.0148723851751 1.53902500193 1.49625027386 0.411665613467 0.406752539717 1.02011011175 0.00171837096312
AMR_VOLUME_STAGE 2.52 127 0 40.526275131339084 -8.557678201804997e-08
AMR_VOLUME_STAGE 2.52 127 1 40.526275131339084 -8.557678201804997e-08
Q_CLEANUP 2.52 127 0 -0
AMR_VOLUME_STAGE 2.52 127 2 40.526275131339084 -8.557678201804997e-08
POSTADAPT_REPROJECT 2.52 127 21 4.69641519402e-09 1.99970287911e-11 1.62989968744e-10 5.83817843429e-05 9.24314990455e-08 0.000364545097269 0.00452409822453
AMR_VOLUME_STAGE 2.52 127 3 40.526275131339084 -8.557678201804997e-08
RUN 2.54 128 40.5262751313 0.3424763477
Q_RUN 2.54 128 40.526275131339084 -8.55767821934e-08 -0 0 1.56016692621e-16 1.38777878078e-17 1
Q_CUTCELL_CFL 2.54 128 0.0854038153198 0.0854038153198 0.169916785635 0 158
SHORE 2.54 128 40.125 0.000152282560243 0.618798051952
Q_MOMENTUM 2.54 128 0.01564681884 1.53413883715 1.49087997975 0.411335027748 0.406510047478 0.987858539892 0.00171316312277
AMR_VOLUME_STAGE 2.54 128 0 40.52627513134486 -8.557663947566411e-08
AMR_VOLUME_STAGE 2.54 128 1 40.52627513134486 -8.557663947566411e-08
Q_CLEANUP 2.54 128 0 -0
AMR_VOLUME_STAGE 2.54 128 2 40.52627513134486 -8.557663947566411e-08
POSTADAPT_REPROJECT 2.54 128 21 4.31462878786e-09 1.76700951869e-11 1.43632543359e-10 5.82395472613e-05 8.57573057768e-08 0.000366498852731 0.00460752790474
AMR_VOLUME_STAGE 2.54 128 3 40.52627513134486 -8.557663947566411e-08
RUN 2.56 129 40.5262751313 0.34389189118
Q_RUN 2.56 129 40.52627513134486 -8.5576639651e-08 -0 0 1.66533453694e-16 6.93889390391e-18 1
Q_CUTCELL_CFL 2.56 129 0.0848711013511 0.0848711013511 0.169350279242 0 158
SHORE 2.56 129 40.125 0.000150975538101 0.622400808622
Q_MOMENTUM 2.56 129 0.0163797301688 1.52922238567 1.51979019 0.41094581395 0.406568089061 0.93613160621 0.00174156401361
AMR_VOLUME_STAGE 2.56 129 0 40.526275131350012 -8.5576512362220381e-08
AMR_VOLUME_STAGE 2.56 129 1 40.526275131350012 -8.5576512362220381e-08
RUN 2.58 130 40.5262751314 0.345010888124
Q_RUN 2.58 130 40.526275131350012 -8.55765125375e-08 -0 0 1.66343718314e-16 5.20417042793e-18 1
Q_CUTCELL_CFL 2.58 130 0.0841902553995 0.0841902553995 0.168512599105 0 158
SHORE 2.58 130 40.125 0.460807346563 0.626481076962
Q_MOMENTUM 2.58 130 0.013947832819 1.56092789441 1.54812767209 0.41104650622 0.406555512882 0.912459394277 0.00177418251887
AMR_VOLUME_STAGE 2.58 130 0 40.52627513094712 -8.5586453860822139e-08
AMR_VOLUME_STAGE 2.58 130 1 40.52627513094712 -8.5586453860822139e-08
RUN 2.6 131 40.5262751309 0.345334758711
Q_RUN 2.6 131 40.52627513094712 -8.55864540362e-08 -0 0 1.66533453694e-16 1.56125112838e-17 2
Q_CUTCELL_CFL 2.6 131 0.0835291991856 0.0835291991856 0.167634006449 0 158
SHORE 2.6 131 40.125 0.488428167016 0.630236891282
Q_MOMENTUM 2.6 131 0.0136674767017 1.58231224532 1.56315547817 0.410950316835 0.406564259788 0.970641896416 0.00179220000095
AMR_VOLUME_STAGE 2.6 131 0 40.526275130597142 -8.5595089685195694e-08
AMR_VOLUME_STAGE 2.6 131 1 40.526275130597142 -8.5595089685195694e-08
Q_CLEANUP 2.6 131 0 -0
AMR_VOLUME_STAGE 2.6 131 2 40.526275130597142 -8.5595089685195694e-08
POSTADAPT_REPROJECT 2.6 131 20 6.0610232182e-09 2.45131233987e-11 1.98081821778e-10 5.96158486971e-05 1.50430901033e-08 0.000395697820999 0.00515400961222
AMR_VOLUME_STAGE 2.6 131 3 40.526275130597142 -8.5595089685195694e-08
RUN 2.62 132 40.5262751306 0.344616187594
Q_RUN 2.62 132 40.526275130597142 -8.55950898605e-08 -0 0 1.66533453694e-16 7.8062556419e-18 2
Q_CUTCELL_CFL 2.62 132 0.0830952767285 0.0830952767285 0.167126182469 0 158
SHORE 2.62 132 40.125 0.000174802191478 0.632880095377
Q_MOMENTUM 2.62 132 0.0135920406765 1.5948783404 1.57164220334 0.41090781718 0.406474344145 1.01544860007 0.00180377298887
AMR_VOLUME_STAGE 2.62 132 0 40.526275130589759 -8.5595271851910226e-08
AMR_VOLUME_STAGE 2.62 132 1 40.526275130589759 -8.5595271851910226e-08
Q_CLEANUP 2.62 132 0 -0
AMR_VOLUME_STAGE 2.62 132 2 40.526275130589759 -8.5595271851910226e-08
POSTADAPT_REPROJECT 2.62 132 20 4.97421068521e-09 1.86295633963e-11 1.59227166174e-10 7.30374837982e-05 5.32012360366e-08 0.000390986689072 0.00510145670728
AMR_VOLUME_STAGE 2.62 132 3 40.526275130589759 -8.5595271851910226e-08
RUN 2.64 133 40.5262751306 0.343296895545
Q_RUN 2.64 133 40.526275130589759 -8.55952720272e-08 -0 0 1.63606107828e-16 0 0
Q_CUTCELL_CFL 2.64 133 0.0827730096868 0.0827730096868 0.166543995373 0 159
SHORE 2.64 133 40.125 0.00017406550755 0.634540328626
Q_MOMENTUM 2.64 133 0.0133417044181 1.60210343287 1.57418527344 0.410612437247 0.406307772372 1.04192036609 0.00180919037572
AMR_VOLUME_STAGE 2.64 133 0 40.526275130584459 -8.5595402647260593e-08
AMR_VOLUME_STAGE 2.64 133 1 40.526275130584459 -8.5595402647260593e-08
Q_CLEANUP 2.64 133 0 -0
AMR_VOLUME_STAGE 2.64 133 2 40.526275130584459 -8.5595402647260593e-08
POSTADAPT_REPROJECT 2.64 133 20 4.55370376335e-09 1.69561199984e-11 1.44918840816e-10 3.96771928956e-05 1.71284915746e-08 0.000365581695942 0.00510752720101
AMR_VOLUME_STAGE 2.64 133 3 40.526275130584459 -8.5595402647260593e-08
RUN 2.66 134 40.5262751306 0.341499203926
Q_RUN 2.66 134 40.526275130584459 -8.55954028226e-08 -0 0 1.63064006742e-16 4.38017677684e-17 4
Q_CUTCELL_CFL 2.66 134 0.0827052452471 0.0827052452471 0.166280214365 0 159
SHORE 2.66 134 40.125 0.000174264456156 0.63562966125
Q_MOMENTUM 2.66 134 0.0132840777952 1.60474918954 1.57418545849 0.410397697097 0.406061095704 1.0572210052 0.00181221139925
AMR_VOLUME_STAGE 2.66 134 0 40.526275130579585 -8.5595522922877688e-08
AMR_VOLUME_STAGE 2.66 134 1 40.526275130579585 -8.5595522922877688e-08
Q_CLEANUP 2.66 134 0 -0
AMR_VOLUME_STAGE 2.66 134 2 40.526275130579585 -8.5595522922877688e-08
POSTADAPT_REPROJECT 2.66 134 20 6.38047924516e-09 2.35974501193e-11 2.01723880655e-10 3.95601824152e-05 1.74786369818e-08 0.000365370109615 0.00514911612835
AMR_VOLUME_STAGE 2.66 134 3 40.526275130579585 -8.5595522922877688e-08
RUN 2.68 135 40.5262751306 0.339801722201
Q_RUN 2.68 135 40.526275130579585 -8.55955230982e-08 -0 0 1.6393136848e-16 3.68628738645e-17 4
Q_CUTCELL_CFL 2.68 135 0.0827167928975 0.0827167928975 0.166021072717 0 159
SHORE 2.68 135 40.125 0.000174948110528 0.63624303421
Q_MOMENTUM 2.68 135 0.0129768681723 1.60432424694 1.57110850657 0.409944287225 0.40575354857 1.05648956555 0.00181157328055
AMR_VOLUME_STAGE 2.68 135 0 40.526275130572628 -8.5595694569858948e-08
AMR_VOLUME_STAGE 2.68 135 1 40.526275130572628 -8.5595694569858948e-08
Q_CLEANUP 2.68 135 0 -0
AMR_VOLUME_STAGE 2.68 135 2 40.526275130572628 -8.5595694569858948e-08
POSTADAPT_REPROJECT 2.68 135 20 5.74610532959e-09 2.11915612105e-11 1.80932865912e-10 3.9787502791e-05 3.78540434006e-08 0.000367040224669 0.0052145271545
AMR_VOLUME_STAGE 2.68 135 3 40.526275130572628 -8.5595694569858948e-08
RUN 2.7 136 40.5262751306 0.338602777945
Q_RUN 2.7 136 40.526275130572628 -8.55956947452e-08 -0 0 1.59960478023e-16 4.81385764584e-17 4
Q_CUTCELL_CFL 2.7 136 0.0827505117229 0.0827505117229 0.165671271168 0 158
SHORE 2.7 136 40.125 0.000174538326206 0.636734913998
Q_MOMENTUM 2.7 136 0.0128701276152 1.60120463396 1.56609419676 0.40979958419 0.405649613126 1.04744534998 0.00180871956013
AMR_VOLUME_STAGE 2.7 136 0 40.526275130566368 -8.5595849034609186e-08
AMR_VOLUME_STAGE 2.7 136 1 40.526275130566368 -8.5595849034609186e-08
Q_CLEANUP 2.7 136 0 -0
AMR_VOLUME_STAGE 2.7 136 2 40.526275130566368 -8.5595849034609186e-08
POSTADAPT_REPROJECT 2.7 136 20 6.21021539412e-09 1.8144777386e-11 1.53676696368e-10 4.00322370254e-05 2.65833783537e-08 0.000369625763852 0.00528960009255
AMR_VOLUME_STAGE 2.7 136 3 40.526275130566368 -8.5595849034609186e-08
RUN 2.72 137 40.5262751306 0.338389997015
Q_RUN 2.72 137 40.526275130566368 -8.55958492099e-08 -0 0 1.66533453694e-16 4.85722573274e-17 5
Q_CUTCELL_CFL 2.72 137 0.0828163520209 0.0828163520209 0.166403670819 0 158
SHORE 2.72 137 40.125 0.000174533874976 0.636661470117
Q_MOMENTUM 2.72 137 0.0136800843335 1.60542401107 1.56743666677 0.409653626517 0.405219698243 1.02648546025 0.00181323656649
AMR_VOLUME_STAGE 2.72 137 0 40.526275130560997 -8.5595981583248443e-08
AMR_VOLUME_STAGE 2.72 137 1 40.526275130560997 -8.5595981583248443e-08
Q_CLEANUP 2.72 137 0 -0
AMR_VOLUME_STAGE 2.72 137 2 40.526275130560997 -8.5595981583248443e-08
POSTADAPT_REPROJECT 2.72 137 19 8.9866527268e-09 3.48335064053e-11 2.94075735985e-10 4.02952175746e-05 3.76594779188e-08 0.000372305946513 0.00537318789685
AMR_VOLUME_STAGE 2.72 137 3 40.526275130560997 -8.5595981583248443e-08
RUN 2.74 138 40.5262751306 0.338924401213
Q_RUN 2.74 138 40.526275130560997 -8.55959817586e-08 -0 0 1.62101777314e-16 2.81892564846e-17 3
Q_CUTCELL_CFL 2.74 138 0.0828479796332 0.0828479796332 0.167372751452 0 158
SHORE 2.74 138 40.125 0.000174512471183 0.635130818604
Q_MOMENTUM 2.74 138 0.0155866242687 1.60079900307 1.56084937987 0.409190516332 0.404758355484 0.994678084076 0.00180819089475
AMR_VOLUME_STAGE 2.74 138 0 40.526275130571449 -8.5595723674454347e-08
AMR_VOLUME_STAGE 2.74 138 1 40.526275130571449 -8.5595723674454347e-08
Q_CLEANUP 2.74 138 0 -0
AMR_VOLUME_STAGE 2.74 138 2 40.526275130571449 -8.5595723674454347e-08
POSTADAPT_REPROJECT 2.74 138 19 8.95306483096e-09 3.17291393809e-11 2.6429305966e-10 4.05619007586e-05 2.88201858618e-08 0.000375307936903 0.00545798253675
AMR_VOLUME_STAGE 2.74 138 3 40.526275130571449 -8.5595723674454347e-08
RUN 2.76 139 40.5262751306 0.339910101072
Q_RUN 2.76 139 40.526275130571449 -8.55957238498e-08 -0 0 1.60573729877e-16 1.38777878078e-17 1
Q_CUTCELL_CFL 2.76 139 0.0827231381368 0.0827231381368 0.167543194918 0 158
SHORE 2.76 139 40.125 0.000174229634095 0.632665792819
Q_MOMENTUM 2.76 139 0.0160158263462 1.60081188376 1.55856923467 0.408991515874 0.404785029116 0.939253548529 0.0018080766387
AMR_VOLUME_STAGE 2.76 139 0 40.526275130581084 -8.5595485928482344e-08
AMR_VOLUME_STAGE 2.76 139 1 40.526275130581084 -8.5595485928482344e-08
Q_CLEANUP 2.76 139 0 -0
AMR_VOLUME_STAGE 2.76 139 2 40.526275130581084 -8.5595485928482344e-08
POSTADAPT_REPROJECT 2.76 139 19 8.72657762133e-09 3.02913859724e-11 2.48265394354e-10 4.05167553952e-05 4.513129428e-08 0.000378202152755 0.00554735054892
AMR_VOLUME_STAGE 2.76 139 3 40.526275130581084 -8.5595485928482344e-08
RUN 2.78 140 40.5262751306 0.341216907485
Q_RUN 2.78 140 40.526275130581084 -8.55954861038e-08 -0 0 1.6479364802e-16 4.81385764584e-17 4
Q_CUTCELL_CFL 2.78 140 0.0817906816774 0.0817906816774 0.165795619596 0 158
SHORE 2.78 140 40.125 0.000173863654442 0.63212897275
Q_MOMENTUM 2.78 140 0.01381216497 1.5968167419 1.57408938909 0.409289205455 0.404864617574 0.910214552618 0.00181077924593
AMR_VOLUME_STAGE 2.78 140 0 40.526275130590236 -8.5595260104874733e-08
AMR_VOLUME_STAGE 2.78 140 1 40.526275130590236 -8.5595260104874733e-08
Q_CLEANUP 2.78 140 0 -0
AMR_VOLUME_STAGE 2.78 140 2 40.526275130590236 -8.5595260104874733e-08
POSTADAPT_REPROJECT 2.78 140 19 6.66782592202e-09 2.74070504474e-11 2.1956460261e-10 4.05475043581e-05 4.56027912461e-08 0.000381503291077 0.00563602296265
AMR_VOLUME_STAGE 2.78 140 3 40.526275130590236 -8.5595260104874733e-08
RUN 2.8 141 40.5262751306 0.341758853005
Q_RUN 2.8 141 40.526275130590236 -8.55952602802e-08 -0 0 1.66533453694e-16 3.29597460436e-17 3
Q_CUTCELL_CFL 2.8 141 0.0809328060719 0.0809328060719 0.164339309691 0 158
SHORE 2.8 141 40.125 0.000173367856004 0.630271794751
Q_MOMENTUM 2.8 141 0.0134629284765 1.60404444454 1.59418430657 0.409288688834 0.404913574971 0.950344568281 0.00183590005405
AMR_VOLUME_STAGE 2.8 141 0 40.526275130598563 -8.5595054619418112e-08
AMR_VOLUME_STAGE 2.8 141 1 40.526275130598563 -8.5595054619418112e-08
Q_CLEANUP 2.8 141 0 -0
AMR_VOLUME_STAGE 2.8 141 2 40.526275130598563 -8.5595054619418112e-08
POSTADAPT_REPROJECT 2.8 141 19 7.52791841721e-09 2.67099438768e-11 2.11969650166e-10 4.05034920609e-05 5.13098209073e-08 0.00038484932801 0.00572786985948
AMR_VOLUME_STAGE 2.8 141 3 40.526275130598563 -8.5595054619418112e-08
RUN 2.82 142 40.5262751306 0.341294848326
Q_RUN 2.82 142 40.526275130598563 -8.55950547947e-08 -0 0 1.66533453694e-16 2.6047957194e-17 5
Q_CUTCELL_CFL 2.82 142 0.080270362273 0.080270362273 0.163260462653 0 158
SHORE 2.82 142 40.125 0.000173461391411 0.627369795749
Q_MOMENTUM 2.82 142 0.0134918307976 1.61916874898 1.60504221479 0.409381598691 0.404920799441 0.998863204616 0.00185186591459
AMR_VOLUME_STAGE 2.82 142 0 40.526275130606649 -8.5594855095143674e-08
AMR_VOLUME_STAGE 2.82 142 1 40.526275130606649 -8.5594855095143674e-08
Q_CLEANUP 2.82 142 0 -0
AMR_VOLUME_STAGE 2.82 142 2 40.526275130606649 -8.5594855095143674e-08
POSTADAPT_REPROJECT 2.82 142 19 7.18910619154e-09 2.45791075081e-11 1.94020327582e-10 4.06285402767e-05 5.6061163794e-08 0.00038879739881 0.00581820854368
AMR_VOLUME_STAGE 2.82 142 3 40.526275130606649 -8.5594855095143674e-08
RUN 2.84 143 40.5262751306 0.340178432798
Q_RUN 2.84 143 40.526275130606649 -8.55948552705e-08 -0 0 1.66099772825e-16 6.67868538251e-17 6
Q_CUTCELL_CFL 2.84 143 0.079981586349 0.079981586349 0.16265947446 0 157
SHORE 2.84 143 40.125 0.000173488381122 0.624027056392
Q_MOMENTUM 2.84 143 0.0132823261536 1.62933200046 1.61042790637 0.40923621567 0.404879533209 1.02867140411 0.00186158480119
AMR_VOLUME_STAGE 2.84 143 0 40.526275130614046 -8.5594672577771372e-08
AMR_VOLUME_STAGE 2.84 143 1 40.526275130614046 -8.5594672577771372e-08
RUN 2.86 144 40.5262751306 0.338488788562
Q_RUN 2.86 144 40.526275130614046 -8.55946727531e-08 -0 0 1.66465691058e-16 6.20163642662e-17 5
Q_CUTCELL_CFL 2.86 144 0.0798382000768 0.0798382000768 0.162198964065 0 157
SHORE 2.86 144 40.125 0.514812586647 0.621940880938
Q_MOMENTUM 2.86 144 0.0132933662005 1.63573655716 1.61405617638 0.409212594748 0.404799597884 1.04638262084 0.00186935380462
AMR_VOLUME_STAGE 2.86 144 0 40.526275130975954 -8.5585742376195033e-08
AMR_VOLUME_STAGE 2.86 144 1 40.526275130975954 -8.5585742376195033e-08
RUN 2.88 145 40.526275131 0.336647821995
Q_RUN 2.88 145 40.526275130975954 -8.55857425515e-08 -0 0 1.61437703483e-16 7.8062556419e-17 7
Q_CUTCELL_CFL 2.88 145 0.0798090324002 0.0798090324002 0.161821605843 0 157
SHORE 2.88 145 40.125 0.515033386085 0.622793960708
Q_MOMENTUM 2.88 145 0.013063945048 1.6393596406 1.61457325243 0.408864603693 0.404584076963 1.04809941586 0.00187319634419
AMR_VOLUME_STAGE 2.88 145 0 40.526275130811065 -8.5589811058367654e-08
AMR_VOLUME_STAGE 2.88 145 1 40.526275130811065 -8.5589811058367654e-08
Q_CLEANUP 2.88 145 0 -0
AMR_VOLUME_STAGE 2.88 145 2 40.526275130811065 -8.5589811058367654e-08
POSTADAPT_REPROJECT 2.88 145 19 8.42104142234e-09 2.90367357936e-11 2.24748969435e-10 4.24625477946e-05 5.47098503325e-08 0.000423116624639 0.00644451674317
AMR_VOLUME_STAGE 2.88 145 3 40.526275130811065 -8.5589811058367654e-08
RUN 2.9 146 40.5262751308 0.335143010801
Q_RUN 2.9 146 40.526275130811065 -8.55898112337e-08 -0 0 1.64798730218e-16 4.55364912444e-17 5
Q_CUTCELL_CFL 2.9 146 0.0798178915561 0.0798178915561 0.161417469558 0 157
SHORE 2.9 146 40.125 0.00016814613026 0.623342561071
Q_MOMENTUM 2.9 146 0.0126914079174 1.64072260504 1.61371998277 0.408767465789 0.404492653281 1.040604263 0.00187524829795
AMR_VOLUME_STAGE 2.9 146 0 40.526275130820032 -8.5589589793311132e-08
AMR_VOLUME_STAGE 2.9 146 1 40.526275130820032 -8.5589589793311132e-08
Q_CLEANUP 2.9 146 0 -0
AMR_VOLUME_STAGE 2.9 146 2 40.526275130820032 -8.5589589793311132e-08
POSTADAPT_REPROJECT 2.9 146 19 7.85508957879e-09 2.62373821123e-11 2.00265005967e-10 4.14399525689e-05 4.3912003948e-09 0.000415383529393 0.00636632603689
AMR_VOLUME_STAGE 2.9 146 3 40.526275130820032 -8.5589589793311132e-08
RUN 2.92 147 40.5262751308 0.334657123179
Q_RUN 2.92 147 40.526275130820032 -8.55895899686e-08 -0 0 1.6613873634e-16 2.51534904017e-17 3
Q_CUTCELL_CFL 2.92 147 0.0798434374581 0.0798434374581 0.161304702745 0 157
SHORE 2.92 147 40.125 0.000168111451458 0.623426886226
Q_MOMENTUM 2.92 147 0.0134183153682 1.63999250325 1.61032045265 0.408521824555 0.404091489059 1.02127900164 0.00187387027374
AMR_VOLUME_STAGE 2.92 147 0 40.526275130828161 -8.5589389217063371e-08
AMR_VOLUME_STAGE 2.92 147 1 40.526275130828161 -8.5589389217063371e-08
Q_CLEANUP 2.92 147 0 -0
AMR_VOLUME_STAGE 2.92 147 2 40.526275130828161 -8.5589389217063371e-08
POSTADAPT_REPROJECT 2.92 147 19 7.12470169754e-09 2.36356442587e-11 1.79895711175e-10 4.07940023851e-05 3.06578505104e-08 0.000414002109377 0.00637215759146
AMR_VOLUME_STAGE 2.92 147 3 40.526275130828161 -8.5589389217063371e-08
RUN 2.94 148 40.5262751308 0.334938520696
Q_RUN 2.94 148 40.526275130828161 -8.55893893924e-08 -0 0 1.66533453694e-16 4.33680868994e-17 4
Q_CUTCELL_CFL 2.94 148 0.0798886421721 0.0798886421721 0.162287831885 0 157
SHORE 2.94 148 40.125 0.00016636410016 0.622503130258
Q_MOMENTUM 2.94 148 0.0167766400238 1.63327725703 1.60213853273 0.408006950354 0.403635324 0.991391845365 0.00186655306704
AMR_VOLUME_STAGE 2.94 148 0 40.526275130835572 -8.5589206349033286e-08
AMR_VOLUME_STAGE 2.94 148 1 40.526275130835572 -8.5589206349033286e-08
Q_CLEANUP 2.94 148 0 -0
AMR_VOLUME_STAGE 2.94 148 2 40.526275130835572 -8.5589206349033286e-08
POSTADAPT_REPROJECT 2.94 148 19 4.39620266319e-09 1.44326045424e-11 1.08108078045e-10 4.03405809747e-05 2.98434773316e-08 0.000415515773382 0.0064141244923
AMR_VOLUME_STAGE 2.94 148 3 40.526275130835572 -8.5589206349033286e-08
RUN 2.96 149 40.5262751308 0.335257525239
Q_RUN 2.96 149 40.526275130835572 -8.55892065244e-08 -0 0 1.66533453694e-16 8.67361737988e-18 2
Q_CUTCELL_CFL 2.96 149 0.0799755421162 0.0799755421162 0.162994209888 0 157
SHORE 2.96 149 40.125 0.000165788270813 0.618256772083
Q_MOMENTUM 2.96 149 0.0147612962554 1.63753104489 1.60349113282 0.407696675911 0.40343653883 0.936069198966 0.00187080567784
AMR_VOLUME_STAGE 2.96 149 0 40.526275130840112 -8.5589094313873918e-08
AMR_VOLUME_STAGE 2.96 149 1 40.526275130840112 -8.5589094313873918e-08
Q_CLEANUP 2.96 149 0 -0
AMR_VOLUME_STAGE 2.96 149 2 40.526275130840112 -8.5589094313873918e-08
POSTADAPT_REPROJECT 2.96 149 19 4.07415967434e-09 1.72503652936e-11 1.36544177007e-10 8.23518576431e-05 1.35594523506e-08 0.000441789298153 0.00647920736806
AMR_VOLUME_STAGE 2.96 149 3 40.526275130840112 -8.5589094313873918e-08
RUN 2.98 150 40.5262751308 0.336757133235
Q_RUN 2.98 150 40.526275130840112 -8.55890944892e-08 -0 0 1.66533453694e-16 2.77555756156e-17 3
Q_CUTCELL_CFL 2.98 150 0.0800039588585 0.0800039588585 0.162873456937 0 157
SHORE 2.98 150 40.125 0.000165888612537 0.61865245444
Q_MOMENTUM 2.98 150 0.0144058394174 1.63247634979 1.59585596465 0.407976628126 0.403452791995 0.918748477068 0.00186436884496
AMR_VOLUME_STAGE 2.98 150 0 40.526275130845384 -8.5588964219839105e-08
AMR_VOLUME_STAGE 2.98 150 1 40.526275130845384 -8.5588964219839105e-08
Q_CLEANUP 2.98 150 0 -0
AMR_VOLUME_STAGE 2.98 150 2 40.526275130845384 -8.5588964219839105e-08
POSTADAPT_REPROJECT 2.98 150 19 4.77248695749e-09 1.52382881584e-11 1.16955112262e-10 7.83673662931e-06 1.03573777061e-07 7.77582355979e-05 0.000812671472528
AMR_VOLUME_STAGE 2.98 150 3 40.526275130845384 -8.5588964219839105e-08
RUN 3 151 40.5262751308 0.337700403243
Q_RUN 3 151 40.526275130845384 -8.55889643952e-08 -0 0 1.66533453694e-16 3.03576608296e-18 1
Q_CUTCELL_CFL 3 151 0.0793216429414 0.0793216429414 0.161777767908 0 158
SHORE 3 151 40.125 0.000165881418638 0.617275150484
Q_MOMENTUM 3 151 0.0135479118065 1.61902569631 1.61483796121 0.408049238904 0.403580480176 0.954572756704 0.0018740090808
AMR_VOLUME_STAGE 3 151 0 40.526275130850166 -8.5588846223497541e-08
AMR_VOLUME_STAGE 3 151 1 40.526275130850166 -8.5588846223497541e-08
RUN 3.02 152 40.5262751309 0.337616357639
Q_RUN 3.02 152 40.526275130850166 -8.55888463988e-08 -0 0 1.65666091956e-16 2.12503625807e-17 3
Q_CUTCELL_CFL 3.02 152 0.0785642960664 0.0785642960664 0.160572786723 0 157
SHORE 3.02 152 40.125 0.483040653751 0.615037488028
Q_MOMENTUM 3.02 152 0.0135207663798 1.63530871781 1.62901121422 0.408172368224 0.403624039079 0.987875961992 0.00189400555372
AMR_VOLUME_STAGE 3.02 152 0 40.526275131123654 -8.5582097814602239e-08
AMR_VOLUME_STAGE 3.02 152 1 40.526275131123654 -8.5582097814602239e-08
Q_CLEANUP 3.02 152 0 -0
AMR_VOLUME_STAGE 3.02 152 2 40.526275131123654 -8.5582097814602239e-08
POSTADAPT_REPROJECT 3.02 152 19 3.99203230563e-09 1.25693120885e-11 9.03440725009e-11 8.91451991503e-06 1.31901599944e-07 8.20066036858e-05 0.000913890751796
AMR_VOLUME_STAGE 3.02 152 3 40.526275131123654 -8.5582097814602239e-08
RUN 3.04 153 40.5262751311 0.336741153045
Q_RUN 3.04 153 40.526275131123654 -8.55820979899e-08 -0 0 1.66533453694e-16 2.25514051877e-17 4
Q_CUTCELL_CFL 3.04 153 0.0782121350936 0.0782121350936 0.159955825249 0 157
SHORE 3.04 153 40.125 0.000164303196963 0.613977754928
Q_MOMENTUM 3.04 153 0.0132742421695 1.64747685034 1.63685889965 0.408001974011 0.403572136534 1.00723566997 0.00190647830609
AMR_VOLUME_STAGE 3.04 153 0 40.526275131127619 -8.5581999981082795e-08
AMR_VOLUME_STAGE 3.04 153 1 40.526275131127619 -8.5581999981082795e-08
Q_CLEANUP 3.04 153 0 -0
AMR_VOLUME_STAGE 3.04 153 2 40.526275131127619 -8.5581999981082795e-08
POSTADAPT_REPROJECT 3.04 153 19 3.76783742422e-09 1.17693330513e-11 8.21518235383e-11 9.07079383022e-06 1.00199281263e-07 8.19142835729e-05 0.000919108467826
AMR_VOLUME_STAGE 3.04 153 3 40.526275131127619 -8.5581999981082795e-08
RUN 3.06 154 40.5262751311 0.335131873969
Q_RUN 3.06 154 40.526275131127619 -8.55820001564e-08 -0 0 1.65666091956e-16 2.08166817117e-17 3
Q_CUTCELL_CFL 3.06 154 0.0780272991364 0.0780272991364 0.159466680083 0 157
SHORE 3.06 154 40.125 0.000164239499255 0.614981276977
Q_MOMENTUM 3.06 154 0.0132694249453 1.65539698051 1.64228120457 0.407908869796 0.403427779202 1.02511406849 0.00191593475198
AMR_VOLUME_STAGE 3.06 154 0 40.526275131131335 -8.5581908284074418e-08
AMR_VOLUME_STAGE 3.06 154 1 40.526275131131335 -8.5581908284074418e-08
Q_CLEANUP 3.06 154 0 -0
AMR_VOLUME_STAGE 3.06 154 2 40.526275131131335 -8.5581908284074418e-08
POSTADAPT_REPROJECT 3.06 154 19 3.36904168723e-09 1.0771025574e-11 7.28873801592e-11 9.29183585902e-06 9.96868405101e-08 8.24365475294e-05 0.000936270649375
AMR_VOLUME_STAGE 3.06 154 3 40.526275131131335 -8.5581908284074418e-08
RUN 3.08 155 40.5262751311 0.333284167429
Q_RUN 3.08 155 40.526275131131335 -8.55819084594e-08 -0 0 1.66533453694e-16 9.10729824888e-18 2
Q_CUTCELL_CFL 3.08 155 0.077974769537 0.077974769537 0.159087010973 0 157
SHORE 3.08 155 40.125 0.000164124884836 0.615491152372
Q_MOMENTUM 3.08 155 0.0130268230116 1.66043325185 1.64422800888 0.407562327414 0.403215690025 1.02929346338 0.00192092442374
AMR_VOLUME_STAGE 3.08 155 0 40.526275131134732 -8.5581824476865999e-08
AMR_VOLUME_STAGE 3.08 155 1 40.526275131134732 -8.5581824476865999e-08
Q_CLEANUP 3.08 155 0 -0
AMR_VOLUME_STAGE 3.08 155 2 40.526275131134732 -8.5581824476865999e-08
POSTADAPT_REPROJECT 3.08 155 18 7.65222399497e-09 3.07767559059e-11 2.06242444997e-10 9.54889229744e-06 1.07278703529e-07 8.3110343906e-05 0.00095642486141
AMR_VOLUME_STAGE 3.08 155 3 40.526275131134732 -8.5581824476865999e-08
RUN 3.1 156 40.5262751311 0.331467946696
Q_RUN 3.1 156 40.526275131134732 -8.55818246522e-08 -0 0 1.66208193042e-16 2.12503625807e-17 3
Q_CUTCELL_CFL 3.1 156 0.0779815159183 0.0779815159183 0.158707375221 0 157
SHORE 3.1 156 40.125 0.000164389206518 0.615638710284
Q_MOMENTUM 3.1 156 0.0127939503292 1.66287442812 1.64462797623 0.407331333732 0.40292441772 1.02384636261 0.00192375413745
AMR_VOLUME_STAGE 3.1 156 0 40.526275131124876 -8.5582067658033516e-08
AMR_VOLUME_STAGE 3.1 156 1 40.526275131124876 -8.5582067658033516e-08
Q_CLEANUP 3.1 156 0 -0
AMR_VOLUME_STAGE 3.1 156 2 40.526275131124876 -8.5582067658033516e-08
POSTADAPT_REPROJECT 3.1 156 18 9.73013227618e-09 2.94129891348e-11 1.9781528672e-10 9.81227288908e-06 9.86601819551e-08 8.3882310624e-05 0.000975801928756
AMR_VOLUME_STAGE 3.1 156 3 40.526275131124876 -8.5582067658033516e-08
RUN 3.12 157 40.5262751311 0.330720404061
Q_RUN 3.12 157 40.526275131124876 -8.55820678334e-08 -0 0 1.63497687611e-16 4.25007251614e-17 5
Q_CUTCELL_CFL 3.12 157 0.0780026549923 0.0780026549923 0.158248053493 0 157
SHORE 3.12 157 40.125 0.000164275848893 0.615799861346
Q_MOMENTUM 3.12 157 0.0136093387612 1.66280425616 1.64163728698 0.407118600208 0.402622558057 1.0056727336 0.00192223596202
AMR_VOLUME_STAGE 3.12 157 0 40.526275131115533 -8.5582298215521115e-08
AMR_VOLUME_STAGE 3.12 157 1 40.526275131115533 -8.5582298215521115e-08
RUN 3.14 158 40.5262751311 0.33088171311
Q_RUN 3.14 158 40.526275131115533 -8.55822983908e-08 -0 0 1.65710137669e-16 2.08166817117e-17 3
Q_CUTCELL_CFL 3.14 158 0.078046483339 0.078046483339 0.158807294947 0 157
SHORE 3.14 158 40.125 0.503371497803 0.615566646729
Q_MOMENTUM 3.14 158 0.0138492179105 1.65722878211 1.63458489612 0.406676996423 0.402440908259 0.977179578894 0.00191556690628
AMR_VOLUME_STAGE 3.14 158 0 40.526275131314911 -8.5577378486926611e-08
AMR_VOLUME_STAGE 3.14 158 1 40.526275131314911 -8.5577378486926611e-08
RUN 3.16 159 40.5262751313 0.331725471873
Q_RUN 3.16 159 40.526275131314911 -8.55773786623e-08 -0 0 1.65716913933e-16 1.90819582357e-17 4
Q_CUTCELL_CFL 3.16 159 0.0781311311815 0.0781311311815 0.159774842074 0 157
SHORE 3.16 159 40.125 0.536583680749 0.613293997088
Q_MOMENTUM 3.16 159 0.0133519534761 1.65879981266 1.63296641873 0.406860876848 0.402597654468 0.957388148237 0.00191522732207
AMR_VOLUME_STAGE 3.16 159 0 40.526275131397249 -8.5575346775773622e-08
AMR_VOLUME_STAGE 3.16 159 1 40.526275131397249 -8.5575346775773622e-08
Q_CLEANUP 3.16 159 0 -0
AMR_VOLUME_STAGE 3.16 159 2 40.526275131397249 -8.5575346775773622e-08
POSTADAPT_REPROJECT 3.16 159 18 5.47253447669e-09 1.61816834981e-11 1.07163864588e-10 1.14577514132e-05 2.26411413308e-07 9.02007517394e-05 0.00109933514331
AMR_VOLUME_STAGE 3.16 159 3 40.526275131397249 -8.5575346775773622e-08
RUN 3.18 160 40.5262751314 0.333096986139
Q_RUN 3.18 160 40.526275131397249 -8.55753469511e-08 -0 0 1.66533453694e-16 2.68882138776e-17 3
Q_CUTCELL_CFL 3.18 160 0.0781932319484 0.0781932319484 0.160209361811 0 157
SHORE 3.18 160 40.125 0.000154193668319 0.612452965488
Q_MOMENTUM 3.18 160 0.0155844479055 1.65256863685 1.62445873621 0.406962278276 0.402627930928 0.944215890334 0.00190672483631
AMR_VOLUME_STAGE 3.18 160 0 40.526275131391976 -8.5575476869808436e-08
AMR_VOLUME_STAGE 3.18 160 1 40.526275131391976 -8.5575476869808436e-08
Q_CLEANUP 3.18 160 0 -0
AMR_VOLUME_STAGE 3.18 160 2 40.526275131391976 -8.5575476869808436e-08
POSTADAPT_REPROJECT 3.18 160 18 5.1630172879e-09 1.51717711913e-11 1.00132790948e-10 1.15571217798e-05 6.63569414757e-08 8.91375683029e-05 0.00108669640904
AMR_VOLUME_STAGE 3.18 160 3 40.526275131391976 -8.5575476869808436e-08
RUN 3.2 161 40.5262751314 0.334370353355
Q_RUN 3.2 161 40.526275131391976 -8.55754770451e-08 -0 0 1.61329283266e-16 3.66189283757e-17 5
Q_CUTCELL_CFL 3.2 161 0.0779918596565 0.0779918596565 0.160043807947 0 157
SHORE 3.2 161 40.125 0.000153837346839 0.61112860633
Q_MOMENTUM 3.2 161 0.013417624441 1.64715940359 1.62895717078 0.407357270083 0.402968965309 0.965418277535 0.00190116378647
AMR_VOLUME_STAGE 3.2 161 0 40.52627513138696 -8.5575600652003296e-08
AMR_VOLUME_STAGE 3.2 161 1 40.52627513138696 -8.5575600652003296e-08
Q_CLEANUP 3.2 161 0 -0
AMR_VOLUME_STAGE 3.2 161 2 40.52627513138696 -8.5575600652003296e-08
POSTADAPT_REPROJECT 3.2 161 18 4.95729980232e-09 1.51464794104e-11 1.02433134891e-10 1.16200763474e-05 1.56582572496e-08 8.9677186985e-05 0.00110155324053
AMR_VOLUME_STAGE 3.2 161 3 40.52627513138696 -8.5575600652003296e-08
RUN 3.22 162 40.5262751314 0.334476138343
Q_RUN 3.22 162 40.52627513138696 -8.55756008273e-08 -0 0 1.66533453694e-16 5.03069808033e-17 6
Q_CUTCELL_CFL 3.22 162 0.0771295615723 0.0771295615723 0.15868265084 0 157
SHORE 3.22 162 40.125 0.000153635845636 0.609507405792
Q_MOMENTUM 3.22 162 0.0132624427419 1.64427406566 1.64504322921 0.407491247063 0.402997550365 1.00346494495 0.00192266700394
AMR_VOLUME_STAGE 3.22 162 0 40.526275131382086 -8.5575720927620391e-08
AMR_VOLUME_STAGE 3.22 162 1 40.526275131382086 -8.5575720927620391e-08
Q_CLEANUP 3.22 162 0 -0
AMR_VOLUME_STAGE 3.22 162 2 40.526275131382086 -8.5575720927620391e-08
POSTADAPT_REPROJECT 3.22 162 18 3.06036782885e-09 1.40704055512e-11 9.27113281979e-11 1.18119190728e-05 6.84326913335e-08 9.01870810818e-05 0.00111542272828
AMR_VOLUME_STAGE 3.22 162 3 40.526275131382086 -8.5575720927620391e-08
RUN 3.24 163 40.5262751314 0.333830812758
Q_RUN 3.24 163 40.526275131382086 -8.55757211029e-08 -0 0 1.63064006742e-16 1.86482773668e-17 3
Q_CUTCELL_CFL 3.24 163 0.0767123467925 0.0767123467925 0.157958645444 0 156
SHORE 3.24 163 40.125 0.000153816959778 0.610745618305
Q_MOMENTUM 3.24 163 0.0130684111554 1.658088189 1.65543261432 0.407454827787 0.403041476292 1.02553774722 0.00193732903886
AMR_VOLUME_STAGE 3.24 163 0 40.526275131377417 -8.5575836118699742e-08
AMR_VOLUME_STAGE 3.24 163 1 40.526275131377417 -8.5575836118699742e-08
Q_CLEANUP 3.24 163 0 -0
AMR_VOLUME_STAGE 3.24 163 2 40.526275131377417 -8.5575836118699742e-08
POSTADAPT_REPROJECT 3.24 163 18 3.03627799379e-09 1.29019324426e-11 8.20167302129e-11 1.21228404612e-05 6.98491262626e-08 9.12181412242e-05 0.00113478729191
AMR_VOLUME_STAGE 3.24 163 3 40.526275131377417 -8.5575836118699742e-08
RUN 3.26 164 40.5262751314 0.332396841417
Q_RUN 3.26 164 40.526275131377417 -8.5575836294e-08 -0 0 1.65964247553e-16 5.63785129692e-18 3
Q_CUTCELL_CFL 3.26 164 0.076469385359 0.076469385359 0.157473476566 0 156
SHORE 3.26 164 40.125 0.000153752169992 0.611537037677
Q_MOMENTUM 3.26 164 0.0131028271229 1.66834415625 1.66308961344 0.407485625237 0.402994837455 1.03250921937 0.00194848523877
AMR_VOLUME_STAGE 3.26 164 0 40.526275131373168 -8.5575940965374718e-08
AMR_VOLUME_STAGE 3.26 164 1 40.526275131373168 -8.5575940965374718e-08
Q_CLEANUP 3.26 164 0 -0
AMR_VOLUME_STAGE 3.26 164 2 40.526275131373168 -8.5575940965374718e-08
POSTADAPT_REPROJECT 3.26 164 18 6.23827290042e-09 1.81184284286e-11 1.18476197603e-10 1.23832604184e-05 6.85418742822e-08 9.20882070646e-05 0.00115008909028
AMR_VOLUME_STAGE 3.26 164 3 40.526275131373168 -8.5575940965374718e-08
RUN 3.28 165 40.5262751314 0.330746042328
Q_RUN 3.28 165 40.526275131373168 -8.55759411407e-08 -0 0 1.66533453694e-16 4.64038529824e-17 4
Q_CUTCELL_CFL 3.28 165 0.0763488983703 0.0763488983703 0.157057360969 0 156
SHORE 3.28 165 40.125 0.000153547581748 0.611916859708
Q_MOMENTUM 3.28 165 0.0129025597908 1.6758283539 1.66791687117 0.407394105059 0.403020633073 1.02792717855 0.00195596170928
AMR_VOLUME_STAGE 3.28 165 0 40.526275131367228 -8.5576087540325e-08
AMR_VOLUME_STAGE 3.28 165 1 40.526275131367228 -8.5576087540325e-08
Q_CLEANUP 3.28 165 0 -0
AMR_VOLUME_STAGE 3.28 165 2 40.526275131367228 -8.5576087540325e-08
POSTADAPT_REPROJECT 3.28 165 18 5.95021124343e-09 1.71948237235e-11 1.11534177727e-10 1.27899906641e-05 7.06204598511e-08 9.31487400774e-05 0.00117023515868
AMR_VOLUME_STAGE 3.28 165 3 40.526275131367228 -8.5576087540325e-08
RUN 3.3 166 40.5262751314 0.329057434123
Q_RUN 3.3 166 40.526275131367228 -8.55760877157e-08 -0 0 1.61762964135e-16 0 0
Q_CUTCELL_CFL 3.3 166 0.0763363858126 0.0763363858126 0.156742043572 0 156
SHORE 3.3 166 40.125 0.00015390735112 0.612020780957
Q_MOMENTUM 3.3 166 0.0127030087392 1.68127584395 1.67097397271 0.407435380622 0.40299503938 1.01629263411 0.00196106406594
AMR_VOLUME_STAGE 3.3 166 0 40.52627513136165 -8.5576225173502001e-08
AMR_VOLUME_STAGE 3.3 166 1 40.52627513136165 -8.5576225173502001e-08
Q_CLEANUP 3.3 166 0 -0
AMR_VOLUME_STAGE 3.3 166 2 40.52627513136165 -8.5576225173502001e-08
POSTADAPT_REPROJECT 3.3 166 18 5.70494444437e-09 1.64918553245e-11 1.06153916386e-10 1.31252108677e-05 7.21033418554e-08 9.4344723052e-05 0.00119103782643
AMR_VOLUME_STAGE 3.3 166 3 40.52627513136165 -8.5576225173502001e-08
RUN 3.32 167 40.5262751314 0.328084782389
Q_RUN 3.32 167 40.52627513136165 -8.55762253488e-08 -0 0 1.66533453694e-16 3.85975973405e-17 5
Q_CUTCELL_CFL 3.32 167 0.0763441141502 0.0763441141502 0.156354928537 0 156
SHORE 3.32 167 40.125 0.000153478336253 0.611821028885
Q_MOMENTUM 3.32 167 0.0132387384964 1.68394347603 1.67088641104 0.40721917808 0.4028031469 1.00538590885 0.00196219974286
AMR_VOLUME_STAGE 3.32 167 0 40.526275131356257 -8.5576358248127912e-08
AMR_VOLUME_STAGE 3.32 167 1 40.526275131356257 -8.5576358248127912e-08
Q_CLEANUP 3.32 167 0 -0
AMR_VOLUME_STAGE 3.32 167 2 40.526275131356257 -8.5576358248127912e-08
POSTADAPT_REPROJECT 3.32 167 18 3.4260547779e-09 1.49384572792e-11 1.0719317144e-10 1.01342662561e-05 5.52248827622e-08 9.6796234011e-05 0.00120793059687
AMR_VOLUME_STAGE 3.32 167 3 40.526275131356257 -8.5576358248127912e-08
RUN 3.34 168 40.5262751314 0.327989171607
Q_RUN 3.34 168 40.526275131356257 -8.55763584235e-08 -0 0 1.66164147329e-16 1.64798730218e-17 2
Q_CUTCELL_CFL 3.34 168 0.0763669288489 0.0763669288489 0.156366686627 0 156
SHORE 3.34 168 40.125 0.000153431662945 0.611263452555
Q_MOMENTUM 3.34 168 0.012350151329 1.68140014782 1.66638749022 0.406914659215 0.40268985725 0.992792689326 0.00195789814035
AMR_VOLUME_STAGE 3.34 168 0 40.526275131351618 -8.5576472737891709e-08
AMR_VOLUME_STAGE 3.34 168 1 40.526275131351618 -8.5576472737891709e-08
Q_CLEANUP 3.34 168 0 -0
AMR_VOLUME_STAGE 3.34 168 2 40.526275131351618 -8.5576472737891709e-08
POSTADAPT_REPROJECT 3.34 168 18 5.01331637662e-09 1.39597074831e-11 9.79730398372e-11 1.03713798133e-05 5.11241182474e-08 9.82725389912e-05 0.00122431532378
AMR_VOLUME_STAGE 3.34 168 3 40.526275131351618 -8.5576472737891709e-08
RUN 3.36 169 40.5262751314 0.328762399767
Q_RUN 3.36 169 40.526275131351618 -8.55764729132e-08 -0 0 1.64365049349e-16 1.38777878078e-17 1
Q_CUTCELL_CFL 3.36 169 0.0764272620334 0.0764272620334 0.157345493532 0 156
SHORE 3.36 169 40.125 0.000153392387355 0.60959374504
Q_MOMENTUM 3.36 169 0.0122247014493 1.67445637646 1.6568939784 0.406570712298 0.402505875665 0.97880525774 0.00194769564097
AMR_VOLUME_STAGE 3.36 169 0 40.526275131347319 -8.5576578811868894e-08
AMR_VOLUME_STAGE 3.36 169 1 40.526275131347319 -8.5576578811868894e-08
RUN 3.38 170 40.5262751313 0.329910181163
Q_RUN 3.38 170 40.526275131347319 -8.55765789872e-08 -0 0 1.64798730218e-16 0 0
Q_CUTCELL_CFL 3.38 170 0.0765597330933 0.0765597330933 0.158086039347 0 156
SHORE 3.38 170 40.125 0.495074050486 0.607780061312
Q_MOMENTUM 3.38 170 0.0157813599287 1.6661078356 1.64657969419 0.406472006169 0.402365119807 0.964973704598 0.00193626466469
AMR_VOLUME_STAGE 3.38 170 0 40.526275130978846 -8.558567101733766e-08
AMR_VOLUME_STAGE 3.38 170 1 40.526275130978846 -8.558567101733766e-08
Q_CLEANUP 3.38 170 0 -0
AMR_VOLUME_STAGE 3.38 170 2 40.526275130978846 -8.558567101733766e-08
POSTADAPT_REPROJECT 3.38 170 18 3.26655388372e-09 1.2466588338e-11 8.58098778665e-11 1.2797863603e-05 5.34864743852e-08 0.000101806948041 0.00129253113544
AMR_VOLUME_STAGE 3.38 170 3 40.526275130978846 -8.558567101733766e-08
RUN 3.4 171 40.526275131 0.331035714444
Q_RUN 3.4 171 40.526275130978846 -8.55856711927e-08 -0 0 1.66533453694e-16 0 0
Q_CUTCELL_CFL 3.4 171 0.0767131943225 0.0767131943225 0.158732542952 0 156
SHORE 3.4 171 40.125 0.000149264017457 0.606017013003
Q_MOMENTUM 3.4 171 0.0139666578657 1.66872389026 1.64499818495 0.406749506793 0.402522616027 0.983680726273 0.00193485750125
AMR_VOLUME_STAGE 3.4 171 0 40.526275130974994 -8.5585766045594904e-08
AMR_VOLUME_STAGE 3.4 171 1 40.526275130974994 -8.5585766045594904e-08
Q_CLEANUP 3.4 171 0 -0
AMR_VOLUME_STAGE 3.4 171 2 40.526275130974994 -8.5585766045594904e-08
POSTADAPT_REPROJECT 3.4 171 18 4.47711031313e-09 1.22834428453e-11 8.32507006041e-11 1.34596162767e-05 5.35208863872e-08 0.000101477519379 0.00128650382002
AMR_VOLUME_STAGE 3.4 171 3 40.526275130974994 -8.5585766045594904e-08
RUN 3.42 172 40.526275131 0.331367554806
Q_RUN 3.42 172 40.526275130974994 -8.55857662209e-08 -0 0 1.66533453694e-16 5.59448321003e-17 6
Q_CUTCELL_CFL 3.42 172 0.076753469862 0.076753469862 0.159108982797 0 156
SHORE 3.42 172 40.125 0.00014956988334 0.607438393703
Q_MOMENTUM 3.42 172 0.0135850078598 1.66269999043 1.63621919796 0.407144166299 0.402649673897 1.02498711865 0.00192479772229
AMR_VOLUME_STAGE 3.42 172 0 40.52627513097125 -8.5585858443918821e-08
AMR_VOLUME_STAGE 3.42 172 1 40.52627513097125 -8.5585858443918821e-08
Q_CLEANUP 3.42 172 0 -0
AMR_VOLUME_STAGE 3.42 172 2 40.52627513097125 -8.5585858443918821e-08
POSTADAPT_REPROJECT 3.42 172 18 4.37049736722e-09 1.22592922199e-11 8.25169134411e-11 1.41521639829e-05 5.66645585218e-08 0.00010195265149 0.00129303362034
AMR_VOLUME_STAGE 3.42 172 3 40.52627513097125 -8.5585858443918821e-08
RUN 3.44 173 40.526275131 0.330955896919
Q_RUN 3.44 173 40.52627513097125 -8.55858586192e-08 -0 0 1.66533453694e-16 2.77555756156e-17 3
Q_CUTCELL_CFL 3.44 173 0.0766035683688 0.0766035683688 0.159052475022 0 155
SHORE 3.44 173 40.125 0.000149537454684 0.608554693064
Q_MOMENTUM 3.44 173 0.0133538830407 1.65315598462 1.64166264767 0.407212367967 0.402746628148 1.04900826359 0.00192606255441
AMR_VOLUME_STAGE 3.44 173 0 40.526275130967498 -8.5585951017571636e-08
AMR_VOLUME_STAGE 3.44 173 1 40.526275130967498 -8.5585951017571636e-08
Q_CLEANUP 3.44 173 0 -0
AMR_VOLUME_STAGE 3.44 173 2 40.526275130967498 -8.5585951017571636e-08
POSTADAPT_REPROJECT 3.44 173 18 4.28361143561e-09 1.20790529387e-11 8.04681273871e-11 1.47762979493e-05 4.89964949177e-08 0.000102827566243 0.00130141244551
AMR_VOLUME_STAGE 3.44 173 3 40.526275130967498 -8.5585951017571636e-08
RUN 3.46 174 40.526275131 0.329775342246
Q_RUN 3.46 174 40.526275130967498 -8.55859511929e-08 -0 0 1.66533453694e-16 3.81639164715e-17 5
Q_CUTCELL_CFL 3.46 174 0.0762340834201 0.0762340834201 0.158338303776 0 155
SHORE 3.46 174 40.125 0.000149498162203 0.60924525117
Q_MOMENTUM 3.46 174 0.0133894403839 1.64900032125 1.65489254318 0.407329015141 0.402760208895 1.05701187366 0.00194327094124
AMR_VOLUME_STAGE 3.46 174 0 40.526275130963761 -8.5586043240566668e-08
AMR_VOLUME_STAGE 3.46 174 1 40.526275130963761 -8.5586043240566668e-08
RUN 3.48 175 40.526275131 0.328200089655
Q_RUN 3.48 175 40.526275130963761 -8.55860434159e-08 -0 0 1.66533453694e-16 3.72965547335e-17 5
Q_CUTCELL_CFL 3.48 175 0.076031717702 0.076031717702 0.157816725686 0 155
SHORE 3.48 175 40.125 0.507211373339 0.609382785121
Q_MOMENTUM 3.48 175 0.0131901020552 1.66172893421 1.66477718502 0.407172743966 0.402677272457 1.05156796844 0.00195622316443
AMR_VOLUME_STAGE 3.48 175 0 40.526275130679011 -8.55930695457493e-08
AMR_VOLUME_STAGE 3.48 175 1 40.526275130679011 -8.55930695457493e-08
Q_CLEANUP 3.48 175 0 -0
AMR_VOLUME_STAGE 3.48 175 2 40.526275130679011 -8.55930695457493e-08
POSTADAPT_REPROJECT 3.48 175 18 2.97481375546e-09 1.07389696324e-11 7.1591818411e-11 1.6427146577e-05 1.47264582563e-07 0.000107903897354 0.00137129235419
AMR_VOLUME_STAGE 3.48 175 3 40.526275130679011 -8.55930695457493e-08
RUN 3.5 176 40.5262751307 0.326518900323
Q_RUN 3.5 176 40.526275130679011 -8.55930697211e-08 -0 0 1.63064006742e-16 2.73218947466e-17 5
Q_CUTCELL_CFL 3.5 176 0.075939220004 0.075939220004 0.157396018167 0 155
SHORE 3.5 176 40.125 0.000149447384025 0.609158234017
Q_MOMENTUM 3.5 176 0.013697157702 1.67227410825 1.67250440172 0.407090248934 0.402367545751 1.03762351363 0.00196630494887
AMR_VOLUME_STAGE 3.5 176 0 40.526275130675849 -8.5593147567104408e-08
AMR_VOLUME_STAGE 3.5 176 1 40.526275130675849 -8.5593147567104408e-08
Q_CLEANUP 3.5 176 0 -0
AMR_VOLUME_STAGE 3.5 176 2 40.526275130675849 -8.5593147567104408e-08
POSTADAPT_REPROJECT 3.5 176 18 3.95670007999e-09 1.14808048764e-11 7.47623360789e-11 1.67193174614e-05 3.82369971321e-08 0.000107415723824 0.00135096436001
AMR_VOLUME_STAGE 3.5 176 3 40.526275130675849 -8.5593147567104408e-08
RUN 3.52 177 40.5262751307 0.325429567677
Q_RUN 3.52 177 40.526275130675849 -8.55931477424e-08 -0 0 1.66533453694e-16 4.64038529824e-17 5
Q_CUTCELL_CFL 3.52 177 0.0759397040185 0.0759397040185 0.157045658728 0 154
SHORE 3.52 177 40.125 0.000149204267622 0.608523658062
Q_MOMENTUM 3.52 177 0.0128708836563 1.67837594886 1.67548345472 0.406686513998 0.402251868038 1.0240794573 0.00197047801917
AMR_VOLUME_STAGE 3.52 177 0 40.52627513067246 -8.5593231198983943e-08
AMR_VOLUME_STAGE 3.52 177 1 40.52627513067246 -8.5593231198983943e-08
Q_CLEANUP 3.52 177 0 -0
AMR_VOLUME_STAGE 3.52 177 2 40.52627513067246 -8.5593231198983943e-08
POSTADAPT_REPROJECT 3.52 177 17 7.97002132303e-09 2.38787806321e-11 1.58698817976e-10 3.66502170429e-05 1.32434471898e-08 0.000129477628307 0.00134573755779
AMR_VOLUME_STAGE 3.52 177 3 40.52627513067246 -8.5593231198983943e-08
RUN 3.54 178 40.5262751307 0.325287118316
Q_RUN 3.54 178 40.52627513067246 -8.55932313743e-08 -0 0 1.61329283266e-16 1.38777878078e-17 1
Q_CUTCELL_CFL 3.54 178 0.0759545699857 0.0759545699857 0.156621444158 0 154
SHORE 3.54 178 40.125 0.000148768286375 0.607791965221
Q_MOMENTUM 3.54 178 0.0121590349722 1.68101484757 1.67570095897 0.406494476805 0.402211334086 1.00930744207 0.00197118433629
AMR_VOLUME_STAGE 3.54 178 0 40.526275130678826 -8.5593074104300389e-08
AMR_VOLUME_STAGE 3.54 178 1 40.526275130678826 -8.5593074104300389e-08
Q_CLEANUP 3.54 178 0 -0
AMR_VOLUME_STAGE 3.54 178 2 40.526275130678826 -8.5593074104300389e-08
POSTADAPT_REPROJECT 3.54 178 17 6.11106993351e-09 2.48584586118e-11 1.65984361672e-10 7.06717837331e-06 3.49625850248e-08 6.64384115724e-05 0.00100409980726
AMR_VOLUME_STAGE 3.54 178 3 40.526275130678826 -8.5593074104300389e-08
RUN 3.56 179 40.5262751307 0.326068813962
Q_RUN 3.56 179 40.526275130678826 -8.55930742796e-08 -0 0 1.6569319701e-16 4.68375338514e-17 6
Q_CUTCELL_CFL 3.56 179 0.0760050543167 0.0760050543167 0.157170030878 0 154
SHORE 3.56 179 40.125 0.00014865943853 0.606496352832
Q_MOMENTUM 3.56 179 0.0120270807098 1.67893922321 1.67024927015 0.406152949271 0.402066668058 0.996870986941 0.00196498369618
AMR_VOLUME_STAGE 3.56 179 0 40.526275130685498 -8.5592909470474648e-08
AMR_VOLUME_STAGE 3.56 179 1 40.526275130685498 -8.5592909470474648e-08
Q_CLEANUP 3.56 179 0 -0
AMR_VOLUME_STAGE 3.56 179 2 40.526275130685498 -8.5592909470474648e-08
POSTADAPT_REPROJECT 3.56 179 17 5.40758734839e-09 2.33554960687e-11 1.51007560623e-10 7.73874410844e-06 4.09222952218e-08 6.54326992469e-05 0.000965816221562
AMR_VOLUME_STAGE 3.56 179 3 40.526275130685498 -8.5592909470474648e-08
RUN 3.58 180 40.5262751307 0.327138018525
Q_RUN 3.58 180 40.526275130685498 -8.55929096458e-08 -0 0 1.64473469566e-16 5.55111512313e-17 4
Q_CUTCELL_CFL 3.58 180 0.076127985059 0.076127985059 0.158013034352 0 154
SHORE 3.58 180 40.125 0.000148835405953 0.604602028778
Q_MOMENTUM 3.58 180 0.0133377268449 1.67420512642 1.66309290121 0.40613983821 0.401940232132 0.984475113439 0.00195655406461
AMR_VOLUME_STAGE 3.58 180 0 40.526275130691715 -8.5592756057697733e-08
AMR_VOLUME_STAGE 3.58 180 1 40.526275130691715 -8.5592756057697733e-08
Q_CLEANUP 3.58 180 0 -0
AMR_VOLUME_STAGE 3.58 180 2 40.526275130691715 -8.5592756057697733e-08
POSTADAPT_REPROJECT 3.58 180 17 7.67831974955e-09 2.35711586553e-11 1.51138192239e-10 8.43114012997e-06 3.54817445589e-08 6.65519905629e-05 0.000960738943895
AMR_VOLUME_STAGE 3.58 180 3 40.526275130691715 -8.5592756057697733e-08
RUN 3.6 181 40.5262751307 0.328319350157
Q_RUN 3.6 181 40.526275130691715 -8.5592756233e-08 -0 0 1.63064006742e-16 1.56125112838e-17 2
Q_CUTCELL_CFL 3.6 181 0.0763128658244 0.0763128658244 0.158847881671 0 154
SHORE 3.6 181 40.125 0.000148750170404 0.605464964961
Q_MOMENTUM 3.6 181 0.0153844245815 1.672519421 1.65732368436 0.406332575859 0.402183762996 1.00669876532 0.00194962555974
AMR_VOLUME_STAGE 3.6 181 0 40.526275130697918 -8.5592602995578587e-08
AMR_VOLUME_STAGE 3.6 181 1 40.526275130697918 -8.5592602995578587e-08
RUN 3.62 182 40.5262751307 0.328621047654
Q_RUN 3.62 182 40.526275130697918 -8.55926031709e-08 -0 0 1.66533453694e-16 5.72458747072e-17 5
Q_CUTCELL_CFL 3.62 182 0.0765066204696 0.0765066204696 0.159620372124 0 154
SHORE 3.62 182 40.125 0.4882618835 0.60687563509
Q_MOMENTUM 3.62 182 0.0139453445881 1.66983309569 1.65188803318 0.406839189367 0.402369898218 1.0465282163 0.00194299697432
AMR_VOLUME_STAGE 3.62 182 0 40.526275130540803 -8.5596479867947856e-08
AMR_VOLUME_STAGE 3.62 182 1 40.526275130540803 -8.5596479867947856e-08
Q_CLEANUP 3.62 182 0 -0
AMR_VOLUME_STAGE 3.62 182 2 40.526275130540803 -8.5596479867947856e-08
POSTADAPT_REPROJECT 3.62 182 17 5.57756821859e-09 2.3820706852e-11 1.51178135982e-10 9.92979899565e-06 5.28979234833e-08 7.20704146192e-05 0.00100654013356
AMR_VOLUME_STAGE 3.62 182 3 40.526275130540803 -8.5596479867947856e-08
RUN 3.64 183 40.5262751305 0.328141413953
Q_RUN 3.64 183 40.526275130540803 -8.55964800433e-08 -0 0 1.66533453694e-16 4.16333634234e-17 3
Q_CUTCELL_CFL 3.64 183 0.0766228292083 0.0766228292083 0.160166217863 0 154
SHORE 3.64 183 40.125 0.000148121055758 0.60800212753
Q_MOMENTUM 3.64 183 0.013890216574 1.6654540525 1.6433006042 0.406963651357 0.402446230284 1.06971575158 0.00193258438931
AMR_VOLUME_STAGE 3.64 183 0 40.526275130547035 -8.5596326104513171e-08
AMR_VOLUME_STAGE 3.64 183 1 40.526275130547035 -8.5596326104513171e-08
Q_CLEANUP 3.64 183 0 -0
AMR_VOLUME_STAGE 3.64 183 2 40.526275130547035 -8.5596326104513171e-08
POSTADAPT_REPROJECT 3.64 183 17 9.92130349186e-09 4.02168913527e-11 2.58563000871e-10 1.04032210022e-05 3.69116979222e-08 7.25881175462e-05 0.0009972132373
AMR_VOLUME_STAGE 3.64 183 3 40.526275130547035 -8.5596326104513171e-08
RUN 3.66 184 40.5262751305 0.326935439559
Q_RUN 3.66 184 40.526275130547035 -8.55963262798e-08 -0 0 1.64365049349e-16 3.07913416986e-17 3
Q_CUTCELL_CFL 3.66 184 0.0766790364455 0.0766790364455 0.160394838852 0 154
SHORE 3.66 184 40.125 0.000149284447394 0.608614579005
Q_MOMENTUM 3.66 184 0.01400778058 1.65743535762 1.63242966895 0.407145085754 0.402444791088 1.07602050906 0.00191943700947
AMR_VOLUME_STAGE 3.66 184 0 40.526275130557693 -8.5596063111181318e-08
AMR_VOLUME_STAGE 3.66 184 1 40.526275130557693 -8.5596063111181318e-08
Q_CLEANUP 3.66 184 0 -0
AMR_VOLUME_STAGE 3.66 184 2 40.526275130557693 -8.5596063111181318e-08
POSTADAPT_REPROJECT 3.66 184 17 9.60962448981e-09 4.26989529745e-11 2.76982929648e-10 2.5470311417e-05 5.75566761355e-08 8.57866122189e-05 0.000996219499219
AMR_VOLUME_STAGE 3.66 184 3 40.526275130557693 -8.5596063111181318e-08
RUN 3.68 185 40.5262751306 0.325359538671
Q_RUN 3.68 185 40.526275130557693 -8.55960632865e-08 -0 0 1.6393136848e-16 4.20670442924e-17 4
Q_CUTCELL_CFL 3.68 185 0.0766958593142 0.0766958593142 0.160333414347 0 154
SHORE 3.68 185 40.125 0.000148689156522 0.60862099382
Q_MOMENTUM 3.68 185 0.0141635085989 1.64715352065 1.62571644805 0.406966132023 0.402301556823 1.06888206695 0.0019121954898
AMR_VOLUME_STAGE 3.68 185 0 40.526275130568841 -8.5595788020156201e-08
AMR_VOLUME_STAGE 3.68 185 1 40.526275130568841 -8.5595788020156201e-08
Q_CLEANUP 3.68 185 0 -0
AMR_VOLUME_STAGE 3.68 185 2 40.526275130568841 -8.5595788020156201e-08
POSTADAPT_REPROJECT 3.68 185 18 3.03513094302e-09 1.24292652741e-11 8.08603912994e-11 1.39470295189e-07 5.19444895131e-08 1.49101010203e-09 1.01308515951e-08
AMR_VOLUME_STAGE 3.68 185 3 40.526275130568841 -8.5595788020156201e-08
RUN 3.7 186 40.5262751306 0.323747789064
Q_RUN 3.7 186 40.526275130568841 -8.55957881955e-08 -0 0 1.66425033477e-16 2.38524477947e-17 3
Q_CUTCELL_CFL 3.7 186 0.0766067966041 0.0766067966041 0.159928359832 0 154
SHORE 3.7 186 40.125 0.000148627688241 0.607967681288
Q_MOMENTUM 3.7 186 0.0136239183918 1.63389158236 1.64162888043 0.406841959623 0.402121267211 1.05283663994 0.00193125435339
AMR_VOLUME_STAGE 3.7 186 0 40.526275130565551 -8.5595869197431292e-08
AMR_VOLUME_STAGE 3.7 186 1 40.526275130565551 -8.5595869197431292e-08
Q_CLEANUP 3.7 186 0 -0
AMR_VOLUME_STAGE 3.7 186 2 40.526275130565551 -8.5595869197431292e-08
POSTADAPT_REPROJECT 3.7 186 18 2.93919563357e-09 1.28052745222e-11 8.31786965694e-11 1.46679313985e-07 4.91791649294e-08 1.51089427214e-09 1.03046113344e-08
AMR_VOLUME_STAGE 3.7 186 3 40.526275130565551 -8.5595869197431292e-08
RUN 3.72 187 40.5262751306 0.322882705676
Q_RUN 3.72 187 40.526275130565551 -8.55958693728e-08 -0 0 1.66032010189e-16 2.16840434497e-17 2
Q_CUTCELL_CFL 3.72 187 0.0764430870271 0.0764430870271 0.159230106464 0 154
SHORE 3.72 187 40.125 0.000148657451503 0.607114332188
Q_MOMENTUM 3.72 187 0.0129073993795 1.64423788724 1.65354901193 0.406615375273 0.402152690729 1.0382990319 0.00194534120992
AMR_VOLUME_STAGE 3.72 187 0 40.526275130562112 -8.5595954056613048e-08
AMR_VOLUME_STAGE 3.72 187 1 40.526275130562112 -8.5595954056613048e-08
Q_CLEANUP 3.72 187 0 -0
AMR_VOLUME_STAGE 3.72 187 2 40.526275130562112 -8.5595954056613048e-08
POSTADAPT_REPROJECT 3.72 187 18 3.05148932251e-09 1.27399816669e-11 8.32767362013e-11 1.54695545383e-07 4.98857307956e-08 1.54497019402e-09 1.05230358594e-08
AMR_VOLUME_STAGE 3.72 187 3 40.526275130562112 -8.5595954056613048e-08
RUN 3.74 188 40.5262751306 0.323002585522
Q_RUN 3.74 188 40.526275130562112 -8.55959542319e-08 -0 0 1.66533453694e-16 3.33934269126e-17 3
Q_CUTCELL_CFL 3.74 188 0.0764440035123 0.0764440035123 0.159004452503 0 154
SHORE 3.74 188 40.125 0.000148625251267 0.605872981094
Q_MOMENTUM 3.74 188 0.0123436854739 1.65472895026 1.66079780489 0.406548131783 0.402228475085 1.02219402612 0.00195361853101
AMR_VOLUME_STAGE 3.74 188 0 40.526275130558723 -8.5596037688492569e-08
AMR_VOLUME_STAGE 3.74 188 1 40.526275130558723 -8.5596037688492569e-08
RUN 3.76 189 40.5262751306 0.324157913361
Q_RUN 3.76 189 40.526275130558723 -8.55960378638e-08 -0 0 1.65666091956e-16 9.97465998687e-18 2
Q_CUTCELL_CFL 3.76 189 0.0764785344603 0.0764785344603 0.159924022871 0 154
SHORE 3.76 189 40.125 0.468572349847 0.605777555638
Q_MOMENTUM 3.76 189 0.012096013891 1.66079325915 1.66290757211 0.406526896915 0.402371844054 1.0101940553 0.00195558193291
AMR_VOLUME_STAGE 3.76 189 0 40.526275130257616 -8.560346760077514e-08
AMR_VOLUME_STAGE 3.76 189 1 40.526275130257616 -8.560346760077514e-08
Q_CLEANUP 3.76 189 0 -0
AMR_VOLUME_STAGE 3.76 189 2 40.526275130257616 -8.560346760077514e-08
POSTADAPT_REPROJECT 3.76 189 18 3.54331032787e-09 1.50964857433e-11 9.89550871799e-11 1.48094429927e-07 8.01356539925e-08 1.34427485237e-09 1.02833613881e-08
AMR_VOLUME_STAGE 3.76 189 3 40.526275130257616 -8.560346760077514e-08
RUN 3.78 190 40.5262751303 0.325187575312
Q_RUN 3.78 190 40.526275130257616 -8.56034677761e-08 -0 0 1.63633212882e-16 3.59955121265e-17 3
Q_CUTCELL_CFL 3.78 190 0.076566476162 0.076566476162 0.160792441497 0 155
SHORE 3.78 190 40.125 0.000155278248763 0.607065945207
Q_MOMENTUM 3.78 190 0.0120011157807 1.66442820983 1.66336515703 0.406531193976 0.402327577548 0.99743037145 0.00195537809107
AMR_VOLUME_STAGE 3.78 190 0 40.526275130253694 -8.5603564382321261e-08
AMR_VOLUME_STAGE 3.78 190 1 40.526275130253694 -8.5603564382321261e-08
Q_CLEANUP 3.78 190 0 -0
AMR_VOLUME_STAGE 3.78 190 2 40.526275130253694 -8.5603564382321261e-08
POSTADAPT_REPROJECT 3.78 190 18 3.29230759105e-09 1.40921439215e-11 9.22483929522e-11 1.58700915934e-07 5.85377496037e-08 1.65496997649e-09 1.16370620501e-08
AMR_VOLUME_STAGE 3.78 190 3 40.526275130253694 -8.5603564382321261e-08
RUN 3.8 191 40.5262751303 0.326205269989
Q_RUN 3.8 191 40.526275130253694 -8.56035645577e-08 -0 0 1.66533453694e-16 4.55297149808e-17 5
Q_CUTCELL_CFL 3.8 191 0.0767031209683 0.0767031209683 0.161549621637 0 155
SHORE 3.8 191 40.125 0.000153842966222 0.608364194088
Q_MOMENTUM 3.8 191 0.0200183516258 1.66739577466 1.66201555864 0.406748386609 0.402512614465 1.04508799648 0.00195287077264
AMR_VOLUME_STAGE 3.8 191 0 40.52627513024995 -8.5603656780645191e-08
AMR_VOLUME_STAGE 3.8 191 1 40.52627513024995 -8.5603656780645191e-08
Q_CLEANUP 3.8 191 0 -0
AMR_VOLUME_STAGE 3.8 191 2 40.52627513024995 -8.5603656780645191e-08
POSTADAPT_REPROJECT 3.8 191 18 3.67340122209e-09 1.58795902691e-11 1.03842746901e-10 1.65508383801e-07 6.18785100795e-08 1.85069922981e-09 1.3267111014e-08
AMR_VOLUME_STAGE 3.8 191 3 40.52627513024995 -8.5603656780645191e-08
RUN 3.82 192 40.5262751302 0.326122636123
Q_RUN 3.82 192 40.52627513024995 -8.5603656956e-08 -0 0 1.66533453694e-16 5.89805981832e-17 5
Q_CUTCELL_CFL 3.82 192 0.0768877106358 0.0768877106358 0.162377617854 0 155
SHORE 3.82 192 40.125 0.000153807921692 0.608545421718
Q_MOMENTUM 3.82 192 0.0144926518912 1.6735628532 1.66463403771 0.407421299252 0.402732628911 1.08113143089 0.00195490333092
AMR_VOLUME_STAGE 3.82 192 0 40.526275130245779 -8.5603759698702393e-08
AMR_VOLUME_STAGE 3.82 192 1 40.526275130245779 -8.5603759698702393e-08
Q_CLEANUP 3.82 192 0 -0
AMR_VOLUME_STAGE 3.82 192 2 40.526275130245779 -8.5603759698702393e-08
POSTADAPT_REPROJECT 3.82 192 18 4.70005290156e-09 1.62649750088e-11 1.07614235231e-10 1.76811705255e-07 5.56271872099e-08 1.94493057895e-09 1.4082442254e-08
AMR_VOLUME_STAGE 3.82 192 3 40.526275130245779 -8.5603759698702393e-08
RUN 3.84 193 40.5262751302 0.325541004481
Q_RUN 3.84 193 40.526275130245779 -8.5603759874e-08 -0 0 1.66479243585e-16 2.42861286637e-17 3
Q_CUTCELL_CFL 3.84 193 0.0770788829894 0.0770788829894 0.162889043923 0 154
SHORE 3.84 193 40.125 0.000153269477107 0.609735400438
Q_MOMENTUM 3.84 193 0.0146728279127 1.67450338266 1.66009432031 0.407663902371 0.402918095153 1.09911019243 0.00194848109953
AMR_VOLUME_STAGE 3.84 193 0 40.526275130241508 -8.5603865071364012e-08
AMR_VOLUME_STAGE 3.84 193 1 40.526275130241508 -8.5603865071364012e-08
Q_CLEANUP 3.84 193 0 -0
AMR_VOLUME_STAGE 3.84 193 2 40.526275130241508 -8.5603865071364012e-08
POSTADAPT_REPROJECT 3.84 193 18 4.09699423042e-09 1.79275004387e-11 1.16742757822e-10 1.82537571378e-07 5.13846475536e-08 1.98375072756e-09 1.44322505301e-08
AMR_VOLUME_STAGE 3.84 193 3 40.526275130241508 -8.5603865071364012e-08
RUN 3.86 194 40.5262751302 0.324344389267
Q_RUN 3.86 194 40.526275130241508 -8.56038652467e-08 -0 0 1.66533453694e-16 3.03576608296e-18 1
Q_CUTCELL_CFL 3.86 194 0.0771883842316 0.0771883842316 0.163347137577 0 154
SHORE 3.86 194 40.125 0.000153143161008 0.610318664353
Q_MOMENTUM 3.86 194 0.015000512157 1.67123985916 1.65307026735 0.408004224409 0.402960758959 1.10253381975 0.00193906753803
AMR_VOLUME_STAGE 3.86 194 0 40.526275130236783 -8.5603981665074468e-08
AMR_VOLUME_STAGE 3.86 194 1 40.526275130236783 -8.5603981665074468e-08
Q_CLEANUP 3.86 194 0 -0
AMR_VOLUME_STAGE 3.86 194 2 40.526275130236783 -8.5603981665074468e-08
POSTADAPT_REPROJECT 3.86 194 18 5.72972393598e-09 1.78057274391e-11 1.15384051272e-10 1.73442405791e-07 8.92639025982e-08 2.09689823558e-09 1.52747505998e-08
AMR_VOLUME_STAGE 3.86 194 3 40.526275130236783 -8.5603981665074468e-08
RUN 3.88 195 40.5262751302 0.322958932863
Q_RUN 3.88 195 40.526275130236783 -8.56039818404e-08 -0 0 1.65991352608e-16 9.97465998687e-18 2
Q_CUTCELL_CFL 3.88 195 0.0772370735455 0.0772370735455 0.163397481342 0 154
SHORE 3.88 195 40.125 0.000153174301638 0.610089192706
Q_MOMENTUM 3.88 195 0.0149258529295 1.66593071474 1.64290232339 0.407922061339 0.402946923971 1.09432866994 0.00192588201794
AMR_VOLUME_STAGE 3.88 195 0 40.526275130231987 -8.5604100012073802e-08
AMR_VOLUME_STAGE 3.88 195 1 40.526275130231987 -8.5604100012073802e-08
Q_CLEANUP 3.88 195 0 -0
AMR_VOLUME_STAGE 3.88 195 2 40.526275130231987 -8.5604100012073802e-08
POSTADAPT_REPROJECT 3.88 195 18 4.52594189589e-09 1.92420289101e-11 1.25099035297e-10 1.96186209209e-07 2.806688805e-08 6.11094754101e-10 4.38427856173e-09
AMR_VOLUME_STAGE 3.88 195 3 40.526275130231987 -8.5604100012073802e-08
RUN 3.9 196 40.5262751302 0.321724109106
Q_RUN 3.9 196 40.526275130231987 -8.56041001874e-08 -0 0 1.66533453694e-16 1.77809156288e-17 2
Q_CUTCELL_CFL 3.9 196 0.0772388711795 0.0772388711795 0.163132109983 0 154
SHORE 3.9 196 40.125 0.000153168694038 0.609256835883
Q_MOMENTUM 3.9 196 0.0144180287383 1.65515675592 1.62914672176 0.407896137169 0.402861421533 1.07698309635 0.00190873829745
AMR_VOLUME_STAGE 3.9 196 0 40.526275130226871 -8.5604226248873092e-08
AMR_VOLUME_STAGE 3.9 196 1 40.526275130226871 -8.5604226248873092e-08
Q_CLEANUP 3.9 196 0 -0
AMR_VOLUME_STAGE 3.9 196 2 40.526275130226871 -8.5604226248873092e-08
POSTADAPT_REPROJECT 3.9 196 17 8.52466139432e-09 3.84175725714e-11 2.50997967202e-10 1.98592224189e-07 1.2662590968e-08 1.27765983408e-09 9.3144599967e-09
AMR_VOLUME_STAGE 3.9 196 3 40.526275130226871 -8.5604226248873092e-08
RUN 3.92 197 40.5262751302 0.321178397534
Q_RUN 3.92 197 40.526275130226871 -8.56042264242e-08 -0 0 1.61681648972e-16 2.08166817117e-17 2
Q_CUTCELL_CFL 3.92 197 0.0770416423679 0.0770416423679 0.162306276366 0 154
SHORE 3.92 197 40.125 0.000153248956088 0.611067909466
Q_MOMENTUM 3.92 197 0.0132362383759 1.63924983771 1.6187759756 0.407540469647 0.402908605953 1.05933871428 0.00190432991419
AMR_VOLUME_STAGE 3.92 197 0 40.526275130236691 -8.5603983944350013e-08
AMR_VOLUME_STAGE 3.92 197 1 40.526275130236691 -8.5603983944350013e-08
Q_CLEANUP 3.92 197 0 -0
AMR_VOLUME_STAGE 3.92 197 2 40.526275130236691 -8.5603983944350013e-08
POSTADAPT_REPROJECT 3.92 197 17 8.80565667778e-09 3.98015780793e-11 2.59584470239e-10 1.89167198451e-07 4.61913132133e-08 1.2948682502e-09 9.47496650756e-09
AMR_VOLUME_STAGE 3.92 197 3 40.526275130236691 -8.5603983944350013e-08
RUN 3.94 198 40.5262751302 0.321777636801
Q_RUN 3.94 198 40.526275130236691 -8.56039841197e-08 -0 0 1.65666091956e-16 2.94902990916e-17 4
Q_CUTCELL_CFL 3.94 198 0.0770486256897 0.0770486256897 0.163055212016 0 154
SHORE 3.94 198 40.125 0.000153137314228 0.613289036084
Q_MOMENTUM 3.94 198 0.0131902418371 1.61411981439 1.62612334987 0.407523075732 0.403001543066 1.04140537262 0.00191241991943
AMR_VOLUME_STAGE 3.94 198 0 40.526275130246844 -8.5603733399369206e-08
AMR_VOLUME_STAGE 3.94 198 1 40.526275130246844 -8.5603733399369206e-08
Q_CLEANUP 3.94 198 0 -0
AMR_VOLUME_STAGE 3.94 198 2 40.526275130246844 -8.5603733399369206e-08
POSTADAPT_REPROJECT 3.94 198 18 4.65462093781e-09 2.07542329168e-11 1.33615493669e-10 1.94619123961e-07 3.53831621181e-08 2.28488223062e-09 1.67064837173e-08
AMR_VOLUME_STAGE 3.94 198 3 40.526275130246844 -8.5603733399369206e-08
RUN 3.96 199 40.5262751302 0.323387274285
Q_RUN 3.96 199 40.526275130246844 -8.56037335747e-08 -0 0 1.65666091956e-16 2.16162808139e-17 3
Q_CUTCELL_CFL 3.96 199 0.0771080811127 0.0771080811127 0.164093707431 0 154
SHORE 3.96 199 40.125 0.000153061658353 0.61603434858
Q_MOMENTUM 3.96 199 0.0126082369122 1.62032867912 1.63126863455 0.407624176689 0.403262678648 1.02993661618 0.00191765951015
AMR_VOLUME_STAGE 3.96 199 0 40.526275130241309 -8.5603869980572884e-08
AMR_VOLUME_STAGE 3.96 199 1 40.526275130241309 -8.5603869980572884e-08
RUN 3.98 200 40.5262751302 0.324657560902
Q_RUN 3.98 200 40.526275130241309 -8.56038701559e-08 -0 0 1.63443477502e-16 2.08166817117e-17 2
Q_CUTCELL_CFL 3.98 200 0.0772049397455 0.0772049397455 0.165087178648 0 154
SHORE 3.98 200 40.125 0.482902129601 0.617666137499
Q_MOMENTUM 3.98 200 0.0125152911846 1.62685768597 1.63396653548 0.407890520416 0.403490600259 1.04222826896 0.00191972394503
AMR_VOLUME_STAGE 3.98 200 0 40.52627512997131 -8.5610532302984222e-08
AMR_VOLUME_STAGE 3.98 200 1 40.52627512997131 -8.5610532302984222e-08
Q_CLEANUP 3.98 200 0 -0
AMR_VOLUME_STAGE 3.98 200 2 40.52627512997131 -8.5610532302984222e-08
POSTADAPT_REPROJECT 3.98 200 18 3.37241197761e-09 1.33152271002e-11 8.37678346827e-11 1.96979690367e-07 3.77763649563e-08 1.23849845188e-09 8.53717457665e-09
AMR_VOLUME_STAGE 3.98 200 3 40.52627512997131 -8.5610532302984222e-08
RUN 4 201 40.52627513 0.32547419238
Q_RUN 4 201 40.52627512997131 -8.56105324783e-08 -0 0 1.6533405504e-16 1.69135538908e-17 2
Q_CUTCELL_CFL 4 201 0.0773441901999 0.0773441901999 0.165971613001 0 154
SHORE 4 201 40.125 0.000151337413858 0.618613139426
Q_MOMENTUM 4 201 0.0185799035693 1.63111360509 1.63454253622 0.408026749532 0.403664866947 1.0955295192 0.00191909339061
AMR_VOLUME_STAGE 4 201 0 40.526275129967821 -8.5610618389468186e-08
AMR_VOLUME_STAGE 4 201 1 40.526275129967821 -8.5610618389468186e-08
Q_CLEANUP 4 201 0 -0
AMR_VOLUME_STAGE 4 201 2 40.526275129967821 -8.5610618389468186e-08
POSTADAPT_REPROJECT 4 201 18 5.3466945784e-09 2.40615698513e-11 1.52471639481e-10 2.04386778097e-07 3.77193614725e-08 7.38712376568e-10 5.09574006081e-09
AMR_VOLUME_STAGE 4 201 3 40.526275129967821 -8.5610618389468186e-08
RUN 4.02 202 40.52627513 0.32518812832
Q_RUN 4.02 202 40.526275129967821 -8.56106185648e-08 -0 0 1.66533453694e-16 4.29344060304e-17 4
Q_CUTCELL_CFL 4.02 202 0.0775275989022 0.0775275989022 0.166762423397 0 154
SHORE 4.02 202 40.125 0.000151819567939 0.61815606062
Q_MOMENTUM 4.02 202 0.0156611732207 1.63973420553 1.63922640636 0.409016766351 0.4040132561 1.12590440491 0.00192312650487
AMR_VOLUME_STAGE 4.02 202 0 40.526275129961363 -8.5610777763427285e-08
AMR_VOLUME_STAGE 4.02 202 1 40.526275129961363 -8.5610777763427285e-08
Q_CLEANUP 4.02 202 0 -0
AMR_VOLUME_STAGE 4.02 202 2 40.526275129961363 -8.5610777763427285e-08
POSTADAPT_REPROJECT 4.02 202 18 7.46909308035e-09 2.38031553896e-11 1.54268226665e-10 1.77248769991e-07 3.89255105138e-08 7.54763397105e-10 5.13738211694e-09
AMR_VOLUME_STAGE 4.02 202 3 40.526275129961363 -8.5610777763427285e-08
RUN 4.04 203 40.52627513 0.324388524944
Q_RUN 4.04 203 40.526275129961363 -8.56107779388e-08 -0 0 1.64852940326e-16 5.55111512313e-17 4
Q_CUTCELL_CFL 4.04 203 0.077738086757 0.077738086757 0.167253618307 0 155
SHORE 4.04 203 40.125 0.000151786929709 0.618737681467
Q_MOMENTUM 4.04 203 0.0157122507016 1.64357526168 1.63812848197 0.409442861367 0.404306909644 1.13719256046 0.00192023502836
AMR_VOLUME_STAGE 4.04 203 0 40.526275129955103 -8.5610932228177523e-08
AMR_VOLUME_STAGE 4.04 203 1 40.526275129955103 -8.5610932228177523e-08
Q_CLEANUP 4.04 203 0 -0
AMR_VOLUME_STAGE 4.04 203 2 40.526275129955103 -8.5610932228177523e-08
POSTADAPT_REPROJECT 4.04 203 18 5.30345186056e-09 2.57117916729e-11 1.75365142546e-10 1.89515509564e-07 4.04383211842e-08 7.61051388177e-10 5.15620381634e-09
AMR_VOLUME_STAGE 4.04 203 3 40.526275129955103 -8.5610932228177523e-08
RUN 4.06 204 40.52627513 0.323196495202
Q_RUN 4.06 204 40.526275129955103 -8.56109324035e-08 -0 0 1.65449251521e-16 2.21177243187e-17 3
Q_CUTCELL_CFL 4.06 204 0.0779492949971 0.0779492949971 0.16786447572 0 154
SHORE 4.06 204 40.125 0.000152229058006 0.618857056438
Q_MOMENTUM 4.06 204 0.0161236018008 1.64285204082 1.63320357599 0.409994347265 0.404480011216 1.13443597283 0.00191280601238
AMR_VOLUME_STAGE 4.06 204 0 40.526275129948246 -8.5611101420554354e-08
AMR_VOLUME_STAGE 4.06 204 1 40.526275129948246 -8.5611101420554354e-08
Q_CLEANUP 4.06 204 0 -0
AMR_VOLUME_STAGE 4.06 204 2 40.526275129948246 -8.5611101420554354e-08
POSTADAPT_REPROJECT 4.06 204 18 5.98596581066e-09 2.72807669712e-11 1.88436918847e-10 1.92385455584e-07 3.76080113869e-08 8.12336719424e-10 5.36671775596e-09
AMR_VOLUME_STAGE 4.06 204 3 40.526275129948246 -8.5611101420554354e-08
RUN 4.08 205 40.5262751299 0.322005739098
Q_RUN 4.08 205 40.526275129948246 -8.56111015959e-08 -0 0 1.66533453694e-16 6.46184494801e-17 7
Q_CUTCELL_CFL 4.08 205 0.0781135149993 0.0781135149993 0.168091974726 0 153
SHORE 4.08 205 40.125 0.000152343447801 0.618165612972
Q_MOMENTUM 4.08 205 0.0156170309822 1.638374542 1.62455822111 0.409961447655 0.404577158074 1.12114598565 0.00190104438045
AMR_VOLUME_STAGE 4.08 205 0 40.526275129940828 -8.5611284463913311e-08
AMR_VOLUME_STAGE 4.08 205 1 40.526275129940828 -8.5611284463913311e-08
Q_CLEANUP 4.08 205 0 -0
AMR_VOLUME_STAGE 4.08 205 2 40.526275129940828 -8.5611284463913311e-08
POSTADAPT_REPROJECT 4.08 205 18 7.24912420889e-09 2.84364992972e-11 2.01946612211e-10 1.96552150753e-07 4.12959880626e-08 8.43615174715e-10 5.62374482746e-09
AMR_VOLUME_STAGE 4.08 205 3 40.526275129940828 -8.5611284463913311e-08
RUN 4.1 206 40.5262751299 0.321328198654
Q_RUN 4.1 206 40.526275129940828 -8.56112846392e-08 -0 0 1.66533453694e-16 1.73472347598e-17 3
Q_CUTCELL_CFL 4.1 206 0.078242590367 0.078242590367 0.168027302895 0 152
SHORE 4.1 206 40.125 0.000152699871211 0.6201937916
Q_MOMENTUM 4.1 206 0.0150301242564 1.62835095407 1.61140004835 0.410102983269 0.404742519745 1.10068596019 0.00188511476918
AMR_VOLUME_STAGE 4.1 206 0 40.526275129933232 -8.5611471890494485e-08
AMR_VOLUME_STAGE 4.1 206 1 40.526275129933232 -8.5611471890494485e-08
Q_CLEANUP 4.1 206 0 -0
AMR_VOLUME_STAGE 4.1 206 2 40.526275129933232 -8.5611471890494485e-08
POSTADAPT_REPROJECT 4.1 206 18 6.73563904362e-09 3.02980162028e-11 2.25391594277e-10 2.0723266847e-07 1.1156308171e-07 8.77862384745e-10 6.02031793862e-09
AMR_VOLUME_STAGE 4.1 206 3 40.526275129933232 -8.5611471890494485e-08
RUN 4.12 207 40.5262751299 0.321618890465
Q_RUN 4.12 207 40.526275129933232 -8.56114720658e-08 -0 0 1.61329283266e-16 2.38490728978e-17 4
Q_CUTCELL_CFL 4.12 207 0.0783459531874 0.0783459531874 0.169247641369 0 152
SHORE 4.12 207 40.125 0.00015153416896 0.623268078897
Q_MOMENTUM 4.12 207 0.0138524104726 1.61497939865 1.61097543599 0.410128901871 0.405117460658 1.08120951228 0.00189510769085
AMR_VOLUME_STAGE 4.12 207 0 40.526275129925132 -8.5611671765426693e-08
AMR_VOLUME_STAGE 4.12 207 1 40.526275129925132 -8.5611671765426693e-08
Q_CLEANUP 4.12 207 0 -0
AMR_VOLUME_STAGE 4.12 207 2 40.526275129925132 -8.5611671765426693e-08
POSTADAPT_REPROJECT 4.12 207 18 7.72271890053e-09 3.40986130621e-11 2.5987419161e-10 2.08220976322e-07 2.97977414756e-08 9.17719629764e-10 6.58511169899e-09
AMR_VOLUME_STAGE 4.12 207 3 40.526275129925132 -8.5611671765426693e-08
RUN 4.14 208 40.5262751299 0.323121107027
Q_RUN 4.14 208 40.526275129925132 -8.56116719408e-08 -0 0 1.63064006742e-16 4.72915435111e-17 7
Q_CUTCELL_CFL 4.14 208 0.078426143426 0.078426143426 0.170493240586 0 152
SHORE 4.14 208 40.125 0.00015179566176 0.625773627534
Q_MOMENTUM 4.14 208 0.0143005615691 1.62437219819 1.61880463529 0.410284573387 0.405418446671 1.06178188161 0.00190447300373
AMR_VOLUME_STAGE 4.14 208 0 40.526275129915994 -8.5611897238376535e-08
AMR_VOLUME_STAGE 4.14 208 1 40.526275129915994 -8.5611897238376535e-08
RUN 4.16 209 40.5262751299 0.325183960601
Q_RUN 4.16 209 40.526275129915994 -8.56118974137e-08 -0 0 1.65449251521e-16 5.63785129692e-18 2
Q_CUTCELL_CFL 4.16 209 0.0784571015704 0.0784571015704 0.171387769422 0 152
SHORE 4.16 209 40.125 0.445505229158 0.628891564625
Q_MOMENTUM 4.16 209 0.0133585395621 1.63269114013 1.62393774159 0.410416302421 0.405663310914 1.04920623467 0.00191021696633
AMR_VOLUME_STAGE 4.16 209 0 40.526275130152499 -8.5606061416342755e-08
AMR_VOLUME_STAGE 4.16 209 1 40.526275130152499 -8.5606061416342755e-08
Q_CLEANUP 4.16 209 0 -0
AMR_VOLUME_STAGE 4.16 209 2 40.526275130152499 -8.5606061416342755e-08
POSTADAPT_REPROJECT 4.16 209 18 9.43873156427e-09 4.05361917897e-11 3.22414088483e-10 1.24585066507e-07 1.54720044175e-07 1.30649825791e-09 1.13568751209e-08
AMR_VOLUME_STAGE 4.16 209 3 40.526275130152499 -8.5606061416342755e-08
RUN 4.18 210 40.5262751302 0.326612147035
Q_RUN 4.18 210 40.526275130152499 -8.56060615917e-08 -0 0 1.66316613259e-16 6.24500451352e-17 5
Q_CUTCELL_CFL 4.18 210 0.0779586157456 0.0779586157456 0.171054851694 0 152
SHORE 4.18 210 40.125 0.000151648068926 0.631044090468
Q_MOMENTUM 4.18 210 0.013314607826 1.6382234479 1.62803869834 0.41082619016 0.406003444409 1.11467023779 0.00191429246374
AMR_VOLUME_STAGE 4.18 210 0 40.526275130141677 -8.560632844223903e-08
AMR_VOLUME_STAGE 4.18 210 1 40.526275130141677 -8.560632844223903e-08
Q_CLEANUP 4.18 210 0 -0
AMR_VOLUME_STAGE 4.18 210 2 40.526275130141677 -8.560632844223903e-08
POSTADAPT_REPROJECT 4.18 210 19 3.08043608443e-09 1.25875255927e-11 7.61264176696e-11 1.78559185599e-07 1.17090956688e-07 1.06240480559e-09 6.81817885137e-09
AMR_VOLUME_STAGE 4.18 210 3 40.526275130141677 -8.560632844223903e-08
RUN 4.2 211 40.5262751301 0.327179570928
Q_RUN 4.2 211 40.526275130141677 -8.56063286176e-08 -0 0 1.64798730218e-16 3.16587034366e-17 4
Q_CUTCELL_CFL 4.2 211 0.0772569671477 0.0772569671477 0.170091129371 0 152
SHORE 4.2 211 40.125 0.000151155302894 0.632053215969
Q_MOMENTUM 4.2 211 0.0149616970181 1.64288905591 1.63962386449 0.411111621413 0.40634468524 1.16065736047 0.00192078680822
AMR_VOLUME_STAGE 4.2 211 0 40.526275130145237 -8.5606240602466189e-08
AMR_VOLUME_STAGE 4.2 211 1 40.526275130145237 -8.5606240602466189e-08
Q_CLEANUP 4.2 211 0 -0
AMR_VOLUME_STAGE 4.2 211 2 40.526275130145237 -8.5606240602466189e-08
POSTADAPT_REPROJECT 4.2 211 19 3.51013685577e-09 1.40294971847e-11 8.8031776313e-11 1.97966881927e-07 5.94919833992e-08 1.1250255036e-09 7.25469736368e-09
AMR_VOLUME_STAGE 4.2 211 3 40.526275130145237 -8.5606240602466189e-08
RUN 4.22 212 40.5262751301 0.326620047898
Q_RUN 4.22 212 40.526275130145237 -8.56062407778e-08 -0 0 1.66533453694e-16 4.81385764584e-17 6
Q_CUTCELL_CFL 4.22 212 0.0766539720906 0.0766539720906 0.169057028935 0 152
SHORE 4.22 212 40.125 0.000150953647813 0.631706144862
Q_MOMENTUM 4.22 212 0.0169823874924 1.64700342275 1.65586928741 0.41208938872 0.40680600749 1.18246798354 0.0019415575757
AMR_VOLUME_STAGE 4.22 212 0 40.526275130149138 -8.5606144346906723e-08
AMR_VOLUME_STAGE 4.22 212 1 40.526275130149138 -8.5606144346906723e-08
Q_CLEANUP 4.22 212 0 -0
AMR_VOLUME_STAGE 4.22 212 2 40.526275130149138 -8.5606144346906723e-08
POSTADAPT_REPROJECT 4.22 212 19 3.16076923315e-09 1.43578559147e-11 8.96855367749e-11 1.82509982179e-07 6.3727663598e-08 1.20818146598e-09 7.96579392726e-09
AMR_VOLUME_STAGE 4.22 212 3 40.526275130149138 -8.5606144346906723e-08
RUN 4.24 213 40.5262751301 0.325335300978
Q_RUN 4.24 213 40.526275130149138 -8.56061445222e-08 -0 0 1.63064006742e-16 8.54351311919e-17 7
Q_CUTCELL_CFL 4.24 213 0.0760878273833 0.0760878273833 0.167773115673 0 152
SHORE 4.24 213 40.125 0.00015101335007 0.631666392337
Q_MOMENTUM 4.24 213 0.0164965386079 1.66308179337 1.66922141045 0.412897819033 0.407262732518 1.18305909624 0.00195892964073
AMR_VOLUME_STAGE 4.24 213 0 40.526275130153095 -8.5606046688716164e-08
AMR_VOLUME_STAGE 4.24 213 1 40.526275130153095 -8.5606046688716164e-08
Q_CLEANUP 4.24 213 0 -0
AMR_VOLUME_STAGE 4.24 213 2 40.526275130153095 -8.5606046688716164e-08
POSTADAPT_REPROJECT 4.24 213 19 4.65896184848e-09 1.51020195388e-11 9.77336545027e-11 1.80894398033e-07 6.48870860557e-08 1.23454652397e-09 8.54869835337e-09
AMR_VOLUME_STAGE 4.24 213 3 40.526275130153095 -8.5606046688716164e-08
RUN 4.26 214 40.5262751302 0.324020847432
Q_RUN 4.26 214 40.526275130153095 -8.5606046864e-08 -0 0 1.66533453694e-16 1.64798730218e-17 2
Q_CUTCELL_CFL 4.26 214 0.0756162965895 0.0756162965895 0.166647570442 0 152
SHORE 4.26 214 40.125 0.000151127092286 0.632836350568
Q_MOMENTUM 4.26 214 0.0171893791265 1.67656485669 1.68053857021 0.413728543473 0.407572528363 1.16856092386 0.00197372851554
AMR_VOLUME_STAGE 4.26 214 0 40.526275130157259 -8.560594394598786e-08
AMR_VOLUME_STAGE 4.26 214 1 40.526275130157259 -8.560594394598786e-08
Q_CLEANUP 4.26 214 0 -0
AMR_VOLUME_STAGE 4.26 214 2 40.526275130157259 -8.560594394598786e-08
POSTADAPT_REPROJECT 4.26 214 19 4.97073934899e-09 1.61810950221e-11 1.11353058718e-10 1.88229608892e-07 7.21293849503e-08 1.28451606413e-09 9.34934241831e-09
AMR_VOLUME_STAGE 4.26 214 3 40.526275130157259 -8.560594394598786e-08
RUN 4.28 215 40.5262751302 0.323050979375
Q_RUN 4.28 215 40.526275130157259 -8.56059441213e-08 -0 0 1.64148208914e-16 3.59955121265e-17 3
Q_CUTCELL_CFL 4.28 215 0.0752602792986 0.0752602792986 0.165636185057 0 151
SHORE 4.28 215 40.125 0.000151003655741 0.638229185177
Q_MOMENTUM 4.28 215 0.0167738831656 1.68808549697 1.68901913401 0.413843785161 0.407817397585 1.14746936412 0.00198501879222
AMR_VOLUME_STAGE 4.28 215 0 40.526275130161636 -8.5605835943392914e-08
AMR_VOLUME_STAGE 4.28 215 1 40.526275130161636 -8.5605835943392914e-08
Q_CLEANUP 4.28 215 0 -0
AMR_VOLUME_STAGE 4.28 215 2 40.526275130161636 -8.5605835943392914e-08
POSTADAPT_REPROJECT 4.28 215 19 4.94254126884e-09 1.70381420642e-11 1.26532478939e-10 1.82496035484e-07 6.68711819458e-08 1.35634435577e-09 1.05081155513e-08
AMR_VOLUME_STAGE 4.28 215 3 40.526275130161636 -8.5605835943392914e-08
RUN 4.3 216 40.5262751302 0.323126921137
Q_RUN 4.3 216 40.526275130161636 -8.56058361187e-08 -0 0 1.64798730218e-16 5.50774703623e-17 5
Q_CUTCELL_CFL 4.3 216 0.0749892159556 0.0749892159556 0.165051093714 0 151
SHORE 4.3 216 40.125 0.000150978107383 0.642286357966
Q_MOMENTUM 4.3 216 0.0162275748118 1.69868527256 1.69752545128 0.41421484117 0.408251692017 1.1256376655 0.00199605394789
AMR_VOLUME_STAGE 4.3 216 0 40.526275130166297 -8.5605720927642448e-08
AMR_VOLUME_STAGE 4.3 216 1 40.526275130166297 -8.5605720927642448e-08
RUN 4.32 217 40.5262751302 0.32427435973
Q_RUN 4.32 217 40.526275130166297 -8.5605721103e-08 -0 0 1.66533453694e-16 2.68882138776e-17 4
Q_CUTCELL_CFL 4.32 217 0.0747693211782 0.0747693211782 0.165875632397 0 150
SHORE 4.32 217 40.125 0.4784425571 0.646230300637
Q_MOMENTUM 4.32 217 0.0148654228346 1.70766247173 1.70330226728 0.413918557606 0.408471163711 1.10209214089 0.00200356074456
AMR_VOLUME_STAGE 4.32 217 0 40.526275130505837 -8.5597342661405219e-08
AMR_VOLUME_STAGE 4.32 217 1 40.526275130505837 -8.5597342661405219e-08
Q_CLEANUP 4.32 217 0 -0
AMR_VOLUME_STAGE 4.32 217 2 40.526275130505837 -8.5597342661405219e-08
POSTADAPT_REPROJECT 4.32 217 19 5.69608645429e-09 2.02268531303e-11 1.75551545523e-10 2.57749644411e-07 8.16641813143e-08 9.44482231854e-10 7.39616106554e-09
AMR_VOLUME_STAGE 4.32 217 3 40.526275130505837 -8.5597342661405219e-08
RUN 4.34 218 40.5262751305 0.32702969044
Q_RUN 4.34 218 40.526275130505837 -8.55973428367e-08 -0 0 1.63551897719e-16 4.20670442924e-17 5
Q_CUTCELL_CFL 4.34 218 0.0746183135982 0.0746183135982 0.166678571726 0 150
SHORE 4.34 218 40.125 0.000151415427058 0.649873540686
Q_MOMENTUM 4.34 218 0.0151587855996 1.71564023443 1.71251022546 0.414289436438 0.40887749665 1.08485618833 0.00201471086727
AMR_VOLUME_STAGE 4.34 218 0 40.52627513051111 -8.5597212567370392e-08
AMR_VOLUME_STAGE 4.34 218 1 40.52627513051111 -8.5597212567370392e-08
Q_CLEANUP 4.34 218 0 -0
AMR_VOLUME_STAGE 4.34 218 2 40.52627513051111 -8.5597212567370392e-08
POSTADAPT_REPROJECT 4.34 218 19 5.92674113281e-09 2.11828708011e-11 1.93890868638e-10 1.57380188802e-07 1.03847397085e-07 1.5330359801e-09 1.45240814445e-08
AMR_VOLUME_STAGE 4.34 218 3 40.52627513051111 -8.5597212567370392e-08
RUN 4.36 219 40.5262751305 0.329428262751
Q_RUN 4.36 219 40.52627513051111 -8.55972127427e-08 -0 0 1.64798730218e-16 7.02563007771e-17 7
Q_CUTCELL_CFL 4.36 219 0.0744335535812 0.0744335535812 0.167258515384 0 150
SHORE 4.36 219 40.125 0.000150910962878 0.655148885703
Q_MOMENTUM 4.36 219 0.0144692393289 1.72531164773 1.71862280582 0.414711370088 0.409322721593 1.13674308736 0.00202173226158
AMR_VOLUME_STAGE 4.36 219 0 40.526275130516687 -8.5597074934193391e-08
AMR_VOLUME_STAGE 4.36 219 1 40.526275130516687 -8.5597074934193391e-08
Q_CLEANUP 4.36 219 0 -0
AMR_VOLUME_STAGE 4.36 219 2 40.526275130516687 -8.5597074934193391e-08
POSTADAPT_REPROJECT 4.36 219 19 5.95075594486e-09 2.10936430916e-11 1.93535368287e-10 1.9416642248e-07 5.91022580723e-08 1.54049525766e-09 1.45985616998e-08
AMR_VOLUME_STAGE 4.36 219 3 40.526275130516687 -8.5597074934193391e-08
RUN 4.38 220 40.5262751305 0.330819104845
Q_RUN 4.38 220 40.526275130516687 -8.55970751095e-08 -0 0 1.66533453694e-16 3.55482787304e-17 5
Q_CUTCELL_CFL 4.38 220 0.0743149759352 0.0743149759352 0.167856557855 0 150
SHORE 4.38 220 40.125 0.000150128789871 0.666411906995
Q_MOMENTUM 4.38 220 0.0146049252947 1.73243300416 1.72420752501 0.41538284467 0.409853750057 1.192673977 0.00202765250187
AMR_VOLUME_STAGE 4.38 220 0 40.526275130522187 -8.5596939229634152e-08
AMR_VOLUME_STAGE 4.38 220 1 40.526275130522187 -8.5596939229634152e-08
Q_CLEANUP 4.38 220 0 -0
AMR_VOLUME_STAGE 4.38 220 2 40.526275130522187 -8.5596939229634152e-08
POSTADAPT_REPROJECT 4.38 220 19 6.8639678229e-09 2.0580734731e-11 1.86697629578e-10 1.84626807017e-07 8.95240733163e-08 4.68247304319e-10 4.35822509331e-09
AMR_VOLUME_STAGE 4.38 220 3 40.526275130522187 -8.5596939229634152e-08
RUN 4.4 221 40.5262751305 0.331088505381
Q_RUN 4.4 221 40.526275130522187 -8.5596939405e-08 -0 0 1.66045562716e-16 4.85722573274e-17 6
Q_CUTCELL_CFL 4.4 221 0.0742593586756 0.0742593586756 0.168328224431 0 150
SHORE 4.4 221 40.125 0.000150116739148 0.675662933927
Q_MOMENTUM 4.4 221 0.0146512980384 1.73875801227 1.72690183918 0.41595358478 0.410427461335 1.22804852002 0.00202967567647
AMR_VOLUME_STAGE 4.4 221 0 40.52627513052763 -8.5596804927706019e-08
AMR_VOLUME_STAGE 4.4 221 1 40.52627513052763 -8.5596804927706019e-08
Q_CLEANUP 4.4 221 0 -0
AMR_VOLUME_STAGE 4.4 221 2 40.52627513052763 -8.5596804927706019e-08
POSTADAPT_REPROJECT 4.4 221 19 8.8120979987e-09 1.91034659635e-11 1.69961787699e-10 2.18935949336e-07 2.53145600301e-08 4.44550896899e-10 4.07332498287e-09
AMR_VOLUME_STAGE 4.4 221 3 40.52627513052763 -8.5596804927706019e-08
RUN 4.42 222 40.5262751305 0.330620880299
Q_RUN 4.42 222 40.52627513052763 -8.5596805103e-08 -0 0 1.66533453694e-16 4.85722573274e-17 3
Q_CUTCELL_CFL 4.42 222 0.073656802872 0.073656802872 0.167319802664 0 150
SHORE 4.42 222 40.125 0.000150202887707 0.683443506802
Q_MOMENTUM 4.42 222 0.0184315286831 1.74326296787 1.72994294249 0.416671859395 0.410923479911 1.240564568 0.00203172814865
AMR_VOLUME_STAGE 4.42 222 0 40.526275130532618 -8.5596681846826724e-08
AMR_VOLUME_STAGE 4.42 222 1 40.526275130532618 -8.5596681846826724e-08
Q_CLEANUP 4.42 222 0 -0
AMR_VOLUME_STAGE 4.42 222 2 40.526275130532618 -8.5596681846826724e-08
POSTADAPT_REPROJECT 4.42 222 19 9.43275769146e-09 1.66634875732e-11 1.45754124048e-10 2.04701306056e-07 9.61478222986e-08 3.97197001546e-10 3.62980570601e-09
AMR_VOLUME_STAGE 4.42 222 3 40.526275130532618 -8.5596681846826724e-08
RUN 4.44 223 40.5262751305 0.328819423807
Q_RUN 4.44 223 40.526275130532618 -8.55966820222e-08 -0 0 1.65340831304e-16 4.85722573274e-17 5
Q_CUTCELL_CFL 4.44 223 0.0731097280346 0.0731097280346 0.166227930211 0 150
SHORE 4.44 223 40.125 0.000150282887591 0.687410744753
Q_MOMENTUM 4.44 223 0.0174594988613 1.74818810496 1.73133347572 0.417802913388 0.41159110188 1.22996009292 0.00203139393642
AMR_VOLUME_STAGE 4.44 223 0 40.526275130537201 -8.559656875969402e-08
AMR_VOLUME_STAGE 4.44 223 1 40.526275130537201 -8.559656875969402e-08
Q_CLEANUP 4.44 223 0 -0
AMR_VOLUME_STAGE 4.44 223 2 40.526275130537201 -8.559656875969402e-08
POSTADAPT_REPROJECT 4.44 223 19 9.09062922342e-09 1.4464644229e-11 1.23694436638e-10 2.07457608073e-07 5.35822516481e-08 3.57901939669e-10 3.19112809094e-09
AMR_VOLUME_STAGE 4.44 223 3 40.526275130537201 -8.559656875969402e-08
RUN 4.46 224 40.5262751305 0.327579291669
Q_RUN 4.46 224 40.526275130537201 -8.5596568935e-08 -0 0 1.61762964135e-16 2.77555756156e-17 4
Q_CUTCELL_CFL 4.46 224 0.0725872562362 0.0725872562362 0.164770434396 0 150
SHORE 4.46 224 40.125 0.000150544755611 0.690346261664
Q_MOMENTUM 4.46 224 0.0176536512161 1.75090405895 1.74151131691 0.418814949001 0.412118037866 1.20313394126 0.00204565896263
AMR_VOLUME_STAGE 4.46 224 0 40.526275130541322 -8.559646706893904e-08
AMR_VOLUME_STAGE 4.46 224 1 40.526275130541322 -8.559646706893904e-08
Q_CLEANUP 4.46 224 0 -0
AMR_VOLUME_STAGE 4.46 224 2 40.526275130541322 -8.559646706893904e-08
POSTADAPT_REPROJECT 4.46 224 19 8.37094794728e-09 1.21871490245e-11 1.01366089134e-10 1.95502728613e-07 5.21253827304e-08 3.31252198816e-10 2.85374823078e-09
AMR_VOLUME_STAGE 4.46 224 3 40.526275130541322 -8.559646706893904e-08
RUN 4.48 225 40.5262751305 0.327225152725
Q_RUN 4.48 225 40.526275130541322 -8.55964672443e-08 -0 0 1.64202419023e-16 3.59683938373e-17 5
Q_CUTCELL_CFL 4.48 225 0.0721624275701 0.0721624275701 0.163672391454 0 151
SHORE 4.48 225 40.125 0.000150279477885 0.693287089747
Q_MOMENTUM 4.48 225 0.0171099813394 1.75277453987 1.7528496298 0.418999841268 0.412552123802 1.17723449658 0.00206035844356
AMR_VOLUME_STAGE 4.48 225 0 40.526275130544789 -8.5596381508441744e-08
AMR_VOLUME_STAGE 4.48 225 1 40.526275130544789 -8.5596381508441744e-08
Q_CLEANUP 4.48 225 0 -0
AMR_VOLUME_STAGE 4.48 225 2 40.526275130544789 -8.5596381508441744e-08
POSTADAPT_REPROJECT 4.48 225 19 7.72030914731e-09 1.09085300947e-11 8.76638692193e-11 2.00672180682e-07 5.94426944764e-08 2.98945654132e-10 2.52706747889e-09
AMR_VOLUME_STAGE 4.48 225 3 40.526275130544789 -8.5596381508441744e-08
RUN 4.5 226 40.5262751305 0.32848782896
Q_RUN 4.5 226 40.526275130544789 -8.55963816838e-08 -0 0 1.65666091956e-16 4.85722573274e-17 4
Q_CUTCELL_CFL 4.5 226 0.071812759521 0.071812759521 0.162596898832 0 151
SHORE 4.5 226 40.125 0.000150169002665 0.695600389003
Q_MOMENTUM 4.5 226 0.0163858975477 1.75689601444 1.76326850181 0.419450765356 0.41321575832 1.15054352137 0.00207360995904
AMR_VOLUME_STAGE 4.5 226 0 40.526275130547951 -8.5596303487086635e-08
AMR_VOLUME_STAGE 4.5 226 1 40.526275130547951 -8.5596303487086635e-08
Q_CLEANUP 4.5 226 0 -0
AMR_VOLUME_STAGE 4.5 226 2 40.526275130547951 -8.5596303487086635e-08
POSTADAPT_REPROJECT 4.5 226 19 6.71493182164e-09 9.70846369445e-12 7.54409451575e-11 1.95740662095e-07 4.94881163121e-08 2.80736530189e-10 2.32369747749e-09
AMR_VOLUME_STAGE 4.5 226 3 40.526275130547951 -8.5596303487086635e-08
RUN 4.52 227 40.5262751305 0.331264454672
Q_RUN 4.52 227 40.526275130547951 -8.55963036624e-08 -0 0 1.66357270841e-16 6.63455496596e-17 7
Q_CUTCELL_CFL 4.52 227 0.0715348502299 0.0715348502299 0.162172226895 0 151
SHORE 4.52 227 40.125 0.000149447741581 0.699323494291
Q_MOMENTUM 4.52 227 0.0163688337217 1.76820124612 1.77103570958 0.419851871684 0.413951940024 1.12787482035 0.00208336823988
AMR_VOLUME_STAGE 4.52 227 0 40.526275130550751 -8.5596234407504794e-08
AMR_VOLUME_STAGE 4.52 227 1 40.526275130550751 -8.5596234407504794e-08
Q_CLEANUP 4.52 227 0 -0
AMR_VOLUME_STAGE 4.52 227 2 40.526275130550751 -8.5596234407504794e-08
POSTADAPT_REPROJECT 4.52 227 19 6.41806919416e-09 9.43565363127e-12 7.27920501653e-11 1.94210626798e-07 4.64359677447e-08 2.63254879134e-10 2.11684396401e-09
AMR_VOLUME_STAGE 4.52 227 3 40.526275130550751 -8.5596234407504794e-08
RUN 4.54 228 40.5262751306 0.334849629133
Q_RUN 4.54 228 40.526275130550751 -8.55962345828e-08 -0 0 1.66533453694e-16 5.55111512313e-17 4
Q_CUTCELL_CFL 4.54 228 0.0713333268079 0.0713333268079 0.163036036379 0 151
SHORE 4.54 228 40.125 0.000148715566915 0.708824949582
Q_MOMENTUM 4.54 228 0.0159707461516 1.77848613128 1.78236114716 0.420675459319 0.414561161677 1.16609095813 0.00209689543495
AMR_VOLUME_STAGE 4.54 228 0 40.526275130553593 -8.559616427594963e-08
AMR_VOLUME_STAGE 4.54 228 1 40.526275130553593 -8.559616427594963e-08
Q_CLEANUP 4.54 228 0 -0
AMR_VOLUME_STAGE 4.54 228 2 40.526275130553593 -8.559616427594963e-08
POSTADAPT_REPROJECT 4.54 228 19 5.79250475521e-09 8.81326476617e-12 6.55734772037e-11 1.94730034195e-07 7.63339617058e-08 2.54177355193e-10 2.01669501237e-09
AMR_VOLUME_STAGE 4.54 228 3 40.526275130553593 -8.559616427594963e-08
RUN 4.56 229 40.5262751306 0.336981683832
Q_RUN 4.56 229 40.526275130553593 -8.55961644513e-08 -0 0 1.6550346163e-16 4.16333634234e-17 3
Q_CUTCELL_CFL 4.56 229 0.0711788056391 0.0711788056391 0.163926892919 0 151
SHORE 4.56 229 40.125 0.000150785943354 0.725152028154
Q_MOMENTUM 4.56 229 0.0156816942567 1.78858988081 1.78847070025 0.421407451445 0.415290749949 1.23277485375 0.00210387761792
AMR_VOLUME_STAGE 4.56 229 0 40.526275130556229 -8.5596099228932223e-08
AMR_VOLUME_STAGE 4.56 229 1 40.526275130556229 -8.5596099228932223e-08
Q_CLEANUP 4.56 229 0 -0
AMR_VOLUME_STAGE 4.56 229 2 40.526275130556229 -8.5596099228932223e-08
POSTADAPT_REPROJECT 4.56 229 19 4.57994089466e-09 7.54132326866e-12 5.47996925615e-11 2.2809073906e-07 5.18942330038e-10 2.31522892623e-10 1.7640781752e-09
AMR_VOLUME_STAGE 4.56 229 3 40.526275130556229 -8.5596099228932223e-08
RUN 4.58 230 40.5262751306 0.337867133496
Q_RUN 4.58 230 40.526275130556229 -8.55960994043e-08 -0 0 1.61476666999e-16 3.46944695195e-17 3
Q_CUTCELL_CFL 4.58 230 0.0710993409596 0.0710993409596 0.16468918841 0 152
SHORE 4.58 230 40.125 0.000149833763983 0.739283927502
Q_MOMENTUM 4.58 230 0.0162454136418 1.79637082473 1.79469828202 0.422487617743 0.416060014681 1.27327449515 0.00211059270394
AMR_VOLUME_STAGE 4.58 230 0 40.526275130558432 -8.5596044876976973e-08
AMR_VOLUME_STAGE 4.58 230 1 40.526275130558432 -8.5596044876976973e-08
Q_CLEANUP 4.58 230 0 -0
AMR_VOLUME_STAGE 4.58 230 2 40.526275130558432 -8.5596044876976973e-08
POSTADAPT_REPROJECT 4.58 230 19 3.90565322786e-09 6.82645622309e-12 4.91195695229e-11 2.04170945072e-07 5.47190887376e-08 7.12127837031e-10 5.22091573446e-09
AMR_VOLUME_STAGE 4.58 230 3 40.526275130558432 -8.5596044876976973e-08
RUN 4.6 231 40.5262751306 0.337489465993
Q_RUN 4.6 231 40.526275130558432 -8.55960450523e-08 -0 0 1.66533453694e-16 4.16333634234e-17 3
Q_CUTCELL_CFL 4.6 231 0.07107959589 0.07107959589 0.165219816268 0 152
SHORE 4.6 231 40.125 0.000149901249257 0.750206502526
Q_MOMENTUM 4.6 231 0.0163259817255 1.80345773802 1.79777090438 0.423282609152 0.416826644052 1.29337776682 0.00211314715111
AMR_VOLUME_STAGE 4.6 231 0 40.526275130560478 -8.559599438225726e-08
AMR_VOLUME_STAGE 4.6 231 1 40.526275130560478 -8.559599438225726e-08
Q_CLEANUP 4.6 231 0 -0
AMR_VOLUME_STAGE 4.6 231 2 40.526275130560478 -8.559599438225726e-08
POSTADAPT_REPROJECT 4.6 231 19 3.37058628466e-09 5.76513139029e-12 4.14278056304e-11 1.97479990357e-07 5.59606964146e-08 6.66658601742e-10 4.83755641101e-09
AMR_VOLUME_STAGE 4.6 231 3 40.526275130560478 -8.559599438225726e-08
RUN 4.62 232 40.5262751306 0.336787895152
Q_RUN 4.62 232 40.526275130560478 -8.55959945576e-08 -0 0 1.64798730218e-16 1.82145964978e-17 3
Q_CUTCELL_CFL 4.62 232 0.0710803638161 0.0710803638161 0.165588055998 0 152
SHORE 4.62 232 40.125 0.000149956000388 0.758038874078
Q_MOMENTUM 4.62 232 0.0178409253675 1.80871245029 1.80163768996 0.424167507892 0.417593466437 1.29110018021 0.00211626192722
AMR_VOLUME_STAGE 4.62 232 0 40.526275130562247 -8.5595950725364167e-08
AMR_VOLUME_STAGE 4.62 232 1 40.526275130562247 -8.5595950725364167e-08
Q_CLEANUP 4.62 232 0 -0
AMR_VOLUME_STAGE 4.62 232 2 40.526275130562247 -8.5595950725364167e-08
POSTADAPT_REPROJECT 4.62 232 19 3.13814351257e-09 4.9872318925e-12 3.57702478748e-11 1.9461916837e-07 5.57592682434e-08 5.83908599388e-10 4.2616823126e-09
AMR_VOLUME_STAGE 4.62 232 3 40.526275130562247 -8.5595950725364167e-08
RUN 4.64 233 40.5262751306 0.335757747691
Q_RUN 4.64 233 40.526275130562247 -8.55959509007e-08 -0 0 1.66533453694e-16 7.07170867004e-17 8
Q_CUTCELL_CFL 4.64 233 0.0707264249954 0.0707264249954 0.164940729686 0 152
SHORE 4.64 233 40.125 0.000150480791825 0.76302989886
Q_MOMENTUM 4.64 233 0.0182436719509 1.81549473357 1.80436777313 0.424701247125 0.418194628733 1.27505942407 0.0021175960776
AMR_VOLUME_STAGE 4.64 233 0 40.526275130563803 -8.5595912328337717e-08
AMR_VOLUME_STAGE 4.64 233 1 40.526275130563803 -8.5595912328337717e-08
Q_CLEANUP 4.64 233 0 -0
AMR_VOLUME_STAGE 4.64 233 2 40.526275130563803 -8.5595912328337717e-08
POSTADAPT_REPROJECT 4.64 233 18 9.810546179e-09 1.42826613813e-11 1.03648756244e-10 2.02786361325e-07 6.02892296535e-08 5.18397273306e-10 3.81662138005e-09
AMR_VOLUME_STAGE 4.64 233 3 40.526275130563803 -8.5595912328337717e-08
RUN 4.66 234 40.5262751306 0.335317003364
Q_RUN 4.66 234 40.526275130563803 -8.55959125037e-08 -0 0 1.65164648451e-16 2.77555756156e-17 3
Q_CUTCELL_CFL 4.66 234 0.0701357317575 0.0701357317575 0.163565322558 0 152
SHORE 4.66 234 40.125 0.000149945466651 0.765640532647
Q_MOMENTUM 4.66 234 0.0176302175238 1.81793983022 1.80548164896 0.425422095658 0.418784129809 1.24481649063 0.0021167895015
AMR_VOLUME_STAGE 4.66 234 0 40.526275130559384 -8.5596021382905999e-08
AMR_VOLUME_STAGE 4.66 234 1 40.526275130559384 -8.5596021382905999e-08
Q_CLEANUP 4.66 234 0 -0
AMR_VOLUME_STAGE 4.66 234 2 40.526275130559384 -8.5596021382905999e-08
POSTADAPT_REPROJECT 4.66 234 18 8.15852145636e-09 1.10128589464e-11 8.12146738749e-11 2.34964399995e-07 3.60929300573e-08 4.35722227493e-10 3.26338364665e-09
AMR_VOLUME_STAGE 4.66 234 3 40.526275130559384 -8.5596021382905999e-08
RUN 4.68 235 40.5262751306 0.335876865676
Q_RUN 4.68 235 40.526275130559384 -8.55960215582e-08 -0 0 1.64798730218e-16 4.25006192823e-17 4
Q_CUTCELL_CFL 4.68 235 0.0697033756134 0.0697033756134 0.162222151683 0 152
SHORE 4.68 235 40.125 0.000151128430628 0.765369183056
Q_MOMENTUM 4.68 235 0.0169232841604 1.81954783311 1.80685295859 0.42581629071 0.419333489648 1.21644782454 0.00212405181686
AMR_VOLUME_STAGE 4.68 235 0 40.526275130556179 -8.5596100456234444e-08
AMR_VOLUME_STAGE 4.68 235 1 40.526275130556179 -8.5596100456234444e-08
Q_CLEANUP 4.68 235 0 -0
AMR_VOLUME_STAGE 4.68 235 2 40.526275130556179 -8.5596100456234444e-08
POSTADAPT_REPROJECT 4.68 235 18 7.01597010702e-09 9.12290539072e-12 6.48587294982e-11 1.98176775905e-07 5.18582568034e-08 3.64321789251e-10 2.78742176563e-09
AMR_VOLUME_STAGE 4.68 235 3 40.526275130556179 -8.5596100456234444e-08
RUN 4.7 236 40.5262751306 0.338014190785
Q_RUN 4.7 236 40.526275130556179 -8.55961006316e-08 -0 0 1.66533453694e-16 4.16333634234e-17 3
Q_CUTCELL_CFL 4.7 236 0.0693500216682 0.0693500216682 0.161698321814 0 151
SHORE 4.7 236 40.125 0.000150419254539 0.763833852356
Q_MOMENTUM 4.7 236 0.0165689449358 1.81858898091 1.81840745409 0.426422330509 0.419847785551 1.1872272639 0.00213851469842
AMR_VOLUME_STAGE 4.7 236 0 40.526275130553273 -8.5596172165749587e-08
AMR_VOLUME_STAGE 4.7 236 1 40.526275130553273 -8.5596172165749587e-08
Q_CLEANUP 4.7 236 0 -0
AMR_VOLUME_STAGE 4.7 236 2 40.526275130553273 -8.5596172165749587e-08
POSTADAPT_REPROJECT 4.7 236 18 6.72337104287e-09 8.66590262448e-12 6.38970820699e-11 2.01838653834e-07 5.47666103499e-08 3.43785808545e-10 2.58957208454e-09
AMR_VOLUME_STAGE 4.7 236 3 40.526275130553273 -8.5596172165749587e-08
RUN 4.72 237 40.5262751306 0.341332862946
Q_RUN 4.72 237 40.526275130553273 -8.55961723411e-08 -0 0 1.57859836314e-16 1.38777878078e-17 1
Q_CUTCELL_CFL 4.72 237 0.0690798722203 0.0690798722203 0.16241143156 0 151
SHORE 4.72 237 40.125 0.000150403867409 0.761711382365
Q_MOMENTUM 4.72 237 0.0184536482224 1.82205843275 1.82745305779 0.426940439533 0.420545675762 1.190306093 0.00214972762744
AMR_VOLUME_STAGE 4.72 237 0 40.526275130550673 -8.5596236336122569e-08
AMR_VOLUME_STAGE 4.72 237 1 40.526275130550673 -8.5596236336122569e-08
Q_CLEANUP 4.72 237 0 -0
AMR_VOLUME_STAGE 4.72 237 2 40.526275130550673 -8.5596236336122569e-08
POSTADAPT_REPROJECT 4.72 237 18 6.13968859905e-09 7.90704816024e-12 5.64735758157e-11 1.98886517699e-07 5.75401326781e-08 3.43185056642e-10 2.64730040667e-09
AMR_VOLUME_STAGE 4.72 237 3 40.526275130550673 -8.5596236336122569e-08
RUN 4.74 238 40.5262751306 0.344010912198
Q_RUN 4.74 238 40.526275130550673 -8.55962365115e-08 -0 0 1.65195141637e-16 1.04083408559e-16 8
Q_CUTCELL_CFL 4.74 238 0.0688615342067 0.0688615342067 0.163143686525 0 151
SHORE 4.74 238 40.125 0.000150508841342 0.760758057796
Q_MOMENTUM 4.74 238 0.0173504579241 1.83364193002 1.83655860127 0.428196066738 0.421238792527 1.26337084878 0.00216065500568
AMR_VOLUME_STAGE 4.74 238 0 40.526275130548264 -8.5596295772615563e-08
AMR_VOLUME_STAGE 4.74 238 1 40.526275130548264 -8.5596295772615563e-08
RUN 4.76 239 40.5262751305 0.344560034862
Q_RUN 4.76 239 40.526275130548264 -8.55962959479e-08 -0 0 1.66533453694e-16 9.75781955237e-17 8
Q_CUTCELL_CFL 4.76 239 0.0686931205952 0.0686931205952 0.163852275709 0 151
SHORE 4.76 239 40.125 0.441353443117 0.840233042327
Q_MOMENTUM 4.76 239 0.0171507488618 1.84288010439 1.84490844132 0.429031362163 0.422008635977 1.31312310637 0.00217034558152
AMR_VOLUME_STAGE 4.76 239 0 40.52627513062945 -8.5594292464742407e-08
AMR_VOLUME_STAGE 4.76 239 1 40.52627513062945 -8.5594292464742407e-08
Q_CLEANUP 4.76 239 0 -0
AMR_VOLUME_STAGE 4.76 239 2 40.52627513062945 -8.5594292464742407e-08
POSTADAPT_REPROJECT 4.76 239 18 5.63485925552e-09 7.40947246764e-12 5.26028109959e-11 1.77403512039e-07 8.11652397118e-08 2.09712286944e-10 1.28316740566e-09
AMR_VOLUME_STAGE 4.76 239 3 40.52627513062945 -8.5594292464742407e-08
RUN 4.78 240 40.5262751306 0.344101450908
Q_RUN 4.78 240 40.52627513062945 -8.55942926401e-08 -0 0 1.64039788697e-16 4.16333634234e-17 3
Q_CUTCELL_CFL 4.78 240 0.0686146969135 0.0686146969135 0.164394133561 0 151
SHORE 4.78 240 40.125 0.000151404230546 0.853192334166
Q_MOMENTUM 4.78 240 0.0180019575088 1.85229384005 1.85236606326 0.42995413394 0.422738305107 1.33170715476 0.00217865608872
AMR_VOLUME_STAGE 4.78 240 0 40.526275130627184 -8.5594348394657648e-08
AMR_VOLUME_STAGE 4.78 240 1 40.526275130627184 -8.5594348394657648e-08
Q_CLEANUP 4.78 240 0 -0
AMR_VOLUME_STAGE 4.78 240 2 40.526275130627184 -8.5594348394657648e-08
POSTADAPT_REPROJECT 4.78 240 18 5.45827779161e-09 7.24049647605e-12 5.14980558197e-11 1.98880762897e-07 7.16306334247e-08 3.12994083811e-10 2.368115537e-09
AMR_VOLUME_STAGE 4.78 240 3 40.526275130627184 -8.5594348394657648e-08
RUN 4.8 241 40.5262751306 0.342768068121
Q_RUN 4.8 241 40.526275130627184 -8.559434857e-08 -0 0 1.66533453694e-16 1.38777878078e-17 1
Q_CUTCELL_CFL 4.8 241 0.0685854097127 0.0685854097127 0.164586801439 0 151
SHORE 4.8 241 40.125 0.000151725438629 0.862251593754
Q_MOMENTUM 4.8 241 0.0175880732438 1.86256288292 1.85803543385 0.430573037111 0.423388035093 1.33502064157 0.00218451271811
AMR_VOLUME_STAGE 4.8 241 0 40.526275130624988 -8.5594402571284013e-08
AMR_VOLUME_STAGE 4.8 241 1 40.526275130624988 -8.5594402571284013e-08
Q_CLEANUP 4.8 241 0 -0
AMR_VOLUME_STAGE 4.8 241 2 40.526275130624988 -8.5594402571284013e-08
POSTADAPT_REPROJECT 4.8 241 18 5.2429470637e-09 6.88073569484e-12 4.96762908586e-11 1.93196707444e-07 7.71244786784e-08 3.10158969194e-10 2.35642683144e-09
AMR_VOLUME_STAGE 4.8 241 3 40.526275130624988 -8.5594402571284013e-08
RUN 4.82 242 40.5262751306 0.342150302281
Q_RUN 4.82 242 40.526275130624988 -8.55944027466e-08 -0 0 1.65267986471e-16 2.34187669257e-17 2
Q_CUTCELL_CFL 4.82 242 0.0685377051657 0.0685377051657 0.164457489749 0 151
SHORE 4.82 242 40.125 0.000151867120156 0.868685151642
Q_MOMENTUM 4.82 242 0.018689350471 1.86892852743 1.86247778413 0.43126457261 0.423952395404 1.31982393744 0.00218865490856
AMR_VOLUME_STAGE 4.82 242 0 40.526275130622963 -8.5594452540017058e-08
AMR_VOLUME_STAGE 4.82 242 1 40.526275130622963 -8.5594452540017058e-08
Q_CLEANUP 4.82 242 0 -0
AMR_VOLUME_STAGE 4.82 242 2 40.526275130622963 -8.5594452540017058e-08
POSTADAPT_REPROJECT 4.82 242 18 5.52476139154e-09 7.26945966383e-12 5.26720334015e-11 2.0644012394e-07 9.0721399782e-08 3.01634373305e-10 2.32463218119e-09
AMR_VOLUME_STAGE 4.82 242 3 40.526275130622963 -8.5594452540017058e-08
RUN 4.84 243 40.5262751306 0.34227792573
Q_RUN 4.84 243 40.526275130622963 -8.55944527153e-08 -0 0 1.62196645004e-16 5.89805981832e-17 5
Q_CUTCELL_CFL 4.84 243 0.0685442730831 0.0685442730831 0.164384847173 0 151
SHORE 4.84 243 40.125 0.00015229348801 0.872437775119
Q_MOMENTUM 4.84 243 0.0176878079815 1.87599156049 1.86492454793 0.433036616356 0.425655025191 1.30564623703 0.00219012448309
AMR_VOLUME_STAGE 4.84 243 0 40.526275130620682 -8.5594508820590069e-08
AMR_VOLUME_STAGE 4.84 243 1 40.526275130620682 -8.5594508820590069e-08
Q_CLEANUP 4.84 243 0 -0
AMR_VOLUME_STAGE 4.84 243 2 40.526275130620682 -8.5594508820590069e-08
POSTADAPT_REPROJECT 4.84 243 18 4.97071064458e-09 6.75066696026e-12 4.86910234354e-11 1.98825640271e-07 6.52579634011e-08 3.11422177662e-10 2.42821759922e-09
AMR_VOLUME_STAGE 4.84 243 3 40.526275130620682 -8.5594508820590069e-08
RUN 4.86 244 40.5262751306 0.343761958685
Q_RUN 4.86 244 40.526275130620682 -8.55945089959e-08 -0 0 1.66533453694e-16 4.94396190653e-17 6
Q_CUTCELL_CFL 4.86 244 0.0683366650406 0.0683366650406 0.165352149551 0 151
SHORE 4.86 244 40.125 0.000151980694203 0.873891841176
Q_MOMENTUM 4.86 244 0.0182351653563 1.87963307487 1.8666870244 0.43477620257 0.42717659712 1.2812447784 0.00219060182647
AMR_VOLUME_STAGE 4.86 244 0 40.52627513061865 -8.5594558964652013e-08
AMR_VOLUME_STAGE 4.86 244 1 40.52627513061865 -8.5594558964652013e-08
Q_CLEANUP 4.86 244 0 -0
AMR_VOLUME_STAGE 4.86 244 2 40.52627513061865 -8.5594558964652013e-08
POSTADAPT_REPROJECT 4.86 244 18 5.27047666274e-09 7.06640278777e-12 5.17922371657e-11 2.15563421659e-07 3.58076948872e-08 2.97181119152e-10 2.30870220164e-09
AMR_VOLUME_STAGE 4.86 244 3 40.52627513061865 -8.5594558964652013e-08
RUN 4.88 245 40.5262751306 0.345537280803
Q_RUN 4.88 245 40.52627513061865 -8.559455914e-08 -0 0 1.66533453694e-16 4.77048955894e-17 5
Q_CUTCELL_CFL 4.88 245 0.0678771647967 0.0678771647967 0.165495768278 0 151
SHORE 4.88 245 40.125 0.000151576185105 0.870908822831
Q_MOMENTUM 4.88 245 0.0172047350262 1.88193460634 1.86464934433 0.435822430016 0.428495342621 1.25326252465 0.00218635164811
AMR_VOLUME_STAGE 4.88 245 0 40.526275130616511 -8.5594611738647271e-08
AMR_VOLUME_STAGE 4.88 245 1 40.526275130616511 -8.5594611738647271e-08
Q_CLEANUP 4.88 245 0 -0
AMR_VOLUME_STAGE 4.88 245 2 40.526275130616511 -8.5594611738647271e-08
POSTADAPT_REPROJECT 4.88 245 18 5.18663148012e-09 7.11339161623e-12 5.26939047951e-11 1.81783448827e-07 6.49697761265e-08 3.05506457039e-10 2.40583766797e-09
AMR_VOLUME_STAGE 4.88 245 3 40.526275130616511 -8.5594611738647271e-08
RUN 4.9 246 40.5262751306 0.348563507852
Q_RUN 4.9 246 40.526275130616511 -8.5594611914e-08 -0 0 1.66316613259e-16 4.16333634234e-17 5
Q_CUTCELL_CFL 4.9 246 0.0675138625573 0.0675138625573 0.165441675366 0 151
SHORE 4.9 246 40.125 0.000152106743653 0.864057058373
Q_MOMENTUM 4.9 246 0.0194083758748 1.88192824285 1.8628940308 0.436467407214 0.429539275227 1.22570367981 0.00218232371941
AMR_VOLUME_STAGE 4.9 246 0 40.52627513061438 -8.5594664337313645e-08
AMR_VOLUME_STAGE 4.9 246 1 40.52627513061438 -8.5594664337313645e-08
Q_CLEANUP 4.9 246 0 -0
AMR_VOLUME_STAGE 4.9 246 2 40.52627513061438 -8.5594664337313645e-08
POSTADAPT_REPROJECT 4.9 246 18 4.9921367324e-09 7.08807580248e-12 5.35128330537e-11 1.81605217269e-07 8.05154324028e-08 3.06335109906e-10 2.43951120416e-09
AMR_VOLUME_STAGE 4.9 246 3 40.52627513061438 -8.5594664337313645e-08
RUN 4.92 247 40.5262751306 0.351584069752
Q_RUN 4.92 247 40.52627513061438 -8.55946645126e-08 -0 0 1.65774512173e-16 4.77048955894e-17 5
Q_CUTCELL_CFL 4.92 247 0.0672153991359 0.0672153991359 0.165322794644 0 151
SHORE 4.92 247 40.125 0.000151438164408 0.856302485578
Q_MOMENTUM 4.92 247 0.0172597105597 1.88270225584 1.86655548597 0.436920745347 0.430024988796 1.28541191226 0.00219594759569
AMR_VOLUME_STAGE 4.92 247 0 40.526275130612206 -8.5594717987953341e-08
AMR_VOLUME_STAGE 4.92 247 1 40.526275130612206 -8.5594717987953341e-08
Q_CLEANUP 4.92 247 0 -0
AMR_VOLUME_STAGE 4.92 247 2 40.526275130612206 -8.5594717987953341e-08
POSTADAPT_REPROJECT 4.92 247 18 5.05892607398e-09 7.00943231954e-12 5.37872801853e-11 1.93980085856e-07 6.98600085398e-08 3.05573295812e-10 2.48912215839e-09
AMR_VOLUME_STAGE 4.92 247 3 40.526275130612206 -8.5594717987953341e-08
RUN 4.94 248 40.5262751306 0.352550093847
Q_RUN 4.94 248 40.526275130612206 -8.55947181633e-08 -0 0 1.65991352608e-16 3.77302356025e-17 4
Q_CUTCELL_CFL 4.94 248 0.0669234304446 0.0669234304446 0.165345851184 0 151
SHORE 4.94 248 40.125 0.000151993239666 0.847143788883
Q_MOMENTUM 4.94 248 0.0173796682365 1.87988415605 1.88072362757 0.437645721107 0.430399720342 1.33450215192 0.00221247828639
AMR_VOLUME_STAGE 4.94 248 0 40.526275130610102 -8.5594769885304161e-08
AMR_VOLUME_STAGE 4.94 248 1 40.526275130610102 -8.5594769885304161e-08
Q_CLEANUP 4.94 248 0 -0
AMR_VOLUME_STAGE 4.94 248 2 40.526275130610102 -8.5594769885304161e-08
POSTADAPT_REPROJECT 4.94 248 18 5.12562679851e-09 7.12806124881e-12 5.55808177261e-11 2.00413132368e-07 7.04675101226e-08 3.06841465322e-10 2.53589696464e-09
AMR_VOLUME_STAGE 4.94 248 3 40.526275130610102 -8.5594769885304161e-08
RUN 4.96 249 40.5262751306 0.350931201056
Q_RUN 4.96 249 40.526275130610102 -8.55947700606e-08 -0 0 1.66533453694e-16 3.77302356025e-17 5
Q_CUTCELL_CFL 4.96 249 0.066749333657 0.066749333657 0.178723041976 0 152
SHORE 4.96 249 40.125 0.000152040254838 0.835358060754
Q_MOMENTUM 4.96 249 0.0163907314999 1.88195723422 1.89035669188 0.437559054661 0.430545062252 1.36204597275 0.00222338876696
AMR_VOLUME_STAGE 4.96 249 0 40.526275130607942 -8.5594823185286088e-08
AMR_VOLUME_STAGE 4.96 249 1 40.526275130607942 -8.5594823185286088e-08
Q_CLEANUP 4.96 249 0 -0
AMR_VOLUME_STAGE 4.96 249 2 40.526275130607942 -8.5594823185286088e-08
POSTADAPT_REPROJECT 4.96 249 18 4.90131147216e-09 6.97362308337e-12 5.52659029651e-11 2.19054741502e-07 7.05889755637e-08 3.04153749593e-10 2.55040197294e-09
AMR_VOLUME_STAGE 4.96 249 3 40.526275130607942 -8.5594823185286088e-08
RUN 4.98 250 40.5262751306 0.348834180543
Q_RUN 4.98 250 40.526275130607942 -8.55948233606e-08 -0 0 1.66533453694e-16 5.85469173142e-17 5
Q_CUTCELL_CFL 4.98 250 0.0666078945384 0.0666078945384 0.200065488801 0 152
SHORE 4.98 250 40.125 0.000151428943111 0.884335727244
Q_MOMENTUM 4.98 250 0.0184732849981 1.89369156134 1.89980595322 0.438319527956 0.431176875133 1.36606002231 0.00223378673838
AMR_VOLUME_STAGE 4.98 250 0 40.526275130605796 -8.5594876134610231e-08
AMR_VOLUME_STAGE 4.98 250 1 40.526275130605796 -8.5594876134610231e-08
Q_CLEANUP 4.98 250 0 -0
AMR_VOLUME_STAGE 4.98 250 2 40.526275130605796 -8.5594876134610231e-08
POSTADAPT_REPROJECT 4.98 250 18 4.62055380822e-09 6.76664028799e-12 5.30773480723e-11 1.8838956622e-07 8.82218215165e-08 3.02343644725e-10 2.5781968227e-09
AMR_VOLUME_STAGE 4.98 250 3 40.526275130605796 -8.5594876134610231e-08
RUN 5 251 40.5262751306 0.345490721285
Q_RUN 5 251 40.526275130605796 -8.55948763099e-08 -0 0 1.66533453694e-16 4.29348295469e-17 5
Q_CUTCELL_CFL 5 251 0.0665094932787 0.0665094932787 0.223479222104 0 152
SHORE 5 251 40.125 0.000151928300048 0.893107066482
Q_MOMENTUM 5 251 0.0163058364971 1.90778462129 1.90922570905 0.439107673192 0.431868128038 1.36028488656 0.00224382288678
AMR_VOLUME_STAGE 5 251 0 40.52627513060385 -8.5594924174725515e-08
AMR_VOLUME_STAGE 5 251 1 40.52627513060385 -8.5594924174725515e-08
Q_CLEANUP 5 251 0 -0
AMR_VOLUME_STAGE 5 251 2 40.52627513060385 -8.5594924174725515e-08
POSTADAPT_REPROJECT 5 251 18 4.41744860138e-09 6.71095344647e-12 5.58168233855e-11 2.1293204126e-07 6.08006788401e-08 2.91081421154e-10 2.47968209854e-09
AMR_VOLUME_STAGE 5 251 3 40.52627513060385 -8.5594924174725515e-08
RUN 5.02 252 40.5262751306 0.344117784509
Q_RUN 5.02 252 40.52627513060385 -8.55949243501e-08 -0 0 1.5959455979e-16 1.73506228916e-17 4
Q_CUTCELL_CFL 5.02 252 0.066348735526 0.066348735526 0.248864236662 0 152
SHORE 5.02 252 40.125 0.000152858086647 0.899003697139
Q_MOMENTUM 5.02 252 0.0169303121328 1.91686196936 1.91604226478 0.441175466508 0.433711305146 1.34789892399 0.0022505681873
AMR_VOLUME_STAGE 5.02 252 0 40.526275130601825 -8.559497414345856e-08
AMR_VOLUME_STAGE 5.02 252 1 40.526275130601825 -8.559497414345856e-08
Q_CLEANUP 5.02 252 0 -0
AMR_VOLUME_STAGE 5.02 252 2 40.526275130601825 -8.559497414345856e-08
POSTADAPT_REPROJECT 5.02 252 18 4.86698911999e-09 7.18060934117e-12 6.09594319467e-11 1.93827149335e-07 6.22903762451e-08 2.87962521431e-10 2.56041049473e-09
AMR_VOLUME_STAGE 5.02 252 3 40.526275130601825 -8.559497414345856e-08
RUN 5.04 253 40.5262751306 0.34366260523
Q_RUN 5.04 253 40.526275130601825 -8.55949743188e-08 -0 0 1.66533453694e-16 1.64798730218e-17 2
Q_CUTCELL_CFL 5.04 253 0.0663280193308 0.0663280193308 0.275207580551 0 152
SHORE 5.04 253 40.125 0.000151730993826 0.902636393785
Q_MOMENTUM 5.04 253 0.0160961957974 1.92465374535 1.91921796172 0.442650121812 0.435411941912 1.32725511797 0.0022527499149
AMR_VOLUME_STAGE 5.04 253 0 40.526275130599679 -8.5595027092782717e-08
AMR_VOLUME_STAGE 5.04 253 1 40.526275130599679 -8.5595027092782717e-08
Q_CLEANUP 5.04 253 0 -0
AMR_VOLUME_STAGE 5.04 253 2 40.526275130599679 -8.5595027092782717e-08
POSTADAPT_REPROJECT 5.04 253 18 4.98310425939e-09 7.3703399167e-12 6.36466712667e-11 1.94279706439e-07 5.49633766685e-08 3.06125964879e-10 2.77269404658e-09
AMR_VOLUME_STAGE 5.04 253 3 40.526275130599679 -8.5595027092782717e-08
RUN 5.06 254 40.5262751306 0.344331917349
Q_RUN 5.06 254 40.526275130599679 -8.55950272681e-08 -0 0 1.62413485438e-16 1.95156391047e-17 3
Q_CUTCELL_CFL 5.06 254 0.06633096416 0.06633096416 0.299058966464 0 152
SHORE 5.06 254 40.125 0.000151723808101 0.903888231859
Q_MOMENTUM 5.06 254 0.0157349891041 1.92941467047 1.92193291733 0.443021115554 0.435975117958 1.30101261865 0.0022542164554
AMR_VOLUME_STAGE 5.06 254 0 40.526275130597476 -8.5595081444737954e-08
AMR_VOLUME_STAGE 5.06 254 1 40.526275130597476 -8.5595081444737954e-08
Q_CLEANUP 5.06 254 0 -0
AMR_VOLUME_STAGE 5.06 254 2 40.526275130597476 -8.5595081444737954e-08
POSTADAPT_REPROJECT 5.06 254 18 5.03221605271e-09 7.46519518797e-12 6.55377696557e-11 1.92342056189e-07 6.09748894783e-08 3.07974523136e-10 2.83273585144e-09
AMR_VOLUME_STAGE 5.06 254 3 40.526275130597476 -8.5595081444737954e-08
RUN 5.08 255 40.5262751306 0.346631771739
Q_RUN 5.08 255 40.526275130597476 -8.55950816201e-08 -0 0 1.66533453694e-16 1.47434554799e-17 2
Q_CUTCELL_CFL 5.08 255 0.0663438838736 0.0663438838736 0.320897377599 0 151
SHORE 5.08 255 40.125 0.000151738915494 0.90388190738
Q_MOMENTUM 5.08 255 0.0148175609966 1.93294616481 1.92110758211 0.443102322613 0.436524906894 1.27071677094 0.00225128651386
AMR_VOLUME_STAGE 5.08 255 0 40.526275130595252 -8.5595136322679872e-08
AMR_VOLUME_STAGE 5.08 255 1 40.526275130595252 -8.5595136322679872e-08
Q_CLEANUP 5.08 255 0 -0
AMR_VOLUME_STAGE 5.08 255 2 40.526275130595252 -8.5595136322679872e-08
POSTADAPT_REPROJECT 5.08 255 18 4.9127890918e-09 7.2553126373e-12 6.4300537117e-11 1.91810999637e-07 6.25240706789e-08 3.0558049789e-10 2.8510525607e-09
AMR_VOLUME_STAGE 5.08 255 3 40.526275130595252 -8.5595136322679872e-08
RUN 5.1 256 40.5262751306 0.350129431809
Q_RUN 5.1 256 40.526275130595252 -8.5595136498e-08 -0 0 1.66099772825e-16 3.25260651746e-17 4
Q_CUTCELL_CFL 5.1 256 0.0663696184043 0.0663696184043 0.341926757381 0 151
SHORE 5.1 256 40.125 0.000151786616667 0.900586557669
Q_MOMENTUM 5.1 256 0.0192600282157 1.93420545768 1.92059265199 0.443278626834 0.437009628845 1.24155243849 0.00224862770109
AMR_VOLUME_STAGE 5.1 256 0 40.526275130593177 -8.5595187518715138e-08
AMR_VOLUME_STAGE 5.1 256 1 40.526275130593177 -8.5595187518715138e-08
Q_CLEANUP 5.1 256 0 -0
AMR_VOLUME_STAGE 5.1 256 2 40.526275130593177 -8.5595187518715138e-08
POSTADAPT_REPROJECT 5.1 256 18 5.65055584162e-09 8.09058948166e-12 7.26447790811e-11 2.05964970345e-07 6.35710743572e-08 3.00794871798e-10 2.82739590074e-09
AMR_VOLUME_STAGE 5.1 256 3 40.526275130593177 -8.5595187518715138e-08
RUN 5.12 257 40.5262751306 0.35343973133
Q_RUN 5.12 257 40.526275130593177 -8.5595187694e-08 -0 0 1.60956588769e-16 4.33680868994e-18 2
Q_CUTCELL_CFL 5.12 257 0.0663389213854 0.0663389213854 0.364325536231 0 151
SHORE 5.12 257 40.125 0.000151592619892 0.894278933978
Q_MOMENTUM 5.12 257 0.0161297668586 1.93594299454 1.91814592089 0.443675145272 0.437374242902 1.28322618573 0.00224346335149
AMR_VOLUME_STAGE 5.12 257 0 40.526275130590847 -8.5595245026590371e-08
AMR_VOLUME_STAGE 5.12 257 1 40.526275130590847 -8.5595245026590371e-08
Q_CLEANUP 5.12 257 0 -0
AMR_VOLUME_STAGE 5.12 257 2 40.526275130590847 -8.5595245026590371e-08
POSTADAPT_REPROJECT 5.12 257 18 5.68639725378e-09 8.19709892202e-12 7.49735828975e-11 1.54269248716e-07 6.09699935434e-08 3.19887990059e-10 3.04726413547e-09
AMR_VOLUME_STAGE 5.12 257 3 40.526275130590847 -8.5595245026590371e-08
RUN 5.14 258 40.5262751306 0.354402908808
Q_RUN 5.14 258 40.526275130590847 -8.55952452019e-08 -0 0 1.66099772825e-16 1.6588293239e-17 3
Q_CUTCELL_CFL 5.14 258 0.0660069773145 0.0660069773145 0.38070157938 0 151
SHORE 5.14 258 40.125 0.000151611431623 0.886510027593
Q_MOMENTUM 5.14 258 0.0166044167165 1.93393187878 1.91452030824 0.444541440785 0.437780463621 1.32615991403 0.00223810892262
AMR_VOLUME_STAGE 5.14 258 0 40.526275130588459 -8.559530393709671e-08
AMR_VOLUME_STAGE 5.14 258 1 40.526275130588459 -8.559530393709671e-08
Q_CLEANUP 5.14 258 0 -0
AMR_VOLUME_STAGE 5.14 258 2 40.526275130588459 -8.559530393709671e-08
POSTADAPT_REPROJECT 5.14 258 18 5.58118656537e-09 8.10940824575e-12 7.54529216884e-11 1.84441645994e-07 6.34599705249e-08 3.20676731093e-10 3.09195236081e-09
AMR_VOLUME_STAGE 5.14 258 3 40.526275130588459 -8.559530393709671e-08
RUN 5.16 259 40.5262751306 0.352154295323
Q_RUN 5.16 259 40.526275130588459 -8.55953041124e-08 -0 0 1.6107178525e-16 1.38777878078e-17 1
Q_CUTCELL_CFL 5.16 259 0.0657877756382 0.0657877756382 0.399028728389 0 151
SHORE 5.16 259 40.125 0.000151307038913 0.876785160371
Q_MOMENTUM 5.16 259 0.0161772000014 1.93081226975 1.91179964471 0.44478246595 0.438110082489 1.35206767913 0.00224818357142
AMR_VOLUME_STAGE 5.16 259 0 40.5262751305861 -8.5595362146287483e-08
AMR_VOLUME_STAGE 5.16 259 1 40.5262751305861 -8.5595362146287483e-08
Q_CLEANUP 5.16 259 0 -0
AMR_VOLUME_STAGE 5.16 259 2 40.5262751305861 -8.5595362146287483e-08
POSTADAPT_REPROJECT 5.16 259 18 5.52505545847e-09 8.06461269751e-12 7.60728424698e-11 1.83568373327e-07 5.65648146953e-08 3.15416208793e-10 3.08599751309e-09
AMR_VOLUME_STAGE 5.16 259 3 40.5262751305861 -8.5595362146287483e-08
RUN 5.18 260 40.5262751306 0.349108485678
Q_RUN 5.18 260 40.5262751305861 -8.55953623216e-08 -0 0 1.66533453694e-16 1.21430676406e-17 3
Q_CUTCELL_CFL 5.18 260 0.0656329352992 0.0656329352992 0.411439552843 0 151
SHORE 5.18 260 40.125 0.000151307864955 0.866842752529
Q_MOMENTUM 5.18 260 0.0178004787224 1.92546473234 1.92052856279 0.44524696009 0.438359215384 1.35644667248 0.00225760940926
AMR_VOLUME_STAGE 5.18 260 0 40.526275130583755 -8.5595420004820499e-08
AMR_VOLUME_STAGE 5.18 260 1 40.526275130583755 -8.5595420004820499e-08
Q_CLEANUP 5.18 260 0 -0
AMR_VOLUME_STAGE 5.18 260 2 40.526275130583755 -8.5595420004820499e-08
POSTADAPT_REPROJECT 5.18 260 18 7.0256035241e-09 1.1759611085e-11 1.32303168421e-10 1.86609852525e-07 4.9800641033e-08 4.32646381515e-10 4.96688951079e-09
AMR_VOLUME_STAGE 5.18 260 3 40.526275130583755 -8.5595420004820499e-08
RUN 5.2 261 40.5262751306 0.345204011978
Q_RUN 5.2 261 40.526275130583755 -8.55954201801e-08 -0 0 1.66153982933e-16 3.64291929955e-17 3
Q_CUTCELL_CFL 5.2 261 0.0655505683988 0.0655505683988 0.421069841206 0 151
SHORE 5.2 261 40.125 0.000151305035061 0.921027542969
Q_MOMENTUM 5.2 261 0.0163825117475 1.92282449677 1.92813692487 0.445410801867 0.438526300533 1.35340318144 0.00226545210991
AMR_VOLUME_STAGE 5.2 261 0 40.526275130580643 -8.5595496798873399e-08
AMR_VOLUME_STAGE 5.2 261 1 40.526275130580643 -8.5595496798873399e-08
Q_CLEANUP 5.2 261 0 -0
AMR_VOLUME_STAGE 5.2 261 2 40.526275130580643 -8.5595496798873399e-08
POSTADAPT_REPROJECT 5.2 261 18 6.98092853446e-09 1.22453407722e-11 1.53665136171e-10 1.76235772719e-07 5.45158812925e-08 4.79726318159e-10 6.16884893168e-09
AMR_VOLUME_STAGE 5.2 261 3 40.526275130580643 -8.5595496798873399e-08
RUN 5.22 262 40.5262751306 0.342742806538
Q_RUN 5.22 262 40.526275130580643 -8.55954969742e-08 -0 0 1.66533453694e-16 2.08166817117e-17 2
Q_CUTCELL_CFL 5.22 262 0.0654479576371 0.0654479576371 0.427355648631 0 151
SHORE 5.22 262 40.125 0.000151364927214 0.92124354263
Q_MOMENTUM 5.22 262 0.0164205966592 1.93030717007 1.9336110105 0.445553566774 0.438679059127 1.33891757013 0.00227061358767
AMR_VOLUME_STAGE 5.22 262 0 40.526275130577417 -8.5595576398188499e-08
AMR_VOLUME_STAGE 5.22 262 1 40.526275130577417 -8.5595576398188499e-08
Q_CLEANUP 5.22 262 0 -0
AMR_VOLUME_STAGE 5.22 262 2 40.526275130577417 -8.5595576398188499e-08
POSTADAPT_REPROJECT 5.22 262 18 6.99443969616e-09 1.29467067545e-11 1.72409975185e-10 1.72089925237e-07 5.45572612559e-08 4.58577086039e-10 6.18121159812e-09
AMR_VOLUME_STAGE 5.22 262 3 40.526275130577417 -8.5595576398188499e-08
RUN 5.24 263 40.5262751306 0.34199915456
Q_RUN 5.24 263 40.526275130577417 -8.55955765735e-08 -0 0 1.66153982933e-16 1.38777878078e-17 1
Q_CUTCELL_CFL 5.24 263 0.0654500300508 0.0654500300508 0.432449392145 0 150
SHORE 5.24 263 40.125 0.000151567839921 0.921059986857
Q_MOMENTUM 5.24 263 0.0158079260099 1.93690166485 1.93555246648 0.446742261586 0.439960844122 1.32007938624 0.00227137768185
AMR_VOLUME_STAGE 5.24 263 0 40.526275130574106 -8.5595658101450272e-08
AMR_VOLUME_STAGE 5.24 263 1 40.526275130574106 -8.5595658101450272e-08
Q_CLEANUP 5.24 263 0 -0
AMR_VOLUME_STAGE 5.24 263 2 40.526275130574106 -8.5595658101450272e-08
POSTADAPT_REPROJECT 5.24 263 18 7.00679531515e-09 1.34719032664e-11 1.83578707791e-10 1.84143331699e-07 5.67831589151e-08 4.69650369064e-10 6.52589582373e-09
AMR_VOLUME_STAGE 5.24 263 3 40.526275130574106 -8.5595658101450272e-08
RUN 5.26 264 40.5262751306 0.342667976364
Q_RUN 5.26 264 40.526275130574106 -8.55956582768e-08 -0 0 1.65666091956e-16 2.77555756156e-17 2
Q_CUTCELL_CFL 5.26 264 0.0654575748059 0.0654575748059 0.436576962841 0 150
SHORE 5.26 264 40.125 0.000151778317152 0.920576244548
Q_MOMENTUM 5.26 264 0.0155861327107 1.94070646053 1.93744937491 0.447837137553 0.441146906051 1.29751491137 0.00227200321629
AMR_VOLUME_STAGE 5.26 264 0 40.526275130570689 -8.5595742434645346e-08
AMR_VOLUME_STAGE 5.26 264 1 40.526275130570689 -8.5595742434645346e-08
Q_CLEANUP 5.26 264 0 -0
AMR_VOLUME_STAGE 5.26 264 2 40.526275130570689 -8.5595742434645346e-08
POSTADAPT_REPROJECT 5.26 264 18 7.26682792011e-09 1.41044144283e-11 1.93671745308e-10 2.02415602154e-07 3.11285637703e-08 4.68066678417e-10 6.56972898305e-09
AMR_VOLUME_STAGE 5.26 264 3 40.526275130570689 -8.5595742434645346e-08
RUN 5.28 265 40.5262751306 0.344667655101
Q_RUN 5.28 265 40.526275130570689 -8.559574261e-08 -0 0 1.62196645004e-16 8.32667268469e-17 6
Q_CUTCELL_CFL 5.28 265 0.065476910797 0.065476910797 0.441686906285 0 150
SHORE 5.28 265 40.125 0.000151415594586 0.918785784684
Q_MOMENTUM 5.28 265 0.0145055496456 1.94322828723 1.93535241697 0.448502041427 0.442235779596 1.2684539753 0.00226772600987
AMR_VOLUME_STAGE 5.28 265 0 40.526275130567079 -8.5595831501720395e-08
AMR_VOLUME_STAGE 5.28 265 1 40.526275130567079 -8.5595831501720395e-08
Q_CLEANUP 5.28 265 0 -0
AMR_VOLUME_STAGE 5.28 265 2 40.526275130567079 -8.5595831501720395e-08
POSTADAPT_REPROJECT 5.28 265 18 6.50972958115e-09 1.32142802298e-11 1.81979764591e-10 1.74496085769e-07 6.12656310526e-08 4.65340920841e-10 6.52644172039e-09
AMR_VOLUME_STAGE 5.28 265 3 40.526275130567079 -8.5595831501720395e-08
RUN 5.3 266 40.5262751306 0.347860157376
Q_RUN 5.3 266 40.526275130567079 -8.5595831677e-08 -0 0 1.66533453694e-16 5.20417042793e-18 2
Q_CUTCELL_CFL 5.3 266 0.0655021052157 0.0655021052157 0.445458279659 0 150
SHORE 5.3 266 40.125 0.000150369688815 0.914775184843
Q_MOMENTUM 5.3 266 0.0160036834741 1.94348500171 1.93396134053 0.449097097533 0.443099483232 1.23982368873 0.00226415940842
AMR_VOLUME_STAGE 5.3 266 0 40.526275130563803 -8.5595912328337717e-08
AMR_VOLUME_STAGE 5.3 266 1 40.526275130563803 -8.5595912328337717e-08
Q_CLEANUP 5.3 266 0 -0
AMR_VOLUME_STAGE 5.3 266 2 40.526275130563803 -8.5595912328337717e-08
POSTADAPT_REPROJECT 5.3 266 18 6.78949925041e-09 1.33950088876e-11 1.83723536384e-10 1.73114853179e-07 6.18059629803e-08 4.28541735263e-10 5.98202243296e-09
AMR_VOLUME_STAGE 5.3 266 3 40.526275130563803 -8.5595912328337717e-08
RUN 5.32 267 40.5262751306 0.351300149859
Q_RUN 5.32 267 40.526275130563803 -8.55959125037e-08 -0 0 1.66533453694e-16 4.98732999343e-17 5
Q_CUTCELL_CFL 5.32 267 0.0654635959761 0.0654635959761 0.448207721309 0 150
SHORE 5.32 267 40.125 0.000150968731516 0.908491779628
Q_MOMENTUM 5.32 267 0.0150801228873 1.94423446976 1.93031279306 0.449221494681 0.443409068032 1.23952411858 0.00225773268379
AMR_VOLUME_STAGE 5.32 267 0 40.526275130560485 -8.5595994206928375e-08
AMR_VOLUME_STAGE 5.32 267 1 40.526275130560485 -8.5595994206928375e-08
Q_CLEANUP 5.32 267 0 -0
AMR_VOLUME_STAGE 5.32 267 2 40.526275130560485 -8.5595994206928375e-08
POSTADAPT_REPROJECT 5.32 267 18 3.3972324842e-09 7.0497569283e-12 9.51261847071e-11 1.66309335815e-07 5.34631934162e-08 2.63179512729e-10 3.62068874882e-09
AMR_VOLUME_STAGE 5.32 267 3 40.526275130560485 -8.5595994206928375e-08
RUN 5.34 268 40.5262751306 0.353162006641
Q_RUN 5.34 268 40.526275130560485 -8.55959943823e-08 -0 0 1.66533453694e-16 9.97465998687e-18 2
Q_CUTCELL_CFL 5.34 268 0.065175333225 0.065175333225 0.446769912062 0 150
SHORE 5.34 268 40.125 0.000150403548388 0.901631077877
Q_MOMENTUM 5.34 268 0.0154409099552 1.94149969121 1.92829208156 0.44988896551 0.443729294022 1.29135243414 0.00226824844513
AMR_VOLUME_STAGE 5.34 268 0 40.526275130558773 -8.5596036461190361e-08
AMR_VOLUME_STAGE 5.34 268 1 40.526275130558773 -8.5596036461190361e-08
Q_CLEANUP 5.34 268 0 -0
AMR_VOLUME_STAGE 5.34 268 2 40.526275130558773 -8.5596036461190361e-08
POSTADAPT_REPROJECT 5.34 268 18 3.13073953364e-09 6.64703799339e-12 8.49550430004e-11 1.62729859273e-07 5.49932509211e-08 8.20293357336e-10 1.05843735443e-08
AMR_VOLUME_STAGE 5.34 268 3 40.526275130558773 -8.5596036461190361e-08
RUN 5.36 269 40.5262751306 0.352081745517
Q_RUN 5.36 269 40.526275130558773 -8.55960366365e-08 -0 0 1.66533453694e-16 2.16840434497e-18 2
Q_CUTCELL_CFL 5.36 269 0.0649880893542 0.0648775393837 0.45076679059 1 150
SHORE 5.36 269 40.125 0.000150571606048 0.893059510986
Q_MOMENTUM 5.36 269 0.015371743563 1.93763543333 1.93615798998 0.450020482174 0.443907878987 1.32901770276 0.00227704736461
AMR_VOLUME_STAGE 5.36 269 0 40.526275130557231 -8.5596074507559028e-08
AMR_VOLUME_STAGE 5.36 269 1 40.526275130557231 -8.5596074507559028e-08
Q_CLEANUP 5.36 269 0 -0
AMR_VOLUME_STAGE 5.36 269 2 40.526275130557231 -8.5596074507559028e-08
POSTADAPT_REPROJECT 5.36 269 18 2.83320421738e-09 5.7644087487e-12 7.07869318717e-11 1.57624375613e-07 4.45340040929e-08 7.65448009522e-10 9.58803392237e-09
AMR_VOLUME_STAGE 5.36 269 3 40.526275130557231 -8.5596074507559028e-08
RUN 5.38 270 40.5262751306 0.349911323695
Q_RUN 5.38 270 40.526275130557231 -8.55960746829e-08 -0 0 1.66208193042e-16 6.41847686111e-17 6
Q_CUTCELL_CFL 5.38 270 0.0648678155842 0.0646708583262 0.451370490023 1 150
SHORE 5.38 270 40.125 0.000150349592051 0.883611004306
Q_MOMENTUM 5.38 270 0.0165846818829 1.93876002224 1.9434931361 0.450692915376 0.443940335028 1.35120331485 0.00228502706502
AMR_VOLUME_STAGE 5.38 270 0 40.526275130555817 -8.5596109398007725e-08
AMR_VOLUME_STAGE 5.38 270 1 40.526275130555817 -8.5596109398007725e-08
Q_CLEANUP 5.38 270 0 -0
AMR_VOLUME_STAGE 5.38 270 2 40.526275130555817 -8.5596109398007725e-08
POSTADAPT_REPROJECT 5.38 270 17 8.91202409228e-09 1.72831024263e-11 2.03024985712e-10 1.7606737172e-07 5.75710811615e-08 6.95340246273e-10 8.33248547938e-09
AMR_VOLUME_STAGE 5.38 270 3 40.526275130555817 -8.5596109398007725e-08
RUN 5.4 271 40.5262751306 0.346509577538
Q_RUN 5.4 271 40.526275130555817 -8.55961095733e-08 -0 0 1.66533453694e-16 3.12250225676e-17 3
Q_CUTCELL_CFL 5.4 271 0.0648179872911 0.0645712616191 0.451719442205 1 150
SHORE 5.4 271 40.125 0.000150717617451 0.873395648439
Q_MOMENTUM 5.4 271 0.016076141359 1.94644675256 1.94673108514 0.450391215966 0.443851271119 1.3546074292 0.00228798719715
AMR_VOLUME_STAGE 5.4 271 0 40.526275130559789 -8.5596011389159382e-08
AMR_VOLUME_STAGE 5.4 271 1 40.526275130559789 -8.5596011389159382e-08
RUN 5.42 272 40.5262751306 0.344322067107
Q_RUN 5.42 272 40.526275130559789 -8.55960115645e-08 -0 0 1.64798730218e-16 0 0
Q_CUTCELL_CFL 5.42 272 0.0648190858142 0.0646118197565 0.451443539685 1 150
SHORE 5.42 272 40.375 0.459078440167 0.90096324578
Q_MOMENTUM 5.42 272 0.0170445071341 1.9520689337 1.95041877241 0.451760873872 0.445050052853 1.34437015843 0.00229129495823
AMR_VOLUME_STAGE 5.42 272 0 40.526275130473763 -8.5598134096005195e-08
AMR_VOLUME_STAGE 5.42 272 1 40.526275130473763 -8.5598134096005195e-08
RUN 5.44 273 40.5262751305 0.342424842047
Q_RUN 5.44 273 40.526275130473763 -8.55981342713e-08 -0 0 1.66533453694e-16 7.3725747729e-18 2
Q_CUTCELL_CFL 5.44 273 0.0648258710769 0.064276302465 0.453847543588 1 150
SHORE 5.44 273 40.375 0.489403357571 0.904604688464
Q_MOMENTUM 5.44 273 0.0170209108999 1.95789039127 1.95160939586 0.452931241702 0.446237487639 1.31917371331 0.00229146716135
AMR_VOLUME_STAGE 5.44 273 0 40.526275130487527 -8.559779448394934e-08
AMR_VOLUME_STAGE 5.44 273 1 40.526275130487527 -8.559779448394934e-08
Q_CLEANUP 5.44 273 0 -0
AMR_VOLUME_STAGE 5.44 273 2 40.526275130487527 -8.559779448394934e-08
POSTADAPT_REPROJECT 5.44 273 17 6.44510741388e-09 1.17115444595e-11 1.20013166072e-10 1.94397202529e-07 2.833421824e-07 5.47052320232e-10 2.80554152132e-09
AMR_VOLUME_STAGE 5.44 273 3 40.526275130487527 -8.559779448394934e-08
RUN 5.46 274 40.5262751305 0.342040140158
Q_RUN 5.46 274 40.526275130487527 -8.55977946593e-08 -0 0 1.6569563223e-16 3.81639164715e-17 4
Q_CUTCELL_CFL 5.46 274 0.0648385741424 0.063844509477 0.457006539843 1 150
SHORE 5.46 274 40.375 0.000144060255297 0.906422885477
Q_MOMENTUM 5.46 274 0.0158599626125 1.96038837395 1.9522983628 0.454103163769 0.447304474727 1.28508770792 0.0022909348682
AMR_VOLUME_STAGE 5.46 274 0 40.526275130490042 -8.5597732417523018e-08
AMR_VOLUME_STAGE 5.46 274 1 40.526275130490042 -8.5597732417523018e-08
Q_CLEANUP 5.46 274 0 -0
AMR_VOLUME_STAGE 5.46 274 2 40.526275130490042 -8.5597732417523018e-08
POSTADAPT_REPROJECT 5.46 274 17 6.07589598108e-09 1.09258931091e-11 1.07924169601e-10 1.72855787069e-07 9.0555572885e-08 5.13119605753e-10 5.19777559882e-09
AMR_VOLUME_STAGE 5.46 274 3 40.526275130490042 -8.5597732417523018e-08
RUN 5.48 275 40.5262751305 0.343206540506
Q_RUN 5.48 275 40.526275130490042 -8.55977325929e-08 -0 0 1.66533453694e-16 2.25514051877e-17 2
Q_CUTCELL_CFL 5.48 275 0.0648604616251 0.0634590004946 0.459938030915 1 149
SHORE 5.48 275 40.375 0.000144488485517 0.907892209028
Q_MOMENTUM 5.48 275 0.0151834562419 1.96207025155 1.94941939661 0.454539515474 0.44813865649 1.24670143428 0.00228602371864
AMR_VOLUME_STAGE 5.48 275 0 40.526275130492387 -8.5597674558990015e-08
AMR_VOLUME_STAGE 5.48 275 1 40.526275130492387 -8.5597674558990015e-08
Q_CLEANUP 5.48 275 0 -0
AMR_VOLUME_STAGE 5.48 275 2 40.526275130492387 -8.5597674558990015e-08
POSTADAPT_REPROJECT 5.48 275 17 5.87599093021e-09 1.0546646733e-11 1.00635999534e-10 1.79513517719e-07 4.89257246111e-08 5.00819982334e-10 4.90070245496e-09
AMR_VOLUME_STAGE 5.48 275 3 40.526275130492387 -8.5597674558990015e-08
RUN 5.5 276 40.5262751305 0.345633379499
Q_RUN 5.5 276 40.526275130492387 -8.55976747343e-08 -0 0 1.66533453694e-16 2.94902990916e-17 3
Q_CUTCELL_CFL 5.5 276 0.0647803577875 0.063071223939 0.462194312775 1 149
SHORE 5.5 276 40.375 0.000144092880619 0.909656271762
Q_MOMENTUM 5.5 276 0.0160472089733 1.96180958468 1.94747936881 0.454565091844 0.448590985905 1.21298925755 0.00228213825331
AMR_VOLUME_STAGE 5.5 276 0 40.526275130494618 -8.5597619505719212e-08
AMR_VOLUME_STAGE 5.5 276 1 40.526275130494618 -8.5597619505719212e-08
Q_CLEANUP 5.5 276 0 -0
AMR_VOLUME_STAGE 5.5 276 2 40.526275130494618 -8.5597619505719212e-08
POSTADAPT_REPROJECT 5.5 276 17 5.81619853104e-09 1.04739436546e-11 9.70392100008e-11 1.79100626979e-07 6.30316286761e-08 4.9697746224e-10 4.72096389759e-09
AMR_VOLUME_STAGE 5.5 276 3 40.526275130494618 -8.5597619505719212e-08
RUN 5.52 277 40.5262751305 0.347717778224
Q_RUN 5.52 277 40.526275130494618 -8.5597619681e-08 -0 0 1.66533453694e-16 5.50774703623e-17 5
Q_CUTCELL_CFL 5.52 277 0.0645230718164 0.062535460572 0.464302686056 1 149
SHORE 5.52 277 40.375 0.000144086794634 0.911013579979
Q_MOMENTUM 5.52 277 0.0148104547014 1.96121236668 1.94406432921 0.454629240285 0.448828310497 1.17868187701 0.00228646690327
AMR_VOLUME_STAGE 5.52 277 0 40.526275130496764 -8.5597566556395069e-08
AMR_VOLUME_STAGE 5.52 277 1 40.526275130496764 -8.5597566556395069e-08
RUN 5.54 278 40.5262751305 0.348725283068
Q_RUN 5.54 278 40.526275130496764 -8.55975667317e-08 -0 0 1.63064006742e-16 2.42861286637e-17 3
Q_CUTCELL_CFL 5.54 278 0.064300799265 0.0620644421499 0.46621477076 1 149
SHORE 5.54 278 40.375 0.467839543713 0.907922776017
Q_MOMENTUM 5.54 278 0.0153847036363 1.95748577549 1.95333548326 0.455014329848 0.448910077974 1.22995211775 0.00229682542749
AMR_VOLUME_STAGE 5.54 278 0 40.526275130448155 -8.5598765981317202e-08
AMR_VOLUME_STAGE 5.54 278 1 40.526275130448155 -8.5598765981317202e-08
RUN 5.56 279 40.5262751304 0.348139227442
Q_RUN 5.56 279 40.526275130448155 -8.55987661566e-08 -0 0 1.65666091956e-16 1.73472347598e-18 1
Q_CUTCELL_CFL 5.56 279 0.0641768844442 0.0618615790968 0.466842237485 1 149
SHORE 5.56 279 40.375 0.4628474314 0.901856405073
Q_MOMENTUM 5.56 279 0.0164447679583 1.95400635098 1.95939821123 0.454916783371 0.448805461697 1.2767422907 0.00230322947626
AMR_VOLUME_STAGE 5.56 279 0 40.526275130066082 -8.5608193766277402e-08
AMR_VOLUME_STAGE 5.56 279 1 40.526275130066082 -8.5608193766277402e-08
Q_CLEANUP 5.56 279 0 -0
AMR_VOLUME_STAGE 5.56 279 2 40.526275130066082 -8.5608193766277402e-08
POSTADAPT_REPROJECT 5.56 279 17 6.65970760637e-09 1.23860148787e-11 1.08438924507e-10 2.61858513437e-07 6.80231694586e-08 6.32835887524e-10 4.22446744253e-09
AMR_VOLUME_STAGE 5.56 279 3 40.526275130066082 -8.5608193766277402e-08
RUN 5.58 280 40.5262751301 0.346972122901
Q_RUN 5.58 280 40.526275130066082 -8.56081939416e-08 -0 0 1.66533453694e-16 5.07406616723e-17 5
Q_CUTCELL_CFL 5.58 280 0.0641037801006 0.0619371517218 0.465741485415 1 149
SHORE 5.58 280 40.375 0.000142459025649 0.893545895211
Q_MOMENTUM 5.58 280 0.016775849515 1.96176797171 1.9650765189 0.454974425978 0.448669060121 1.29821238719 0.00230901656009
AMR_VOLUME_STAGE 5.58 280 0 40.526275130068633 -8.5608130823206641e-08
AMR_VOLUME_STAGE 5.58 280 1 40.526275130068633 -8.5608130823206641e-08
Q_CLEANUP 5.58 280 0 -0
AMR_VOLUME_STAGE 5.58 280 2 40.526275130068633 -8.5608130823206641e-08
POSTADAPT_REPROJECT 5.58 280 17 6.6826420896e-09 1.29813853975e-11 1.11640086065e-10 1.76334186387e-07 7.29409037881e-08 5.74795780656e-10 5.05861241784e-09
AMR_VOLUME_STAGE 5.58 280 3 40.526275130068633 -8.5608130823206641e-08
RUN 5.6 281 40.5262751301 0.345072308515
Q_RUN 5.6 281 40.526275130068633 -8.56081309985e-08 -0 0 1.56558793707e-16 3.12250225676e-17 3
Q_CUTCELL_CFL 5.6 281 0.0640925579432 0.0621700094062 0.463915822917 1 149
SHORE 5.6 281 40.625 0.000140799796936 0.88537185482
Q_MOMENTUM 5.6 281 0.0175928885856 1.96894116373 1.9681068084 0.454821772236 0.448813943405 1.30337603376 0.002311499189
AMR_VOLUME_STAGE 5.6 281 0 40.526275130071454 -8.5608061217638145e-08
AMR_VOLUME_STAGE 5.6 281 1 40.526275130071454 -8.5608061217638145e-08
Q_CLEANUP 5.6 281 0 -0
AMR_VOLUME_STAGE 5.6 281 2 40.526275130071454 -8.5608061217638145e-08
POSTADAPT_REPROJECT 5.6 281 18 3.13968002562e-09 6.38533077295e-12 5.42360600875e-11 1.70433022494e-07 7.9416323135e-08 2.67478330732e-10 2.34091529494e-09
AMR_VOLUME_STAGE 5.6 281 3 40.526275130071454 -8.5608061217638145e-08
RUN 5.62 282 40.5262751301 0.342895826549
Q_RUN 5.62 282 40.526275130071454 -8.5608061393e-08 -0 0 1.66533453694e-16 3.12250225676e-17 4
Q_CUTCELL_CFL 5.62 282 0.0640936835232 0.0624844246308 0.46158955221 1 149
SHORE 5.62 282 40.875 0.000141485051517 0.877529351104
Q_MOMENTUM 5.62 282 0.0170975043107 1.9750274445 1.97216367504 0.4554713148 0.449001707295 1.28720763947 0.00231505872259
AMR_VOLUME_STAGE 5.62 282 0 40.526275130069934 -8.5608098738020157e-08
AMR_VOLUME_STAGE 5.62 282 1 40.526275130069934 -8.5608098738020157e-08
Q_CLEANUP 5.62 282 0 -0
AMR_VOLUME_STAGE 5.62 282 2 40.526275130069934 -8.5608098738020157e-08
POSTADAPT_REPROJECT 5.62 282 18 3.45175670495e-09 7.3315607552e-12 6.1663729678e-11 1.72266484812e-07 8.23542003605e-08 2.8703173305e-10 2.47686787747e-09
AMR_VOLUME_STAGE 5.62 282 3 40.526275130069934 -8.5608098738020157e-08
RUN 5.64 283 40.5262751301 0.341427720555
Q_RUN 5.64 283 40.526275130069934 -8.56080989133e-08 -0 0 1.60461921528e-16 1.99493199737e-17 2
Q_CUTCELL_CFL 5.64 283 0.0640980298527 0.0630399043934 0.45755325474 1 149
SHORE 5.64 283 41.125 0.000141458858035 0.871446979974
Q_MOMENTUM 5.64 283 0.0164449066546 1.9798859874 1.97282254557 0.455443284966 0.449127161791 1.259844962 0.00231445945228
AMR_VOLUME_STAGE 5.64 283 0 40.5262751300682 -8.5608141518268812e-08
AMR_VOLUME_STAGE 5.64 283 1 40.5262751300682 -8.5608141518268812e-08
Q_CLEANUP 5.64 283 0 -0
AMR_VOLUME_STAGE 5.64 283 2 40.5262751300682 -8.5608141518268812e-08
POSTADAPT_REPROJECT 5.64 283 18 3.92018811534e-09 8.68328608448e-12 7.35759508874e-11 1.77569411695e-07 6.08150853122e-08 3.19269852929e-10 2.76811776279e-09
AMR_VOLUME_STAGE 5.64 283 3 40.5262751300682 -8.5608141518268812e-08
RUN 5.66 284 40.5262751301 0.341045284952
Q_RUN 5.66 284 40.5262751300682 -8.56081416936e-08 -0 0 1.64232912209e-16 4.98749940002e-17 6
Q_CUTCELL_CFL 5.66 284 0.0641091586176 0.0634978069625 0.454332562933 1 149
SHORE 5.66 284 41.125 0.000142096513643 0.865104509504
Q_MOMENTUM 5.66 284 0.016328366079 1.98230044323 1.9734553628 0.455233926707 0.449003763303 1.2281526657 0.00231373850315
AMR_VOLUME_STAGE 5.66 284 0 40.526275130066153 -8.5608192012988525e-08
AMR_VOLUME_STAGE 5.66 284 1 40.526275130066153 -8.5608192012988525e-08
Q_CLEANUP 5.66 284 0 -0
AMR_VOLUME_STAGE 5.66 284 2 40.526275130066153 -8.5608192012988525e-08
POSTADAPT_REPROJECT 5.66 284 18 4.86000452019e-09 1.12483900407e-11 1.03132752338e-10 1.74306890664e-07 1.03538295012e-07 3.53842938384e-10 3.2823678775e-09
AMR_VOLUME_STAGE 5.66 284 3 40.526275130066153 -8.5608192012988525e-08
RUN 5.68 285 40.5262751301 0.342188926848
Q_RUN 5.68 285 40.526275130066153 -8.56081921883e-08 -0 0 1.66533453694e-16 2.03830008427e-17 3
Q_CUTCELL_CFL 5.68 285 0.0641319968865 0.0639543199742 0.451250183108 1 149
SHORE 5.68 285 41.125 0.000141565475061 0.85938385944
Q_MOMENTUM 5.68 285 0.0170307031041 1.98445229499 1.97159228675 0.454351180145 0.448830686581 1.19408925425 0.0023098753712
AMR_VOLUME_STAGE 5.68 285 0 40.526275130063539 -8.5608256534019264e-08
AMR_VOLUME_STAGE 5.68 285 1 40.526275130063539 -8.5608256534019264e-08
Q_CLEANUP 5.68 285 0 -0
AMR_VOLUME_STAGE 5.68 285 2 40.526275130063539 -8.5608256534019264e-08
POSTADAPT_REPROJECT 5.68 285 18 5.27821763029e-09 1.126672831e-11 1.01512687145e-10 1.15527709074e-07 7.96385981643e-08 3.72326081881e-10 3.45507999988e-09
AMR_VOLUME_STAGE 5.68 285 3 40.526275130063539 -8.5608256534019264e-08
RUN 5.7 286 40.5262751301 0.343290471543
Q_RUN 5.7 286 40.526275130063539 -8.56082567093e-08 -0 0 1.66533453694e-16 5.59448321003e-17 5
Q_CUTCELL_CFL 5.7 286 0.0641586941766 0.0641586941766 0.448861693721 0 149
SHORE 5.7 286 41.125 0.000141284295169 0.853829923054
Q_MOMENTUM 5.7 286 0.0154373565923 1.98418241307 1.96967731336 0.454384062899 0.448562551595 1.16076064034 0.00230587453397
AMR_VOLUME_STAGE 5.7 286 0 40.526275130060569 -8.5608329821494411e-08
AMR_VOLUME_STAGE 5.7 286 1 40.526275130060569 -8.5608329821494411e-08
Q_CLEANUP 5.7 286 0 -0
AMR_VOLUME_STAGE 5.7 286 2 40.526275130060569 -8.5608329821494411e-08
POSTADAPT_REPROJECT 5.7 286 18 5.38619670997e-09 1.2522723755e-11 1.11227860256e-10 1.20473191027e-07 9.50760619946e-08 3.96105874315e-10 3.59925383941e-09
AMR_VOLUME_STAGE 5.7 286 3 40.526275130060569 -8.5608329821494411e-08
RUN 5.72 287 40.5262751301 0.343705082629
Q_RUN 5.72 287 40.526275130060569 -8.56083299968e-08 -0 0 1.66099772825e-16 4.25007251614e-17 5
Q_CUTCELL_CFL 5.72 287 0.06416525208 0.06416525208 0.447537949691 0 149
SHORE 5.72 287 41.125 0.000141909922689 0.845311220073
Q_MOMENTUM 5.72 287 0.0147172938596 1.98175104603 1.96350119789 0.453853555639 0.448325218287 1.11595074301 0.00229673880199
AMR_VOLUME_STAGE 5.72 287 0 40.526275130057336 -8.5608409596138409e-08
AMR_VOLUME_STAGE 5.72 287 1 40.526275130057336 -8.5608409596138409e-08
Q_CLEANUP 5.72 287 0 -0
AMR_VOLUME_STAGE 5.72 287 2 40.526275130057336 -8.5608409596138409e-08
POSTADAPT_REPROJECT 5.72 287 18 5.50806677639e-09 1.34173945626e-11 1.19250997965e-10 1.26236782214e-07 7.70406423707e-08 4.11662026014e-10 3.74636288658e-09
AMR_VOLUME_STAGE 5.72 287 3 40.526275130057336 -8.5608409596138409e-08
RUN 5.74 288 40.5262751301 0.343300209014
Q_RUN 5.74 288 40.526275130057336 -8.56084097715e-08 -0 0 1.63064006742e-16 6.41847686111e-17 6
Q_CUTCELL_CFL 5.74 288 0.0641267310606 0.0641267310606 0.444119016189 0 149
SHORE 5.74 288 41.125 0.000141738671775 0.843266179661
Q_MOMENTUM 5.74 288 0.016226809265 1.97713724361 1.95740652082 0.453780162553 0.447894753041 1.17268953444 0.00229106916298
AMR_VOLUME_STAGE 5.74 288 0 40.526275130053826 -8.5608496208609028e-08
AMR_VOLUME_STAGE 5.74 288 1 40.526275130053826 -8.5608496208609028e-08
Q_CLEANUP 5.74 288 0 -0
AMR_VOLUME_STAGE 5.74 288 2 40.526275130053826 -8.5608496208609028e-08
POSTADAPT_REPROJECT 5.74 288 18 5.88800118536e-09 1.4400510096e-11 1.24742327579e-10 1.42761216655e-07 8.14935029165e-08 4.3039096243e-10 3.81356835e-09
AMR_VOLUME_STAGE 5.74 288 3 40.526275130053826 -8.5608496208609028e-08
RUN 5.76 289 40.5262751301 0.342293622751
Q_RUN 5.76 289 40.526275130053826 -8.56084963839e-08 -0 0 1.64256629132e-16 1.69135538908e-17 3
Q_CUTCELL_CFL 5.76 289 0.0640851882857 0.0640851882857 0.441547580893 0 149
SHORE 5.76 289 41.125 0.000141642621142 0.843213463688
Q_MOMENTUM 5.76 289 0.0155805692716 1.9718666713 1.95426469747 0.453058072573 0.44749116663 1.20999172848 0.00229391967153
AMR_VOLUME_STAGE 5.76 289 0 40.526275130050067 -8.5608588957590728e-08
AMR_VOLUME_STAGE 5.76 289 1 40.526275130050067 -8.5608588957590728e-08
Q_CLEANUP 5.76 289 0 -0
AMR_VOLUME_STAGE 5.76 289 2 40.526275130050067 -8.5608588957590728e-08
POSTADAPT_REPROJECT 5.76 289 18 5.4723792811e-09 1.35156020654e-11 1.2141482264e-10 1.32340226625e-07 7.40309630831e-08 4.24495935822e-10 3.91901827657e-09
AMR_VOLUME_STAGE 5.76 289 3 40.526275130050067 -8.5608588957590728e-08
RUN 5.78 290 40.5262751301 0.341222919388
Q_RUN 5.78 290 40.526275130050067 -8.56085891329e-08 -0 0 1.65571224266e-16 3.12250225676e-17 3
Q_CUTCELL_CFL 5.78 290 0.0640805878366 0.0640805878366 0.439360554844 0 149
SHORE 5.78 290 41.125 0.000140507646993 0.841826100454
Q_MOMENTUM 5.78 290 0.0157937788582 1.96462956761 1.95749180202 0.452542461281 0.44710941204 1.23130044551 0.00229636099464
AMR_VOLUME_STAGE 5.78 290 0 40.526275130046187 -8.5608684687163526e-08
AMR_VOLUME_STAGE 5.78 290 1 40.526275130046187 -8.5608684687163526e-08
Q_CLEANUP 5.78 290 0 -0
AMR_VOLUME_STAGE 5.78 290 2 40.526275130046187 -8.5608684687163526e-08
POSTADAPT_REPROJECT 5.78 290 18 3.13716062833e-09 8.26285694831e-12 7.42555461564e-11 1.37221322472e-07 8.26450869948e-08 8.93120456246e-10 8.09395095391e-09
AMR_VOLUME_STAGE 5.78 290 3 40.526275130046187 -8.5608684687163526e-08
RUN 5.8 291 40.52627513 0.340015088919
Q_RUN 5.8 291 40.526275130046187 -8.56086848625e-08 -0 0 1.66533453694e-16 6.93889390391e-18 1
Q_CUTCELL_CFL 5.8 291 0.064085717091 0.064085717091 0.438880237114 0 148
SHORE 5.8 291 41.125 0.000141135264942 0.839292866006
Q_MOMENTUM 5.8 291 0.017378625915 1.95869061692 1.95858330448 0.452095605769 0.446822490655 1.2319293636 0.00229610939232
AMR_VOLUME_STAGE 5.8 291 0 40.526275130043935 -8.5608740266420984e-08
AMR_VOLUME_STAGE 5.8 291 1 40.526275130043935 -8.5608740266420984e-08
Q_CLEANUP 5.8 291 0 -0
AMR_VOLUME_STAGE 5.8 291 2 40.526275130043935 -8.5608740266420984e-08
POSTADAPT_REPROJECT 5.8 291 18 3.03905516346e-09 8.13276813725e-12 7.17076120704e-11 1.17816371576e-07 9.65628707689e-08 8.90252735125e-10 8.06577563073e-09
AMR_VOLUME_STAGE 5.8 291 3 40.526275130043935 -8.5608740266420984e-08
RUN 5.82 292 40.52627513 0.338950155657
Q_RUN 5.82 292 40.526275130043935 -8.56087404417e-08 -0 0 1.56477478544e-16 8.23993651089e-18 2
Q_CUTCELL_CFL 5.82 292 0.0640965058281 0.0640965058281 0.438564883955 0 148
SHORE 5.82 292 41.125 0.000140964432756 0.836189684476
Q_MOMENTUM 5.82 292 0.0156897277927 1.96242466809 1.96058298949 0.45231880679 0.44663552861 1.21859713443 0.00229682932655
AMR_VOLUME_STAGE 5.82 292 0 40.526275130041618 -8.5608797423638447e-08
AMR_VOLUME_STAGE 5.82 292 1 40.526275130041618 -8.5608797423638447e-08
Q_CLEANUP 5.82 292 0 -0
AMR_VOLUME_STAGE 5.82 292 2 40.526275130041618 -8.5608797423638447e-08
POSTADAPT_REPROJECT 5.82 292 17 9.33177131701e-09 2.54598524245e-11 2.2123813892e-10 1.35120035468e-07 8.37422109067e-08 8.4997960606e-10 7.54401494052e-09
AMR_VOLUME_STAGE 5.82 292 3 40.526275130041618 -8.5608797423638447e-08
RUN 5.84 293 40.52627513 0.339006734365
Q_RUN 5.84 293 40.526275130041618 -8.5608797599e-08 -0 0 1.66533453694e-16 1.30104260698e-18 2
Q_CUTCELL_CFL 5.84 293 0.0641153012893 0.0641153012893 0.439189608589 0 148
SHORE 5.84 293 41.125 0.000141095608265 0.833569668932
Q_MOMENTUM 5.84 293 0.01553475519 1.96455503971 1.95885745216 0.451958766183 0.446327155714 1.19410353808 0.00229301719912
AMR_VOLUME_STAGE 5.84 293 0 40.526275130048731 -8.5608621919421651e-08
AMR_VOLUME_STAGE 5.84 293 1 40.526275130048731 -8.5608621919421651e-08
RUN 5.86 294 40.52627513 0.340132469026
Q_RUN 5.86 294 40.526275130048731 -8.56086220948e-08 -0 0 1.66316613259e-16 1.47451495458e-17 3
Q_CUTCELL_CFL 5.86 294 0.0641467722594 0.0641467722594 0.440703428245 0 148
SHORE 5.86 294 41.125 0.395341320303 0.831767925347
Q_MOMENTUM 5.86 294 0.0167018338418 1.96500176222 1.95768757108 0.451520393518 0.445956648488 1.1684763425 0.00228978587625
AMR_VOLUME_STAGE 5.86 294 0 40.526275130135971 -8.5606469231336013e-08
AMR_VOLUME_STAGE 5.86 294 1 40.526275130135971 -8.5606469231336013e-08
Q_CLEANUP 5.86 294 0 -0
AMR_VOLUME_STAGE 5.86 294 2 40.526275130135971 -8.5606469231336013e-08
POSTADAPT_REPROJECT 5.86 294 18 3.11060819398e-09 8.72273069045e-12 7.10868308662e-11 1.45226940469e-07 5.82496539476e-08 4.34806985961e-11 2.92059071372e-10
AMR_VOLUME_STAGE 5.86 294 3 40.526275130135971 -8.5606469231336013e-08
RUN 5.88 295 40.5262751301 0.341690154893
Q_RUN 5.88 295 40.526275130135971 -8.56064694067e-08 -0 0 1.66370823368e-16 3.46944695195e-18 2
Q_CUTCELL_CFL 5.88 295 0.0641941706732 0.0641941706732 0.443219612712 0 148
SHORE 5.88 295 41.375 0.000131939310096 0.829707458013
Q_MOMENTUM 5.88 295 0.014610105544 1.96459440583 1.95346589306 0.45092482656 0.445582927382 1.13951522866 0.00228279737525
AMR_VOLUME_STAGE 5.88 295 0 40.526275130133349 -8.5606533927695637e-08
AMR_VOLUME_STAGE 5.88 295 1 40.526275130133349 -8.5606533927695637e-08
Q_CLEANUP 5.88 295 0 -0
AMR_VOLUME_STAGE 5.88 295 2 40.526275130133349 -8.5606533927695637e-08
POSTADAPT_REPROJECT 5.88 295 18 2.81750870146e-09 7.05666571485e-12 5.44218836662e-11 1.36095136918e-07 8.67126677722e-08 1.05942456501e-09 8.70760824556e-09
AMR_VOLUME_STAGE 5.88 295 3 40.526275130133349 -8.5606533927695637e-08
RUN 5.9 296 40.5262751301 0.342360506332
Q_RUN 5.9 296 40.526275130133349 -8.5606534103e-08 -0 0 1.6602226931e-16 5.76795555762e-17 6
Q_CUTCELL_CFL 5.9 296 0.0642481642943 0.0642481642943 0.446290518969 0 148
SHORE 5.9 296 41.375 0.000132136427366 0.825543831563
Q_MOMENTUM 5.9 296 0.0147088063824 1.96053582004 1.94794474499 0.450660652359 0.445196788114 1.10092375867 0.00227433209373
AMR_VOLUME_STAGE 5.9 296 0 40.526275130131175 -8.5606587578335347e-08
AMR_VOLUME_STAGE 5.9 296 1 40.526275130131175 -8.5606587578335347e-08
Q_CLEANUP 5.9 296 0 -0
AMR_VOLUME_STAGE 5.9 296 2 40.526275130131175 -8.5606587578335347e-08
POSTADAPT_REPROJECT 5.9 296 18 2.99874378361e-09 5.5851440883e-12 3.95576349455e-11 1.3325947101e-07 7.92921830361e-08 2.54630884803e-10 1.95060598229e-09
AMR_VOLUME_STAGE 5.9 296 3 40.526275130131175 -8.5606587578335347e-08
RUN 5.92 297 40.5262751301 0.342495090169
Q_RUN 5.92 297 40.526275130131175 -8.56065877537e-08 -0 0 1.66533453694e-16 5.03069808033e-17 5
Q_CUTCELL_CFL 5.92 297 0.0642940118421 0.0642940118421 0.44870144274 0 148
SHORE 5.92 297 41.375 0.000132357542361 0.820324633728
Q_MOMENTUM 5.92 297 0.0152566589166 1.95573364217 1.93962816237 0.45018644578 0.444696393807 1.13772933118 0.00226695643236
AMR_VOLUME_STAGE 5.92 297 0 40.526275130129569 -8.5606627202664005e-08
AMR_VOLUME_STAGE 5.92 297 1 40.526275130129569 -8.5606627202664005e-08
Q_CLEANUP 5.92 297 0 -0
AMR_VOLUME_STAGE 5.92 297 2 40.526275130129569 -8.5606627202664005e-08
POSTADAPT_REPROJECT 5.92 297 18 3.34867400989e-09 4.91264847475e-12 3.28701232899e-11 1.2771083495e-07 8.35891792708e-08 2.27500274454e-10 1.61470942173e-09
AMR_VOLUME_STAGE 5.92 297 3 40.526275130129569 -8.5606627202664005e-08
RUN 5.94 298 40.5262751301 0.341874947363
Q_RUN 5.94 298 40.526275130129569 -8.5606627378e-08 -0 0 1.66533453694e-16 4.20670442924e-17 4
Q_CUTCELL_CFL 5.94 298 0.0643358990377 0.0642956550768 0.450281664171 1 148
SHORE 5.94 298 41.375 0.000131747941885 0.814335221804
Q_MOMENTUM 5.94 298 0.0151695315597 1.9487497207 1.93275755477 0.449631712671 0.444203426773 1.18344713445 0.00226914221518
AMR_VOLUME_STAGE 5.94 298 0 40.526275130128056 -8.5606664547717132e-08
AMR_VOLUME_STAGE 5.94 298 1 40.526275130128056 -8.5606664547717132e-08
Q_CLEANUP 5.94 298 0 -0
AMR_VOLUME_STAGE 5.94 298 2 40.526275130128056 -8.5606664547717132e-08
POSTADAPT_REPROJECT 5.94 298 18 3.33398234392e-09 4.2369341567e-12 2.61251298372e-11 1.20406103448e-07 6.88437577628e-08 2.14376758848e-10 1.45501796722e-09
AMR_VOLUME_STAGE 5.94 298 3 40.526275130128056 -8.5606664547717132e-08
RUN 5.96 299 40.5262751301 0.341134874595
Q_RUN 5.96 299 40.526275130128056 -8.5606664723e-08 -0 0 1.64365049349e-16 4.25007251614e-17 4
Q_CUTCELL_CFL 5.96 299 0.0643801817865 0.0640283604715 0.452472647911 1 148
SHORE 5.96 299 41.375 0.000131757660648 0.808285607947
Q_MOMENTUM 5.96 299 0.0152285572738 1.94111134843 1.93253272038 0.448932686688 0.443713279251 1.21036664038 0.00226763452731
AMR_VOLUME_STAGE 5.96 299 0 40.526275130126884 -8.5606693476983633e-08
AMR_VOLUME_STAGE 5.96 299 1 40.526275130126884 -8.5606693476983633e-08
Q_CLEANUP 5.96 299 0 -0
AMR_VOLUME_STAGE 5.96 299 2 40.526275130126884 -8.5606693476983633e-08
POSTADAPT_REPROJECT 5.96 299 18 3.31962805874e-09 4.025477164e-12 2.31637486969e-11 1.27040032767e-07 8.32639939507e-08 2.09267081891e-10 1.34087715931e-09
AMR_VOLUME_STAGE 5.96 299 3 40.526275130126884 -8.5606693476983633e-08
RUN 5.98 300 40.5262751301 0.340145466334
Q_RUN 5.98 300 40.526275130126884 -8.56066936523e-08 -0 0 1.66533453694e-16 1.38777878078e-17 1
Q_CUTCELL_CFL 5.98 300 0.0644296119336 0.0637508813082 0.454790973476 1 148
SHORE 5.98 300 41.375 0.00013175661623 0.802003694806
Q_MOMENTUM 5.98 300 0.0162754531524 1.93713310356 1.93325440617 0.448758781891 0.443378437994 1.21923405334 0.00226713030129
AMR_VOLUME_STAGE 5.98 300 0 40.526275130125647 -8.5606723984210126e-08
AMR_VOLUME_STAGE 5.98 300 1 40.526275130125647 -8.5606723984210126e-08
Q_CLEANUP 5.98 300 0 -0
AMR_VOLUME_STAGE 5.98 300 2 40.526275130125647 -8.5606723984210126e-08
POSTADAPT_REPROJECT 5.98 300 18 3.41577704098e-09 4.25333019534e-12 2.40646946814e-11 1.06719002546e-07 1.08216311559e-07 2.15441481459e-10 1.32276620213e-09
AMR_VOLUME_STAGE 5.98 300 3 40.526275130125647 -8.5606723984210126e-08
RUN 6 301 40.5262751301 0.339421781271
Q_RUN 6 301 40.526275130125647 -8.56067241595e-08 -0 0 1.66533453694e-16 1.42030484596e-17 2
Q_CUTCELL_CFL 6 301 0.0644874743284 0.0635095581431 0.456929071721 1 148
SHORE 6 301 41.375 0.000132392145608 0.796230348177
