Q_CONSERVATIVE_REMAP 40.526278599457534 40.491116924252978 40.526278599447593 0.035161675204828782 0.022646331417882415
Q_INITIAL_MASS_REPAIR 0.035161675195020219 0.00086762654776546648
INIT_RECEIVER_CORRECTION 0 0 6.36577065165e-09 6.36577065165e-09 0 0 0 0 1.3582959668 -0.00725462264344 1.3582959668 -0.00725462264344
TRANSFER 0 0 40.5262785994 1.3582959668 -0.00725462264344 0.000535914774482 0.0144874780489 0.00447009671162 0.0946086179751 2540
RUN 0 0 40.5262785994 0.396401877006
Q_RUN 0 0 40.526278599447608 0 -0 0 0 0 0
Q_CUTCELL_CFL 0 0 0.0025229089298 0.0025229089298 0.012711586047 0 327
SHORE 0 0 44.0625 0 0.53393094407
Q_MOMENTUM 0 0 0.0148923774157 3.60368937195 3.60717021263 0.444977459297 0.442591784982 1.07736118116 0.00424372966186
AMR_VOLUME_STAGE 0 0 0 40.526275993371101 -6.4305842590235113e-08
AMR_VOLUME_STAGE 0 0 1 40.526275993371101 -6.4305842590235113e-08
Q_CLEANUP 0 0 0 -0
AMR_VOLUME_STAGE 0 0 2 40.526275993371101 -6.4305842590235113e-08
POSTADAPT_REPROJECT 0 0 20 8.01902087374e-09 1.11525999666e-11 4.11588610416e-11 2.04750848537e-05 8.21560793854e-08 0.000645379214687 0.00867891685983
AMR_VOLUME_STAGE 0 0 3 40.526275993371101 -6.4305842590235113e-08
PROJECTED 0 0 40.5262759934 1.35806160989 -0.00687948146345 0.00560281235025 0.447783028741 1.05633340555e-11 4.11588610416e-11 2505
TRANSFER 0.0025229089298 1 40.5262759934 1.35806160989 -0.00687948146345 0.00560281235025 0.447783028741 1.05633340555e-11 4.11588610416e-11 2505
Q_MOMENTUM 0.0025229089298 1 0.0189736567856 3.60788254214 3.59524534065 0.444126152817 0.440103450216 1.07804637072 0.00422855148557
AMR_VOLUME_STAGE 0.0025229089298 1 0 40.526275993372245 -6.4305814362284151e-08
AMR_VOLUME_STAGE 0.0025229089298 1 1 40.526275993372245 -6.4305814362284151e-08
Q_CLEANUP 0.0025229089298 1 0 -0
AMR_VOLUME_STAGE 0.0025229089298 1 2 40.526275993372245 -6.4305814362284151e-08
POSTADAPT_REPROJECT 0.0025229089298 1 20 8.55925817503e-09 1.40276858371e-11 5.5528893983e-11 3.15194377646e-05 2.76178867352e-08 0.000508296514439 0.00748033014905
AMR_VOLUME_STAGE 0.0025229089298 1 3 40.526275993372245 -6.4305814362284151e-08
PROJECTED 0.0025229089298 1 40.5262759934 1.35783913817 -0.00769781533879 0.00893933498747 0.448424066239 1.32865100484e-11 5.5528893983e-11 2499
TRANSFER 0.00689218169735 2 40.5262759934 1.35783913817 -0.00769781533879 0.00893933498747 0.448424066239 1.32865100484e-11 5.5528893983e-11 2499
Q_MOMENTUM 0.00689218169735 2 0.0248251942051 3.62996129639 3.6133498922 0.441567704082 0.437974639276 1.07339251377 0.00424444964528
AMR_VOLUME_STAGE 0.00689218169735 2 0 40.52627599337297 -6.430579647873759e-08
AMR_VOLUME_STAGE 0.00689218169735 2 1 40.52627599337297 -6.430579647873759e-08
Q_CLEANUP 0.00689218169735 2 0 -0
AMR_VOLUME_STAGE 0.00689218169735 2 2 40.52627599337297 -6.430579647873759e-08
POSTADAPT_REPROJECT 0.00689218169735 2 27 6.47525068504e-09 1.20936159768e-11 3.79891534896e-11 3.22690035614e-05 1.5034788043e-08 0.000541690106582 0.01168885487
AMR_VOLUME_STAGE 0.00689218169735 2 3 40.52627599337297 -6.430579647873759e-08
PROJECTED 0.00689218169735 2 40.5262759934 1.35759490201 -0.00823208932416 0.0161573489099 0.779530732248 1.14546299413e-11 3.79891534896e-11 2496
Q_MOMENTUM 0.0112614544649 3 0.0183593837242 3.66825395979 3.64842323305 0.439387775604 0.43571343348 1.06442612358 0.00426753295631
AMR_VOLUME_STAGE 0.0112614544649 3 0 40.526275993372209 -6.430581523892859e-08
AMR_VOLUME_STAGE 0.0112614544649 3 1 40.526275993372209 -6.430581523892859e-08
Q_CLEANUP 0.0112614544649 3 0 -0
AMR_VOLUME_STAGE 0.0112614544649 3 2 40.526275993372209 -6.430581523892859e-08
POSTADAPT_REPROJECT 0.0112614544649 3 27 6.63816745767e-09 1.19799482252e-11 3.70259404733e-11 2.74663183071e-05 1.64751808046e-08 0.000470030690027 0.00784584700716
AMR_VOLUME_STAGE 0.0112614544649 3 3 40.526275993372209 -6.430581523892859e-08
Q_MOMENTUM 0.0156307272325 4 0.0200386809839 3.69291761978 3.66770443922 0.436907224689 0.433910514566 1.0563023608 0.00426763307839
AMR_VOLUME_STAGE 0.0156307272325 4 0 40.526275993371385 -6.4305835577079594e-08
AMR_VOLUME_STAGE 0.0156307272325 4 1 40.526275993371385 -6.4305835577079594e-08
Q_CLEANUP 0.0156307272325 4 0 -0
AMR_VOLUME_STAGE 0.0156307272325 4 2 40.526275993371385 -6.4305835577079594e-08
POSTADAPT_REPROJECT 0.0156307272325 4 28 4.35169990709e-09 5.14702589759e-12 1.54950896948e-11 2.6617683456e-05 7.80296136162e-08 0.000458548981088 0.00751546100094
AMR_VOLUME_STAGE 0.0156307272325 4 3 40.526275993371385 -6.4305835577079594e-08
RUN 0.02 5 40.5262759934 0.393795816045
Q_RUN 0.02 5 40.526275993371385 -6.43058359277e-08 -0 0 1.66533453694e-16 6.52689707836e-17 35
Q_CUTCELL_CFL 0.02 5 0.00811610398543 0.00811610398543 0.0279360768528 0 334
SHORE 0.02 5 44.0625 0.000450300820999 0.536995735452
Q_MOMENTUM 0.02 5 0.0232842294927 3.75195251917 3.68557281918 0.435693086571 0.43097908882 1.04516801336 0.00429408118125
AMR_VOLUME_STAGE 0.02 5 0 40.526275993371819 -6.4305824882017437e-08
AMR_VOLUME_STAGE 0.02 5 1 40.526275993371819 -6.4305824882017437e-08
Q_CLEANUP 0.02 5 0 -0
AMR_VOLUME_STAGE 0.02 5 2 40.526275993371819 -6.4305824882017437e-08
POSTADAPT_REPROJECT 0.02 5 27 9.08409708567e-09 1.19876089799e-11 3.71376792166e-11 2.58880065964e-05 5.25904423375e-08 0.000450504019352 0.00728774465496
AMR_VOLUME_STAGE 0.02 5 3 40.526275993371819 -6.4305824882017437e-08
Q_MOMENTUM 0.0266666666667 6 0.0215558282642 3.77994436362 3.68739391349 0.432368893639 0.428725636164 1.04752118721 0.00430615647369
AMR_VOLUME_STAGE 0.0266666666667 6 0 40.526275993370724 -6.4305851882666163e-08
AMR_VOLUME_STAGE 0.0266666666667 6 1 40.526275993370724 -6.4305851882666163e-08
Q_CLEANUP 0.0266666666667 6 0 -0
AMR_VOLUME_STAGE 0.0266666666667 6 2 40.526275993370724 -6.4305851882666163e-08
POSTADAPT_REPROJECT 0.0266666666667 6 27 9.48415716665e-09 1.19874593514e-11 3.69756577787e-11 2.53430697754e-05 7.51439065685e-08 0.000445089802882 0.00710912402622
AMR_VOLUME_STAGE 0.0266666666667 6 3 40.526275993370724 -6.4305851882666163e-08
Q_MOMENTUM 0.0333333333333 7 0.0179359131113 3.80497086599 3.69777547653 0.430076667727 0.426284138911 1.07577570905 0.00433749003061
AMR_VOLUME_STAGE 0.0333333333333 7 0 40.526275993369623 -6.4305879058643788e-08
AMR_VOLUME_STAGE 0.0333333333333 7 1 40.526275993369623 -6.4305879058643788e-08
Q_CLEANUP 0.0333333333333 7 0 -0
AMR_VOLUME_STAGE 0.0333333333333 7 2 40.526275993369623 -6.4305879058643788e-08
POSTADAPT_REPROJECT 0.0333333333333 7 27 9.07063902418e-09 1.16443046052e-11 3.62858788155e-11 2.49599336873e-05 1.3182358667e-07 0.000440993036629 0.00696323271174
AMR_VOLUME_STAGE 0.0333333333333 7 3 40.526275993369623 -6.4305879058643788e-08
RUN 0.04 8 40.5262759934 0.389832025266
Q_RUN 0.04 8 40.526275993369623 -6.43058794093e-08 -0 0 1.65666091956e-16 3.82181265801e-17 18
Q_CUTCELL_CFL 0.04 8 0.0102823394661 0.0102823394661 0.0355388868249 0 334
SHORE 0.04 8 44.0625 0.000599156939406 0.536013932281
Q_MOMENTUM 0.04 8 0.0236777028037 3.77360760739 3.60334408131 0.427893424209 0.423275368948 1.10167205201 0.00420007409516
AMR_VOLUME_STAGE 0.04 8 0 40.526275993368124 -6.4305916053039145e-08
AMR_VOLUME_STAGE 0.04 8 1 40.526275993368124 -6.4305916053039145e-08
Q_CLEANUP 0.04 8 0 -0
AMR_VOLUME_STAGE 0.04 8 2 40.526275993368124 -6.4305916053039145e-08
POSTADAPT_REPROJECT 0.04 8 27 7.07017857869e-09 1.00219845401e-11 3.41599040721e-11 2.43788618438e-05 3.21924986603e-08 0.000436814321079 0.00684053919051
AMR_VOLUME_STAGE 0.04 8 3 40.526275993368124 -6.4305916053039145e-08
Q_MOMENTUM 0.05 9 0.0234540461734 3.70284740711 3.54226074774 0.424552708435 0.419562767136 1.10613541145 0.00412483410939
AMR_VOLUME_STAGE 0.05 9 0 40.526275993366184 -6.4305963917825531e-08
AMR_VOLUME_STAGE 0.05 9 1 40.526275993366184 -6.4305963917825531e-08
Q_CLEANUP 0.05 9 0 -0
AMR_VOLUME_STAGE 0.05 9 2 40.526275993366184 -6.4305963917825531e-08
POSTADAPT_REPROJECT 0.05 9 27 8.43599662305e-09 1.20470245483e-11 3.78010105856e-11 2.39254978349e-05 1.5209094961e-08 0.000433313127069 0.00673775818297
AMR_VOLUME_STAGE 0.05 9 3 40.526275993366184 -6.4305963917825531e-08
RUN 0.06 10 40.5262759934 0.385581488394
Q_RUN 0.06 10 40.526275993366184 -6.43059642685e-08 -0 0 1.66533453694e-16 5.22585447138e-17 23
Q_CUTCELL_CFL 0.06 10 0.0115016743658 0.0115016743658 0.0399506953868 0 334
SHORE 0.06 10 44.0625 0.000629963615545 0.534872673482
Q_MOMENTUM 0.06 10 0.0334879636189 3.59551030991 3.42818142129 0.420685380238 0.415996055918 1.11364906337 0.00398836484657
AMR_VOLUME_STAGE 0.06 10 0 40.526275993364315 -6.4306010029323053e-08
AMR_VOLUME_STAGE 0.06 10 1 40.526275993364315 -6.4306010029323053e-08
Q_CLEANUP 0.06 10 0 -0
AMR_VOLUME_STAGE 0.06 10 2 40.526275993364315 -6.4306010029323053e-08
POSTADAPT_REPROJECT 0.06 10 27 7.92050345233e-09 1.16772507654e-11 3.73698077691e-11 2.34749938846e-05 1.81002504263e-08 0.000431617620262 0.00665038516702
AMR_VOLUME_STAGE 0.06 10 3 40.526275993364315 -6.4306010029323053e-08
Q_MOMENTUM 0.07 11 0.0220159270312 3.4833312059 3.32002633163 0.41670387712 0.41216709975 1.09914027925 0.00389729204902
AMR_VOLUME_STAGE 0.07 11 0 40.526275993362688 -6.430605017963838e-08
AMR_VOLUME_STAGE 0.07 11 1 40.526275993362688 -6.430605017963838e-08
Q_CLEANUP 0.07 11 0 -0
AMR_VOLUME_STAGE 0.07 11 2 40.526275993362688 -6.430605017963838e-08
POSTADAPT_REPROJECT 0.07 11 27 6.57527021846e-09 1.17444467927e-11 3.84517279128e-11 2.31628513659e-05 4.18048086091e-09 0.000430024293667 0.00657545703164
AMR_VOLUME_STAGE 0.07 11 3 40.526275993362688 -6.430605017963838e-08
RUN 0.08 12 40.5262759934 0.381794060192
Q_RUN 0.08 12 40.526275993362688 -6.43060505303e-08 -0 0 1.66286120073e-16 7.07984018633e-17 26
Q_CUTCELL_CFL 0.08 12 0.0127253065292 0.0127253065292 0.0445588196989 0 334
SHORE 0.08 12 44.0625 0.000737018386896 0.534060505372
Q_MOMENTUM 0.08 12 0.0214823571996 3.35300078165 3.19215985872 0.413090448927 0.408884969342 1.09855624722 0.00375461221167
AMR_VOLUME_STAGE 0.08 12 0 40.526275993360713 -6.4306098921069217e-08
AMR_VOLUME_STAGE 0.08 12 1 40.526275993360713 -6.4306098921069217e-08
Q_CLEANUP 0.08 12 0 -0
AMR_VOLUME_STAGE 0.08 12 2 40.526275993360713 -6.4306098921069217e-08
POSTADAPT_REPROJECT 0.08 12 27 6.93133393124e-09 1.19002755223e-11 3.92027781765e-11 2.28308656448e-05 6.07821545725e-08 0.000427139454223 0.00651074843242
AMR_VOLUME_STAGE 0.08 12 3 40.526275993360713 -6.4306098921069217e-08
Q_MOMENTUM 0.09 13 0.0211734001168 3.24776251327 3.11445976421 0.409703013389 0.405753849163 1.09423559989 0.00361655975574
AMR_VOLUME_STAGE 0.09 13 0 40.526275993358666 -6.4306149415788931e-08
AMR_VOLUME_STAGE 0.09 13 1 40.526275993358666 -6.4306149415788931e-08
Q_CLEANUP 0.09 13 0 -0
AMR_VOLUME_STAGE 0.09 13 2 40.526275993358666 -6.4306149415788931e-08
POSTADAPT_REPROJECT 0.09 13 27 7.36046883881e-09 1.19912240381e-11 3.99184400812e-11 2.25278983785e-05 1.00477887711e-07 0.000425058818015 0.00645450787783
AMR_VOLUME_STAGE 0.09 13 3 40.526275993358666 -6.4306149415788931e-08
RUN 0.1 14 40.5262759934 0.379984219586
Q_RUN 0.1 14 40.526275993358666 -6.43061497664e-08 -0 0 1.66533453694e-16 3.14418630021e-17 15
Q_CUTCELL_CFL 0.1 14 0.0139969596595 0.0139969596595 0.0493227016243 0 333
SHORE 0.1 14 44.0625 0.000811303919511 0.533649819267
Q_MOMENTUM 0.1 14 0.021272276035 3.18296001096 3.01864739518 0.406573015417 0.403004826208 1.09343362635 0.0034866562486
AMR_VOLUME_STAGE 0.1 14 0 40.52627599335662 -6.4306199910508644e-08
AMR_VOLUME_STAGE 0.1 14 1 40.52627599335662 -6.4306199910508644e-08
Q_CLEANUP 0.1 14 0 -0
AMR_VOLUME_STAGE 0.1 14 2 40.52627599335662 -6.4306199910508644e-08
POSTADAPT_REPROJECT 0.1 14 27 7.97188818083e-09 1.21723220244e-11 4.07363014848e-11 2.2388990383e-05 7.48334409415e-08 0.000425538077746 0.00640535356603
AMR_VOLUME_STAGE 0.1 14 3 40.52627599335662 -6.4306199910508644e-08
Q_MOMENTUM 0.11 15 0.0180889662996 3.11462367457 2.96385341903 0.4040768879 0.401265030267 1.09041479032 0.0033792184737
AMR_VOLUME_STAGE 0.11 15 0 40.526275993354353 -6.4306255840423885e-08
AMR_VOLUME_STAGE 0.11 15 1 40.526275993354353 -6.4306255840423885e-08
Q_CLEANUP 0.11 15 0 -0
AMR_VOLUME_STAGE 0.11 15 2 40.526275993354353 -6.4306255840423885e-08
POSTADAPT_REPROJECT 0.11 15 27 8.34423251133e-09 1.22525069747e-11 4.12079051437e-11 2.21845993786e-05 4.38537400345e-08 0.000424635124753 0.00634680170356
AMR_VOLUME_STAGE 0.11 15 3 40.526275993354353 -6.4306255840423885e-08
RUN 0.12 16 40.5262759934 0.379680980724
Q_RUN 0.12 16 40.526275993354353 -6.43062561911e-08 -0 0 1.66533453694e-16 4.03323208165e-17 14
Q_CUTCELL_CFL 0.12 16 0.0152698056439 0.0152698056439 0.0541539073248 0 333
SHORE 0.12 16 44.0625 0.000857748370047 0.532822930177
Q_MOMENTUM 0.12 16 0.0157343765413 3.04097829228 2.86293064681 0.402977463768 0.400532592942 1.08818850127 0.00327565832517
AMR_VOLUME_STAGE 0.12 16 0 40.526275993352087 -6.4306311770339127e-08
AMR_VOLUME_STAGE 0.12 16 1 40.526275993352087 -6.4306311770339127e-08
Q_CLEANUP 0.12 16 0 -0
AMR_VOLUME_STAGE 0.12 16 2 40.526275993352087 -6.4306311770339127e-08
POSTADAPT_REPROJECT 0.12 16 27 8.90246331861e-09 1.25583446251e-11 4.25157270501e-11 2.20103375764e-05 8.08394558357e-08 0.000424031927384 0.0063035136308
AMR_VOLUME_STAGE 0.12 16 3 40.526275993352087 -6.4306311770339127e-08
Q_MOMENTUM 0.13 17 0.01434605129 2.92381547297 2.77731945894 0.402742889643 0.400424446586 1.1368677393 0.00316380615374
AMR_VOLUME_STAGE 0.13 17 0 40.52627599334955 -6.4306374362752117e-08
AMR_VOLUME_STAGE 0.13 17 1 40.52627599334955 -6.4306374362752117e-08
Q_CLEANUP 0.13 17 0 -0
AMR_VOLUME_STAGE 0.13 17 2 40.52627599334955 -6.4306374362752117e-08
POSTADAPT_REPROJECT 0.13 17 27 9.72186087536e-09 1.31254900586e-11 4.48001150066e-11 2.18688175353e-05 1.92760908082e-08 0.000423775992487 0.00626548678639
AMR_VOLUME_STAGE 0.13 17 3 40.52627599334955 -6.4306374362752117e-08
RUN 0.14 18 40.5262759933 0.380327011396
Q_RUN 0.14 18 40.52627599334955 -6.43063747134e-08 -0 0 1.66533453694e-16 3.25260651746e-17 12
Q_CUTCELL_CFL 0.14 18 0.0166331400488 0.0166331400488 0.0624872558241 0 333
SHORE 0.14 18 44.0625 0.000936665592524 0.531915388893
Q_MOMENTUM 0.14 18 0.0145904530888 2.83153955262 2.70986004934 0.402932191014 0.40057377195 1.18107677222 0.00315209887908
AMR_VOLUME_STAGE 0.14 18 0 40.526275993346815 -6.4306441864373954e-08
AMR_VOLUME_STAGE 0.14 18 1 40.526275993346822 -6.4306441689045069e-08
Q_CLEANUP 0.14 18 0 -0
AMR_VOLUME_STAGE 0.14 18 2 40.526275993346822 -6.4306441689045069e-08
POSTADAPT_REPROJECT 0.14 18 28 4.26138430142e-09 5.83051492109e-12 1.95011229387e-11 2.17333701372e-05 1.65083540374e-08 0.00042354745279 0.00624539564232
AMR_VOLUME_STAGE 0.14 18 3 40.526275993346822 -6.4306441689045069e-08
Q_MOMENTUM 0.15 19 0.0139809063716 2.73650409658 2.69935169344 0.403123615596 0.4008053886 1.20514875298 0.0031459093309
AMR_VOLUME_STAGE 0.15 19 0 40.526275993348186 -6.4306408025898593e-08
AMR_VOLUME_STAGE 0.15 19 1 40.526275993348186 -6.4306408025898593e-08
Q_CLEANUP 0.15 19 0 -0
AMR_VOLUME_STAGE 0.15 19 2 40.526275993348186 -6.4306408025898593e-08
POSTADAPT_REPROJECT 0.15 19 28 4.38572258891e-09 5.92432856875e-12 1.98606270319e-11 2.14632623458e-05 7.02642172164e-08 0.000423848371627 0.00621887018521
AMR_VOLUME_STAGE 0.15 19 3 40.526275993348186 -6.4306408025898593e-08
RUN 0.16 20 40.5262759933 0.380112027537
Q_RUN 0.16 20 40.526275993348186 -6.43064083766e-08 -0 0 1.66316613259e-16 2.81892564846e-17 10
Q_CUTCELL_CFL 0.16 20 0.0178650370447 0.0178650370447 0.0708912217952 0 332
SHORE 0.16 20 44.0625 0.000972849687642 0.53083635913
Q_MOMENTUM 0.16 20 0.0165880385147 2.68772218534 2.68904704084 0.403446078987 0.40115843208 1.21567395926 0.00313859505147
AMR_VOLUME_STAGE 0.16 20 0 40.526275993349429 -6.4306377343343202e-08
AMR_VOLUME_STAGE 0.16 20 1 40.526275993349429 -6.4306377343343202e-08
Q_CLEANUP 0.16 20 0 -0
AMR_VOLUME_STAGE 0.16 20 2 40.526275993349429 -6.4306377343343202e-08
POSTADAPT_REPROJECT 0.16 20 28 4.99398636675e-09 6.39111195213e-12 2.19290106906e-11 2.13228174646e-05 3.73248569563e-08 0.000427102146516 0.00619524641459
AMR_VOLUME_STAGE 0.16 20 3 40.526275993349429 -6.4306377343343202e-08
Q_MOMENTUM 0.17 21 0.013247467167 2.67858920357 2.67419395217 0.403954472276 0.401680690236 1.2158161551 0.00312541340658
AMR_VOLUME_STAGE 0.17 21 0 40.5262759933509 -6.4306341050263411e-08
AMR_VOLUME_STAGE 0.17 21 1 40.5262759933509 -6.4306341050263411e-08
Q_CLEANUP 0.17 21 0 -0
AMR_VOLUME_STAGE 0.17 21 2 40.5262759933509 -6.4306341050263411e-08
POSTADAPT_REPROJECT 0.17 21 28 5.57402552668e-09 6.85845674322e-12 2.45384823572e-11 2.12973717369e-05 4.69589485522e-08 0.000429690166923 0.00617406434565
AMR_VOLUME_STAGE 0.17 21 3 40.5262759933509 -6.4306341050263411e-08
RUN 0.18 22 40.5262759934 0.380351095209
Q_RUN 0.18 22 40.5262759933509 -6.43063414009e-08 -0 0 1.66533453694e-16 3.16587034366e-17 14
Q_CUTCELL_CFL 0.18 22 0.0188674566533 0.0188674566533 0.0788430889759 0 332
SHORE 0.18 22 44.0625 0.00100795865822 0.529545196159
Q_MOMENTUM 0.18 22 0.0125353972786 2.66912464394 2.67142177031 0.40474522768 0.402417875573 1.21951560246 0.00312580510743
AMR_VOLUME_STAGE 0.18 22 0 40.526275993352371 -6.4306304757183621e-08
AMR_VOLUME_STAGE 0.18 22 1 40.526275993352371 -6.4306304757183621e-08
Q_CLEANUP 0.18 22 0 -0
AMR_VOLUME_STAGE 0.18 22 2 40.526275993352371 -6.4306304757183621e-08
POSTADAPT_REPROJECT 0.18 22 28 5.72471265525e-09 7.09596341372e-12 2.51735715606e-11 2.09331986793e-05 3.34757380023e-08 0.000430075534287 0.00615499911071
AMR_VOLUME_STAGE 0.18 22 3 40.526275993352371 -6.4306304757183621e-08
Q_MOMENTUM 0.19 23 0.0119999778701 2.65801622904 2.66611238732 0.405502210328 0.403197945788 1.22111876624 0.00312233388685
AMR_VOLUME_STAGE 0.19 23 0 40.526275993353863 -6.4306267938117162e-08
AMR_VOLUME_STAGE 0.19 23 1 40.526275993353863 -6.4306267938117162e-08
Q_CLEANUP 0.19 23 0 -0
AMR_VOLUME_STAGE 0.19 23 2 40.526275993353863 -6.4306267938117162e-08
POSTADAPT_REPROJECT 0.19 23 28 5.88785681793e-09 7.22854540952e-12 2.58694385358e-11 2.0741882235e-05 7.04826535427e-08 0.000435563930003 0.0061378109621
AMR_VOLUME_STAGE 0.19 23 3 40.526275993353863 -6.4306267938117162e-08
RUN 0.2 24 40.5262759934 0.382338804577
Q_RUN 0.2 24 40.526275993353863 -6.43062682888e-08 -0 0 1.66425033477e-16 4.52112305926e-17 21
Q_CUTCELL_CFL 0.2 24 0.0196989683911 0.0196989683911 0.0863841653343 0 332
SHORE 0.2 24 44.0625 0.00100285930914 0.529140112234
Q_MOMENTUM 0.2 24 0.0245128756921 2.65488077618 2.66069886691 0.408277155533 0.403552217607 1.20747886338 0.00311738136077
AMR_VOLUME_STAGE 0.2 24 0 40.526275993357125 -6.4306187462157611e-08
AMR_VOLUME_STAGE 0.2 24 1 40.526275993357125 -6.4306187462157611e-08
Q_CLEANUP 0.2 24 0 -0
AMR_VOLUME_STAGE 0.2 24 2 40.526275993357125 -6.4306187462157611e-08
POSTADAPT_REPROJECT 0.2 24 28 6.69336807979e-09 8.02777141837e-12 2.93608054536e-11 1.99333070919e-05 5.91025139817e-08 0.000441820316562 0.00611915298911
AMR_VOLUME_STAGE 0.2 24 3 40.526275993357125 -6.4306187462157611e-08
RUN 0.22 25 40.5262759934 0.38337673471
Q_RUN 0.22 25 40.526275993357125 -6.43061878128e-08 -0 0 1.66533453694e-16 5.55111512313e-17 25
Q_CUTCELL_CFL 0.22 25 0.0200639247943 0.0200639247943 0.089961931308 0 332
SHORE 0.22 25 44.0625 0.00100207292801 0.528849609227
Q_MOMENTUM 0.22 25 0.0217348811362 2.64261803201 2.62539666981 0.408743042933 0.403826104555 1.19732332281 0.00308277107067
AMR_VOLUME_STAGE 0.22 25 0 40.526275993360741 -6.4306098219753664e-08
AMR_VOLUME_STAGE 0.22 25 1 40.526275993360741 -6.4306098219753664e-08
Q_CLEANUP 0.22 25 0 -0
AMR_VOLUME_STAGE 0.22 25 2 40.526275993360741 -6.4306098219753664e-08
POSTADAPT_REPROJECT 0.22 25 28 6.88157236316e-09 8.22423234263e-12 3.01371982925e-11 1.93285757203e-05 5.30636740684e-10 0.00045689374749 0.00729571368343
AMR_VOLUME_STAGE 0.22 25 3 40.526275993360741 -6.4306098219753664e-08
RUN 0.24 26 40.5262759934 0.383430594766
Q_RUN 0.24 26 40.526275993360741 -6.43060985704e-08 -0 0 1.64798730218e-16 4.54280710271e-17 19
Q_CUTCELL_CFL 0.24 26 0.0204145920091 0.0204145920091 0.0959051590942 0 332
SHORE 0.24 26 44.0625 0.00100015309185 0.528474971761
Q_MOMENTUM 0.24 26 0.0258102143824 2.60732590807 2.61114389196 0.409337220692 0.404235743382 1.21174242389 0.00306806180858
AMR_VOLUME_STAGE 0.24 26 0 40.526275993364521 -6.4306004944785309e-08
AMR_VOLUME_STAGE 0.24 26 1 40.526275993364521 -6.4306004944785309e-08
Q_CLEANUP 0.24 26 0 -0
AMR_VOLUME_STAGE 0.24 26 2 40.526275993364521 -6.4306004944785309e-08
POSTADAPT_REPROJECT 0.24 26 28 7.25944588828e-09 8.56750407272e-12 3.17175730125e-11 1.90258936585e-05 1.28473879975e-08 0.000468233159908 0.00804111763097
AMR_VOLUME_STAGE 0.24 26 3 40.526275993364521 -6.4306004944785309e-08
RUN 0.26 27 40.5262759934 0.381776893499
Q_RUN 0.26 27 40.526275993364521 -6.43060052954e-08 -0 0 1.66533453694e-16 3.14418630021e-17 12
Q_CUTCELL_CFL 0.26 27 0.0207451924766 0.0207451924766 0.100867116322 0 331
SHORE 0.26 27 44.0625 0.000998719015798 0.527843457356
Q_MOMENTUM 0.26 27 0.0232982506549 2.58723081446 2.57256330202 0.409343289983 0.404227512133 1.18942761266 0.0030240384281
AMR_VOLUME_STAGE 0.26 27 0 40.526275993368372 -6.4305909916528064e-08
AMR_VOLUME_STAGE 0.26 27 1 40.526275993368372 -6.4305909916528064e-08
Q_CLEANUP 0.26 27 0 -0
AMR_VOLUME_STAGE 0.26 27 2 40.526275993368372 -6.4305909916528064e-08
POSTADAPT_REPROJECT 0.26 27 28 6.15906295022e-09 5.48443422322e-12 3.10736297804e-11 1.85756703027e-05 3.07737481439e-08 0.00047314184771 0.00826282141092
AMR_VOLUME_STAGE 0.26 27 3 40.526275993368372 -6.4305909916528064e-08
RUN 0.28 28 40.5262759934 0.379662926108
Q_RUN 0.28 28 40.526275993368372 -6.43059102672e-08 -0 0 1.66533453694e-16 4.45607092892e-17 20
Q_CUTCELL_CFL 0.28 28 0.0210731175046 0.0210731175046 0.106241858527 0 331
SHORE 0.28 28 44.0625 0.000997491401395 0.526974416437
Q_MOMENTUM 0.28 28 0.0258289917968 2.55893494345 2.55933225293 0.409222169292 0.403511527562 1.16695349121 0.00301094930637
AMR_VOLUME_STAGE 0.28 28 0 40.5262759933685 -6.4305906760608081e-08
AMR_VOLUME_STAGE 0.28 28 1 40.5262759933685 -6.4305906760608081e-08
Q_CLEANUP 0.28 28 0 -0
AMR_VOLUME_STAGE 0.28 28 2 40.5262759933685 -6.4305906760608081e-08
POSTADAPT_REPROJECT 0.28 28 28 5.9192348887e-09 8.90066338258e-12 3.20182214075e-11 1.8056160094e-05 1.07406528918e-08 0.000474224364445 0.0086053580462
AMR_VOLUME_STAGE 0.28 28 3 40.5262759933685 -6.4305906760608081e-08
RUN 0.3 29 40.5262759934 0.378423154167
Q_RUN 0.3 29 40.5262759933685 -6.43059071113e-08 -0 0 1.66316613259e-16 3.03305557753e-17 16
Q_CUTCELL_CFL 0.3 29 0.0213875482432 0.0213875482432 0.106607855995 0 330
SHORE 0.3 29 44.0625 0.00099279307511 0.525964335285
Q_MOMENTUM 0.3 29 0.0242068385458 2.53961127355 2.54079698926 0.408160652394 0.402639704814 1.13496626017 0.00298909619182
AMR_VOLUME_STAGE 0.3 29 0 40.526275993372536 -6.4305807173799747e-08
AMR_VOLUME_STAGE 0.3 29 1 40.526275993372536 -6.4305807173799747e-08
Q_CLEANUP 0.3 29 0 -0
AMR_VOLUME_STAGE 0.3 29 2 40.526275993372536 -6.4305807173799747e-08
POSTADAPT_REPROJECT 0.3 29 28 7.82586690156e-09 1.1063714225e-11 4.3204606559e-11 1.75997246059e-05 2.4116471218e-09 0.000465960687695 0.00873463559253
AMR_VOLUME_STAGE 0.3 29 3 40.526275993372536 -6.4305807173799747e-08
RUN 0.32 30 40.5262759934 0.378667601625
Q_RUN 0.32 30 40.526275993372536 -6.43058075245e-08 -0 0 1.66533453694e-16 3.19839640883e-17 13
Q_CUTCELL_CFL 0.32 30 0.0216908767971 0.0216908767971 0.114316662102 0 330
SHORE 0.32 30 44.0625 0.000990559101794 0.524904025464
Q_MOMENTUM 0.32 30 0.0237628053783 2.52767334292 2.50867567788 0.407593773745 0.402086698537 1.16551398806 0.0029508976099
AMR_VOLUME_STAGE 0.32 30 0 40.526275993377403 -6.4305687073511537e-08
AMR_VOLUME_STAGE 0.32 30 1 40.526275993377403 -6.4305687073511537e-08
Q_CLEANUP 0.32 30 0 -0
AMR_VOLUME_STAGE 0.32 30 2 40.526275993377403 -6.4305687073511537e-08
POSTADAPT_REPROJECT 0.32 30 28 9.26754425848e-09 1.27862746293e-11 5.62477286969e-11 1.72068750357e-05 2.92847952587e-08 0.000450786880189 0.00829131127962
AMR_VOLUME_STAGE 0.32 30 3 40.526275993377403 -6.4305687073511537e-08
RUN 0.34 31 40.5262759934 0.378564654871
Q_RUN 0.34 31 40.526275993377403 -6.43056874242e-08 -0 0 1.66533453694e-16 4.28259858132e-17 16
Q_CUTCELL_CFL 0.34 31 0.021997886627 0.021997886627 0.119201770349 0 330
SHORE 0.34 31 44.0625 0.000986781713447 0.524020238928
Q_MOMENTUM 0.34 31 0.0262848327091 2.50203752652 2.49866802572 0.406995167626 0.401758802926 1.19152826623 0.00293636194251
AMR_VOLUME_STAGE 0.34 31 0 40.526275993383095 -6.4305546635072337e-08
AMR_VOLUME_STAGE 0.34 31 1 40.526275993383095 -6.4305546635072337e-08
Q_CLEANUP 0.34 31 0 -0
AMR_VOLUME_STAGE 0.34 31 2 40.526275993383095 -6.4305546635072337e-08
POSTADAPT_REPROJECT 0.34 31 28 8.40280935024e-09 1.17605247932e-11 5.23665555363e-11 1.70962620532e-05 4.99609858809e-08 0.000426122795536 0.00727157831427
AMR_VOLUME_STAGE 0.34 31 3 40.526275993383095 -6.4305546635072337e-08
RUN 0.36 32 40.5262759934 0.37755069898
Q_RUN 0.36 32 40.526275993383095 -6.43055469857e-08 -0 0 1.66533453694e-16 4.83554168929e-17 17
Q_CUTCELL_CFL 0.36 32 0.0222817641285 0.0222817641285 0.125353481896 0 330
SHORE 0.36 32 44.0625 0.000982501789647 0.523680868735
Q_MOMENTUM 0.36 32 0.0229766661564 2.485471609 2.47820027001 0.406641019975 0.40145267256 1.15729155278 0.0029101732046
AMR_VOLUME_STAGE 0.36 32 0 40.526275993388346 -6.4305417067024178e-08
AMR_VOLUME_STAGE 0.36 32 1 40.526275993388346 -6.4305417067024178e-08
Q_CLEANUP 0.36 32 0 -0
AMR_VOLUME_STAGE 0.36 32 2 40.526275993388346 -6.4305417067024178e-08
POSTADAPT_REPROJECT 0.36 32 28 9.23837296154e-09 1.2689830479e-11 6.07484063053e-11 1.64323232636e-05 5.14112845795e-08 0.000404060149942 0.00646783526162
AMR_VOLUME_STAGE 0.36 32 3 40.526275993388346 -6.4305417067024178e-08
RUN 0.38 33 40.5262759934 0.376517281018
Q_RUN 0.38 33 40.526275993388346 -6.43054174177e-08 -0 0 1.66533453694e-16 4.22838847269e-17 16
Q_CUTCELL_CFL 0.38 33 0.0225597446516 0.0225597446516 0.129066060857 0 330
SHORE 0.38 33 44.0625 0.000980510841745 0.523170624761
Q_MOMENTUM 0.38 33 0.0203689269609 2.47180265272 2.44308854479 0.406280544792 0.401607593368 1.13045533966 0.00286639693232
AMR_VOLUME_STAGE 0.38 33 0 40.526275993393888 -6.4305280310491616e-08
AMR_VOLUME_STAGE 0.38 33 1 40.526275993393888 -6.4305280310491616e-08
Q_CLEANUP 0.38 33 0 -0
AMR_VOLUME_STAGE 0.38 33 2 40.526275993393888 -6.4305280310491616e-08
POSTADAPT_REPROJECT 0.38 33 28 6.6234320467e-09 9.97766230467e-12 3.64369645567e-11 1.36252310775e-05 7.71056375369e-08 0.000430674467213 0.00631891614272
AMR_VOLUME_STAGE 0.38 33 3 40.526275993393888 -6.4305280310491616e-08
RUN 0.4 34 40.5262759934 0.37610162141
Q_RUN 0.4 34 40.526275993393888 -6.43052806611e-08 -0 0 1.66533453694e-16 2.4665599424e-17 12
Q_CUTCELL_CFL 0.4 34 0.0228466246952 0.0228466246952 0.134873422518 0 330
SHORE 0.4 34 44.0625 0.000976302957827 0.522572126266
Q_MOMENTUM 0.4 34 0.0188734947576 2.44526935994 2.42672916002 0.406355317961 0.401904919812 1.10117803592 0.00284425524327
AMR_VOLUME_STAGE 0.4 34 0 40.526275993398407 -6.4305168801318903e-08
AMR_VOLUME_STAGE 0.4 34 1 40.526275993398407 -6.4305168801318903e-08
Q_CLEANUP 0.4 34 0 -0
AMR_VOLUME_STAGE 0.4 34 2 40.526275993398407 -6.4305168801318903e-08
POSTADAPT_REPROJECT 0.4 34 28 6.23177951695e-09 9.43066043114e-12 3.42360584327e-11 1.38767569935e-05 5.40605390708e-08 0.000410467628432 0.00637360741612
AMR_VOLUME_STAGE 0.4 34 3 40.526275993398407 -6.4305168801318903e-08
RUN 0.42 35 40.5262759934 0.377175969693
Q_RUN 0.42 35 40.526275993398407 -6.4305169152e-08 -0 0 1.66533453694e-16 2.26869304593e-17 14
Q_CUTCELL_CFL 0.42 35 0.0231153284261 0.0231153284261 0.139192484955 0 329
SHORE 0.42 35 44.0625 0.000973634643745 0.521759096504
Q_MOMENTUM 0.42 35 0.0197980965007 2.41677335488 2.40403288401 0.406561782567 0.402367239062 1.16115800035 0.0028135673623
AMR_VOLUME_STAGE 0.42 35 0 40.526275993402528 -6.4305067110563923e-08
AMR_VOLUME_STAGE 0.42 35 1 40.526275993402528 -6.4305067110563923e-08
Q_CLEANUP 0.42 35 0 -0
AMR_VOLUME_STAGE 0.42 35 2 40.526275993402528 -6.4305067110563923e-08
POSTADAPT_REPROJECT 0.42 35 28 5.18550552579e-09 8.79156355984e-12 3.3009095457e-11 1.38293113836e-05 8.22723589092e-08 0.000411844746213 0.00659714627429
AMR_VOLUME_STAGE 0.42 35 3 40.526275993402528 -6.4305067110563923e-08
RUN 0.44 36 40.5262759934 0.378404984527
Q_RUN 0.44 36 40.526275993402528 -6.43050674612e-08 -0 0 1.66533453694e-16 3.10081821331e-17 15
Q_CUTCELL_CFL 0.44 36 0.0233816999528 0.0233816999528 0.144962363447 0 329
SHORE 0.44 36 44.0625 0.000971575496352 0.520892753192
Q_MOMENTUM 0.44 36 0.0241904041564 2.40211791802 2.37388563423 0.407306892718 0.402992884663 1.17474996445 0.0027737833279
AMR_VOLUME_STAGE 0.44 36 0 40.526275993406657 -6.4304965244480057e-08
AMR_VOLUME_STAGE 0.44 36 1 40.526275993406657 -6.4304965244480057e-08
Q_CLEANUP 0.44 36 0 -0
AMR_VOLUME_STAGE 0.44 36 2 40.526275993406657 -6.4304965244480057e-08
POSTADAPT_REPROJECT 0.44 36 28 5.7805695681e-09 9.39835835747e-12 3.88437615406e-11 1.32826396135e-05 4.2917509828e-08 0.000409058845608 0.00653003784862
AMR_VOLUME_STAGE 0.44 36 3 40.526275993406657 -6.4304965244480057e-08
RUN 0.46 37 40.5262759934 0.378084478153
Q_RUN 0.46 37 40.526275993406657 -6.43049655951e-08 -0 0 1.66533453694e-16 4.3069931302e-17 19
Q_CUTCELL_CFL 0.46 37 0.0236600222047 0.0236600222047 0.149242792786 0 330
SHORE 0.46 37 44.0625 0.000971631257478 0.519793077245
Q_MOMENTUM 0.46 37 0.0180754085035 2.37698567254 2.34070734929 0.407701256057 0.403424564794 1.15155833123 0.0027383370097
AMR_VOLUME_STAGE 0.46 37 0 40.526275993410884 -6.4304860923791749e-08
AMR_VOLUME_STAGE 0.46 37 1 40.526275993410884 -6.4304860923791749e-08
Q_CLEANUP 0.46 37 0 -0
AMR_VOLUME_STAGE 0.46 37 2 40.526275993410884 -6.4304860923791749e-08
POSTADAPT_REPROJECT 0.46 37 28 5.35050193035e-09 8.77487568351e-12 3.67659236389e-11 1.30479893033e-05 4.23337869361e-08 0.000409659094704 0.00664734557043
AMR_VOLUME_STAGE 0.46 37 3 40.526275993410884 -6.4304860923791749e-08
RUN 0.48 38 40.5262759934 0.377605871737
Q_RUN 0.48 38 40.526275993410884 -6.43048612744e-08 -0 0 1.64798730218e-16 2.73218947466e-17 11
Q_CUTCELL_CFL 0.48 38 0.0239355956922 0.0239355956922 0.154731577098 0 330
SHORE 0.48 38 44.0625 0.0009695605843 0.519667311112
Q_MOMENTUM 0.48 38 0.0172752188554 2.34201085561 2.32685988935 0.408329799353 0.404028833365 1.12018370943 0.00271711172995
AMR_VOLUME_STAGE 0.48 38 0 40.526275993414913 -6.4304761512312313e-08
AMR_VOLUME_STAGE 0.48 38 1 40.526275993414913 -6.4304761512312313e-08
Q_CLEANUP 0.48 38 0 -0
AMR_VOLUME_STAGE 0.48 38 2 40.526275993414913 -6.4304761512312313e-08
POSTADAPT_REPROJECT 0.48 38 27 6.35799935795e-09 1.35952975588e-11 4.42975517378e-11 1.30310370884e-05 3.29536841162e-08 0.000412575723595 0.00689446558843
AMR_VOLUME_STAGE 0.48 38 3 40.526275993414913 -6.4304761512312313e-08
RUN 0.5 39 40.5262759934 0.377568257993
Q_RUN 0.5 39 40.526275993414913 -6.4304761863e-08 -0 0 1.66533453694e-16 2.64274279543e-17 14
Q_CUTCELL_CFL 0.5 39 0.0242083230805 0.0242083230805 0.160799836012 0 330
SHORE 0.5 39 44.0625 0.000968073190837 0.519339312888
Q_MOMENTUM 0.5 39 0.0207486293796 2.32060234729 2.29547483428 0.408947904439 0.404842823101 1.09323733189 0.0026749303151
AMR_VOLUME_STAGE 0.5 39 0 40.52627599340866 -6.4304915801733667e-08
AMR_VOLUME_STAGE 0.5 39 1 40.52627599340866 -6.4304915801733667e-08
Q_CLEANUP 0.5 39 0 -0
AMR_VOLUME_STAGE 0.5 39 2 40.52627599340866 -6.4304915801733667e-08
POSTADAPT_REPROJECT 0.5 39 26 7.64201559671e-09 2.44042013596e-11 7.6380221592e-11 1.24805196875e-05 8.41965732541e-08 0.000413863220255 0.00696385358166
AMR_VOLUME_STAGE 0.5 39 3 40.52627599340866 -6.4304915801733667e-08
RUN 0.52 40 40.5262759934 0.378435913377
Q_RUN 0.52 40 40.52627599340866 -6.43049161524e-08 -0 0 1.66533453694e-16 4.56991215703e-17 24
Q_CUTCELL_CFL 0.52 40 0.0244882359987 0.0244882359987 0.166278917144 0 330
SHORE 0.52 40 44.0625 0.000962706306218 0.518871670754
Q_MOMENTUM 0.52 40 0.0195197903272 2.29748105128 2.26484184493 0.409461474171 0.405260865968 1.12260272967 0.00264150043166
AMR_VOLUME_STAGE 0.52 40 0 40.526275993418935 -6.4304662276161762e-08
AMR_VOLUME_STAGE 0.52 40 1 40.526275993418935 -6.4304662276161762e-08
Q_CLEANUP 0.52 40 0 -0
AMR_VOLUME_STAGE 0.52 40 2 40.526275993418935 -6.4304662276161762e-08
POSTADAPT_REPROJECT 0.52 40 26 7.6876948556e-09 2.48655612525e-11 7.82627296303e-11 1.22002209559e-05 4.78004424443e-08 0.000413848803343 0.00697920532169
AMR_VOLUME_STAGE 0.52 40 3 40.526275993418935 -6.4304662276161762e-08
RUN 0.54 41 40.5262759934 0.380054173648
Q_RUN 0.54 41 40.526275993418935 -6.43046626268e-08 -0 0 1.66533453694e-16 3.4911309954e-17 16
Q_CUTCELL_CFL 0.54 41 0.024785431438 0.024785431438 0.171471273454 0 329
SHORE 0.54 41 44.0625 0.000962239374418 0.518050546081
Q_MOMENTUM 0.54 41 0.0272500690216 2.27106680985 2.2377792409 0.410218617571 0.405709327477 1.1940165306 0.0026138248297
AMR_VOLUME_STAGE 0.54 41 0 40.526275993429117 -6.4304411029865402e-08
AMR_VOLUME_STAGE 0.54 41 1 40.526275993429117 -6.4304411029865402e-08
Q_CLEANUP 0.54 41 0 -0
AMR_VOLUME_STAGE 0.54 41 2 40.526275993429117 -6.4304411029865402e-08
POSTADAPT_REPROJECT 0.54 41 26 7.978404706e-09 2.4162962854e-11 7.49848239057e-11 1.20299559206e-05 5.76325368999e-08 0.000414092183757 0.00696601451663
AMR_VOLUME_STAGE 0.54 41 3 40.526275993429117 -6.4304411029865402e-08
RUN 0.56 42 40.5262759934 0.380394974898
Q_RUN 0.56 42 40.526275993429117 -6.43044113805e-08 -0 0 1.66533453694e-16 3.49655200627e-17 19
Q_CUTCELL_CFL 0.56 42 0.0250726563865 0.0250726563865 0.178410027362 0 326
SHORE 0.56 42 44.0625 0.000962481172764 0.517116912756
Q_MOMENTUM 0.56 42 0.0191391262318 2.23502378177 2.21943393189 0.410740691156 0.406010234942 1.15539121547 0.00258704380703
AMR_VOLUME_STAGE 0.56 42 0 40.526275993439761 -6.4304148387191319e-08
AMR_VOLUME_STAGE 0.56 42 1 40.526275993439761 -6.4304148387191319e-08
Q_CLEANUP 0.56 42 0 -0
AMR_VOLUME_STAGE 0.56 42 2 40.526275993439761 -6.4304148387191319e-08
POSTADAPT_REPROJECT 0.56 42 26 7.28380767676e-09 2.11160008465e-11 6.42296216213e-11 1.18905436501e-05 5.15900030493e-08 0.00041459258331 0.00693072001512
AMR_VOLUME_STAGE 0.56 42 3 40.526275993439761 -6.4304148387191319e-08
RUN 0.58 43 40.5262759934 0.379941507327
Q_RUN 0.58 43 40.526275993439761 -6.43041487378e-08 -0 0 1.66533453694e-16 2.32595247316e-17 13
Q_CUTCELL_CFL 0.58 43 0.0253640532704 0.0253640532704 0.18436445323 0 326
SHORE 0.58 43 44.0625 0.000961269719061 0.516639522381
Q_MOMENTUM 0.58 43 0.0184745101814 2.21311570996 2.18722672607 0.411064846738 0.406487623148 1.12864861822 0.00254368547201
AMR_VOLUME_STAGE 0.58 43 0 40.526275993448017 -6.4303944655023588e-08
AMR_VOLUME_STAGE 0.58 43 1 40.526275993448017 -6.4303944655023588e-08
Q_CLEANUP 0.58 43 0 -0
AMR_VOLUME_STAGE 0.58 43 2 40.526275993448017 -6.4303944655023588e-08
POSTADAPT_REPROJECT 0.58 43 27 5.69202907014e-09 1.23344464715e-11 3.79970221953e-11 1.17544035466e-05 8.86623932823e-08 0.000414592016338 0.00688184114123
AMR_VOLUME_STAGE 0.58 43 3 40.526275993448017 -6.4303944655023588e-08
RUN 0.6 44 40.5262759934 0.379416029916
Q_RUN 0.6 44 40.526275993448017 -6.43039450057e-08 -0 0 1.66533453694e-16 2.98426647977e-17 15
Q_CUTCELL_CFL 0.6 44 0.0256635970076 0.0256635970076 0.190029271414 0 326
SHORE 0.6 44 44.0625 0.000957926976389 0.516522910304
Q_MOMENTUM 0.6 44 0.0183846382517 2.1891641921 2.15999912747 0.411628934168 0.407056179023 1.0995208377 0.00252587556534
AMR_VOLUME_STAGE 0.6 44 0 40.526275993442276 -6.430408632076501e-08
AMR_VOLUME_STAGE 0.6 44 1 40.526275993442276 -6.430408632076501e-08
Q_CLEANUP 0.6 44 0 -0
AMR_VOLUME_STAGE 0.6 44 2 40.526275993442276 -6.430408632076501e-08
POSTADAPT_REPROJECT 0.6 44 28 6.85070530529e-09 1.03792164804e-11 5.89563953213e-11 1.13416219653e-05 4.67246096071e-08 0.000412150098573 0.00666278492733
AMR_VOLUME_STAGE 0.6 44 3 40.526275993442276 -6.430408632076501e-08
RUN 0.62 45 40.5262759934 0.379428242013
Q_RUN 0.62 45 40.526275993442276 -6.43040866714e-08 -0 0 1.66533453694e-16 3.19839640883e-17 16
Q_CUTCELL_CFL 0.62 45 0.0259741383556 0.0259741383556 0.195808935735 0 326
SHORE 0.62 45 44.0625 0.000957792235546 0.516211793998
Q_MOMENTUM 0.62 45 0.017830983893 2.16538657019 2.13727080984 0.411999406023 0.407648784014 1.07154031257 0.00249776372105
AMR_VOLUME_STAGE 0.62 45 0 40.526275993446781 -6.4303975162250081e-08
AMR_VOLUME_STAGE 0.62 45 1 40.526275993446781 -6.4303975162250081e-08
Q_CLEANUP 0.62 45 0 -0
AMR_VOLUME_STAGE 0.62 45 2 40.526275993446781 -6.4303975162250081e-08
POSTADAPT_REPROJECT 0.62 45 29 7.72423118528e-09 1.06308661198e-11 7.15295600529e-11 1.12092306038e-05 9.67655896629e-08 0.000413734640787 0.00665154629735
AMR_VOLUME_STAGE 0.62 45 3 40.526275993446781 -6.4303975162250081e-08
RUN 0.64 46 40.5262759934 0.381010460565
Q_RUN 0.64 46 40.526275993446781 -6.43039755129e-08 -0 0 1.66533453694e-16 2.79724160501e-17 9
Q_CUTCELL_CFL 0.64 46 0.0262752928576 0.0262752928576 0.201422394888 0 327
SHORE 0.64 46 44.0625 0.000957417010971 0.515762930068
Q_MOMENTUM 0.64 46 0.0309913355519 2.13433511732 2.12040114295 0.413010430576 0.408328107909 1.19544686845 0.00247334094886
AMR_VOLUME_STAGE 0.64 46 0 40.526275993442638 -6.4304077378991716e-08
AMR_VOLUME_STAGE 0.64 46 1 40.526275993442638 -6.4304077378991716e-08
Q_CLEANUP 0.64 46 0 -0
AMR_VOLUME_STAGE 0.64 46 2 40.526275993442638 -6.4304077378991716e-08
POSTADAPT_REPROJECT 0.64 46 30 4.70130748909e-09 6.48498476901e-12 4.56338300481e-11 1.10021165631e-05 1.06383809264e-08 0.000414119658945 0.00663012535072
AMR_VOLUME_STAGE 0.64 46 3 40.526275993442638 -6.4304077378991716e-08
RUN 0.66 47 40.5262759934 0.382031373397
Q_RUN 0.66 47 40.526275993442638 -6.43040777296e-08 -0 0 1.66533453694e-16 5.44269490588e-17 19
Q_CUTCELL_CFL 0.66 47 0.026579942948 0.026579942948 0.207794845412 0 326
SHORE 0.66 47 44.0625 0.000953915280167 0.514968290109
Q_MOMENTUM 0.66 47 0.019070983188 2.11153229112 2.08915778376 0.413630778945 0.408855216518 1.18525102793 0.00243185778578
AMR_VOLUME_STAGE 0.66 47 0 40.52627599344509 -6.4304016890525399e-08
AMR_VOLUME_STAGE 0.66 47 1 40.52627599344509 -6.4304016890525399e-08
Q_CLEANUP 0.66 47 0 -0
AMR_VOLUME_STAGE 0.66 47 2 40.52627599344509 -6.4304016890525399e-08
POSTADAPT_REPROJECT 0.66 47 29 6.69466505501e-09 9.46065514233e-12 6.26865226394e-11 1.0822615573e-05 2.34681665378e-08 0.00041474893722 0.00660685674684
AMR_VOLUME_STAGE 0.66 47 3 40.52627599344509 -6.4304016890525399e-08
RUN 0.68 48 40.5262759934 0.382187813582
Q_RUN 0.68 48 40.52627599344509 -6.43040172412e-08 -0 0 1.66533453694e-16 4.68375338514e-17 19
Q_CUTCELL_CFL 0.68 48 0.0268916996518 0.0268916996518 0.212982882111 0 325
SHORE 0.68 48 44.0625 0.000954083233883 0.514079810984
Q_MOMENTUM 0.68 48 0.0187198405308 2.08796175671 2.06616605028 0.414487763539 0.409445373218 1.14744462847 0.00242255819795
AMR_VOLUME_STAGE 0.68 48 0 40.526275993441345 -6.4304109288849316e-08
AMR_VOLUME_STAGE 0.68 48 1 40.526275993441345 -6.4304109288849316e-08
Q_CLEANUP 0.68 48 0 -0
AMR_VOLUME_STAGE 0.68 48 2 40.526275993441345 -6.4304109288849316e-08
POSTADAPT_REPROJECT 0.68 48 26 9.49120465549e-09 2.28850002635e-11 6.73839872789e-11 1.06085994059e-05 4.26987189383e-08 0.000416852228994 0.00681941073314
AMR_VOLUME_STAGE 0.68 48 3 40.526275993441345 -6.4304109288849316e-08
RUN 0.7 49 40.5262759934 0.382159993408
Q_RUN 0.7 49 40.526275993441345 -6.43041096395e-08 -0 0 1.66533453694e-16 3.64291929955e-17 19
Q_CUTCELL_CFL 0.7 49 0.0272107302588 0.0272107302588 0.217867058959 0 325
SHORE 0.7 49 44.0625 0.0009579525491 0.513696288819
Q_MOMENTUM 0.7 49 0.0182695867721 2.06659728584 2.04787316747 0.415459581788 0.410331405915 1.12170455802 0.00239815093645
AMR_VOLUME_STAGE 0.7 49 0 40.526275993452188 -6.4303841736966386e-08
AMR_VOLUME_STAGE 0.7 49 1 40.526275993452188 -6.4303841736966386e-08
Q_CLEANUP 0.7 49 0 -0
AMR_VOLUME_STAGE 0.7 49 2 40.526275993452188 -6.4303841736966386e-08
POSTADAPT_REPROJECT 0.7 49 26 7.3327577256e-09 1.63041897915e-11 7.20646875507e-11 1.04002604131e-05 4.92554642038e-08 0.000419114685725 0.00702872042075
AMR_VOLUME_STAGE 0.7 49 3 40.526275993452188 -6.4303841736966386e-08
RUN 0.72 50 40.5262759935 0.3819881938
Q_RUN 0.72 50 40.526275993452188 -6.43038420876e-08 -0 0 1.66533453694e-16 1.59411600673e-17 10
Q_CUTCELL_CFL 0.72 50 0.0275191954134 0.0275191954134 0.221619188535 0 324
SHORE 0.72 50 44.0625 0.000955144852497 0.51350394298
Q_MOMENTUM 0.72 50 0.0179207667101 2.03849381041 2.03261470321 0.416296363198 0.41110289487 1.09017680045 0.00237693385357
AMR_VOLUME_STAGE 0.72 50 0 40.526275993454405 -6.4303787034353353e-08
AMR_VOLUME_STAGE 0.72 50 1 40.526275993454405 -6.4303787034353353e-08
Q_CLEANUP 0.72 50 0 -0
AMR_VOLUME_STAGE 0.72 50 2 40.526275993454405 -6.4303787034353353e-08
POSTADAPT_REPROJECT 0.72 50 27 4.76913962483e-09 8.3616635384e-12 4.47640813306e-11 1.01631371813e-05 4.38305973941e-08 0.000423640555136 0.00724820102504
AMR_VOLUME_STAGE 0.72 50 3 40.526275993454405 -6.4303787034353353e-08
RUN 0.74 51 40.5262759935 0.383297423321
Q_RUN 0.74 51 40.526275993454405 -6.4303787385e-08 -0 0 1.66533453694e-16 3.33934269126e-17 13
Q_CUTCELL_CFL 0.74 51 0.0278296864504 0.0278296864504 0.22667759427 0 325
SHORE 0.74 51 44.0625 0.000958144684035 0.513038075463
Q_MOMENTUM 0.74 51 0.025970921591 2.02282726109 2.00552090224 0.416960922788 0.411812407774 1.21894578103 0.0023416596224
AMR_VOLUME_STAGE 0.74 51 0 40.526275993454689 -6.4303780021197847e-08
AMR_VOLUME_STAGE 0.74 51 1 40.526275993454689 -6.4303780021197847e-08
Q_CLEANUP 0.74 51 0 -0
AMR_VOLUME_STAGE 0.74 51 2 40.526275993454689 -6.4303780021197847e-08
POSTADAPT_REPROJECT 0.74 51 27 9.16591850678e-09 1.37747459581e-11 8.01551047758e-11 9.85487181693e-06 1.10748481733e-07 0.000429043160694 0.00746008807525
AMR_VOLUME_STAGE 0.74 51 3 40.526275993454689 -6.4303780021197847e-08
RUN 0.76 52 40.5262759935 0.385017656425
Q_RUN 0.76 52 40.526275993454689 -6.43037803719e-08 -0 0 1.66533453694e-16 3.82994417431e-17 15
Q_CUTCELL_CFL 0.76 52 0.0281427479083 0.0281427479083 0.232030333895 0 324
SHORE 0.76 52 44.0625 0.000958814158097 0.512403703949
Q_MOMENTUM 0.76 52 0.020021584895 2.00030534092 1.98692149885 0.417991770384 0.412422713663 1.20807571998 0.00233408704675
AMR_VOLUME_STAGE 0.76 52 0 40.526275993457375 -6.4303713746878219e-08
AMR_VOLUME_STAGE 0.76 52 1 40.526275993457375 -6.4303713746878219e-08
Q_CLEANUP 0.76 52 0 -0
AMR_VOLUME_STAGE 0.76 52 2 40.526275993457375 -6.4303713746878219e-08
POSTADAPT_REPROJECT 0.76 52 28 5.02882110265e-09 7.52049674164e-12 4.07343048181e-11 9.89420628011e-06 4.87654931427e-08 0.000436800566468 0.00764161905874
AMR_VOLUME_STAGE 0.76 52 3 40.526275993457375 -6.4303713746878219e-08
RUN 0.78 53 40.5262759935 0.384387508796
Q_RUN 0.78 53 40.526275993457375 -6.43037140975e-08 -0 0 1.66533453694e-16 2.54787510534e-17 12
Q_CUTCELL_CFL 0.78 53 0.0284576906611 0.0284576906611 0.235953219326 0 324
SHORE 0.78 53 44.0625 0.000959203069619 0.511278919175
Q_MOMENTUM 0.78 53 0.0191171873476 1.98079711356 1.97271741126 0.41844600495 0.412922436145 1.17757247439 0.00231579138612
AMR_VOLUME_STAGE 0.78 53 0 40.526275993455549 -6.4303758806402405e-08
AMR_VOLUME_STAGE 0.78 53 1 40.526275993455549 -6.4303758806402405e-08
Q_CLEANUP 0.78 53 0 -0
AMR_VOLUME_STAGE 0.78 53 2 40.526275993455549 -6.4303758806402405e-08
POSTADAPT_REPROJECT 0.78 53 28 6.50992236869e-09 9.5427068525e-12 4.99448260527e-11 9.69251375093e-06 9.29552302068e-08 0.000441778842325 0.00786534627746
AMR_VOLUME_STAGE 0.78 53 3 40.526275993455549 -6.4303758806402405e-08
RUN 0.8 54 40.5262759935 0.383852034976
Q_RUN 0.8 54 40.526275993455549 -6.43037591571e-08 -0 0 1.66533453694e-16 3.57820598238e-17 18
Q_CUTCELL_CFL 0.8 54 0.0287617670108 0.0287617670108 0.239555671581 0 323
SHORE 0.8 54 44.0625 0.000957787659805 0.510117807373
Q_MOMENTUM 0.8 54 0.018064204611 1.958699622 1.96104696275 0.419185199111 0.4135604201 1.14247776664 0.00230019486833
AMR_VOLUME_STAGE 0.8 54 0 40.526275993452842 -6.4303825606708701e-08
AMR_VOLUME_STAGE 0.8 54 1 40.526275993452842 -6.4303825606708701e-08
Q_CLEANUP 0.8 54 0 -0
AMR_VOLUME_STAGE 0.8 54 2 40.526275993452842 -6.4303825606708701e-08
POSTADAPT_REPROJECT 0.8 54 28 7.42120967473e-09 1.09327719407e-11 5.79051251393e-11 9.56037734192e-06 4.79297229519e-08 0.000445742108333 0.00808949230738
AMR_VOLUME_STAGE 0.8 54 3 40.526275993452842 -6.4303825606708701e-08
RUN 0.82 55 40.5262759935 0.383369043078
Q_RUN 0.82 55 40.526275993452842 -6.43038259574e-08 -0 0 1.66533453694e-16 4.20941493467e-17 16
Q_CUTCELL_CFL 0.82 55 0.0290661928346 0.0290661928346 0.242924707047 0 323
SHORE 0.82 55 44.0625 0.000956014846822 0.509538325322
Q_MOMENTUM 0.82 55 0.0172556287219 1.94912826529 1.93825701166 0.419585426713 0.414170867057 1.1109113352 0.0022713703917
AMR_VOLUME_STAGE 0.82 55 0 40.526275993449616 -6.4303905206023801e-08
AMR_VOLUME_STAGE 0.82 55 1 40.526275993449616 -6.4303905206023801e-08
Q_CLEANUP 0.82 55 0 -0
AMR_VOLUME_STAGE 0.82 55 2 40.526275993449616 -6.4303905206023801e-08
POSTADAPT_REPROJECT 0.82 55 28 7.41594999315e-09 1.06958974414e-11 5.8813509618e-11 9.46291515943e-06 7.10132816892e-08 0.00044881242338 0.00830840375804
AMR_VOLUME_STAGE 0.82 55 3 40.526275993449616 -6.4303905206023801e-08
RUN 0.84 56 40.5262759934 0.384591627837
Q_RUN 0.84 56 40.526275993449616 -6.43039055567e-08 -0 0 1.66099772825e-16 3.4911309954e-17 14
Q_CUTCELL_CFL 0.84 56 0.0293702223775 0.0293702223775 0.247675502056 0 324
SHORE 0.84 56 44.0625 0.000959047227139 0.509114922612
Q_MOMENTUM 0.84 56 0.0229611593234 1.93087456317 1.92327890926 0.420459377073 0.414878560703 1.22914194307 0.0022621152397
AMR_VOLUME_STAGE 0.84 56 0 40.526275993446411 -6.4303984279352246e-08
AMR_VOLUME_STAGE 0.84 56 1 40.526275993446411 -6.4303984279352246e-08
Q_CLEANUP 0.84 56 0 -0
AMR_VOLUME_STAGE 0.84 56 2 40.526275993446411 -6.4303984279352246e-08
POSTADAPT_REPROJECT 0.84 56 28 6.79982937313e-09 9.76685696945e-12 5.48792122856e-11 1.46034493484e-05 4.94873336539e-08 0.000469566515256 0.00855261736529
AMR_VOLUME_STAGE 0.84 56 3 40.526275993446411 -6.4303984279352246e-08
RUN 0.86 57 40.5262759934 0.386267303517
Q_RUN 0.86 57 40.526275993446411 -6.430398463e-08 -0 0 1.66533453694e-16 3.01408203951e-17 13
Q_CUTCELL_CFL 0.86 57 0.0296693779781 0.0296693779781 0.252642158782 0 323
SHORE 0.86 57 44.0625 0.000961788130924 0.508353316053
Q_MOMENTUM 0.86 57 0.0205560415604 1.91320637198 1.91304725518 0.421106390022 0.415365087664 1.24716114182 0.00224953166201
AMR_VOLUME_STAGE 0.86 57 0 40.526275993443669 -6.4304051956302981e-08
AMR_VOLUME_STAGE 0.86 57 1 40.526275993443669 -6.4304051956302981e-08
Q_CLEANUP 0.86 57 0 -0
AMR_VOLUME_STAGE 0.86 57 2 40.526275993443669 -6.4304051956302981e-08
POSTADAPT_REPROJECT 0.86 57 28 7.20047949049e-09 1.04038198321e-11 6.28044283246e-11 8.33891498084e-06 6.05636459578e-08 0.000416135501585 0.00772325076075
AMR_VOLUME_STAGE 0.86 57 3 40.526275993443669 -6.4304051956302981e-08
RUN 0.88 58 40.5262759934 0.386554413393
Q_RUN 0.88 58 40.526275993443669 -6.4304052307e-08 -0 0 1.66533453694e-16 2.80808362674e-17 13
Q_CUTCELL_CFL 0.88 58 0.0299570352014 0.0299570352014 0.258027769572 0 324
SHORE 0.88 58 44.0625 0.000960998874803 0.507426834656
Q_MOMENTUM 0.88 58 0.0204678040089 1.89756869588 1.90256842117 0.422365457005 0.415888458968 1.20505587473 0.00223651279133
AMR_VOLUME_STAGE 0.88 58 0 40.526275993440585 -6.4304128049040328e-08
AMR_VOLUME_STAGE 0.88 58 1 40.526275993440585 -6.4304128049040328e-08
Q_CLEANUP 0.88 58 0 -0
AMR_VOLUME_STAGE 0.88 58 2 40.526275993440585 -6.4304128049040328e-08
POSTADAPT_REPROJECT 0.88 58 28 6.07768463517e-09 1.04241326021e-11 8.18873857611e-11 8.43861140291e-06 6.66241258519e-08 0.000441725517632 0.00818808544651
AMR_VOLUME_STAGE 0.88 58 3 40.526275993440585 -6.4304128049040328e-08
RUN 0.9 59 40.5262759934 0.386573574839
Q_RUN 0.9 59 40.526275993440585 -6.43041283997e-08 -0 0 1.66533453694e-16 3.98987458266e-17 17
Q_CUTCELL_CFL 0.9 59 0.0302429169084 0.0302429169084 0.262945952314 0 322
SHORE 0.9 59 44.0625 0.000959934303738 0.506245377062
Q_MOMENTUM 0.9 59 0.0203751716571 1.88921782422 1.88537121683 0.422934473705 0.416412577497 1.16981962458 0.0022154269501
AMR_VOLUME_STAGE 0.9 59 0 40.526275993437409 -6.430420642105322e-08
AMR_VOLUME_STAGE 0.9 59 1 40.526275993437409 -6.430420642105322e-08
Q_CLEANUP 0.9 59 0 -0
AMR_VOLUME_STAGE 0.9 59 2 40.526275993437409 -6.430420642105322e-08
POSTADAPT_REPROJECT 0.9 59 28 5.31023426456e-09 9.82852764636e-12 6.1287863673e-11 1.66585558468e-05 3.95537879706e-08 0.000612370485599 0.0100447585121
AMR_VOLUME_STAGE 0.9 59 3 40.526275993437409 -6.430420642105322e-08
RUN 0.92 60 40.5262759934 0.386626731575
Q_RUN 0.92 60 40.526275993437409 -6.43042067717e-08 -0 0 1.66533453694e-16 4.27175655959e-17 17
Q_CUTCELL_CFL 0.92 60 0.030527472074 0.030527472074 0.267709113532 0 322
SHORE 0.92 60 44.0625 0.000964374093059 0.504881005541
Q_MOMENTUM 0.92 60 0.019314601201 1.87557733908 1.87039789192 0.423500481473 0.417009278599 1.13573366421 0.00219776875491
AMR_VOLUME_STAGE 0.92 60 0 40.526275993434446 -6.4304279533199469e-08
AMR_VOLUME_STAGE 0.92 60 1 40.526275993434446 -6.4304279533199469e-08
Q_CLEANUP 0.92 60 0 -0
AMR_VOLUME_STAGE 0.92 60 2 40.526275993434446 -6.4304279533199469e-08
POSTADAPT_REPROJECT 0.92 60 28 4.44841775057e-09 8.31930625751e-12 4.8361425975e-11 1.31917612255e-05 4.876275593e-08 0.000550541968892 0.00871206058492
AMR_VOLUME_STAGE 0.92 60 3 40.526275993434446 -6.4304279533199469e-08
RUN 0.94 61 40.5262759934 0.388495019226
Q_RUN 0.94 61 40.526275993434446 -6.43042798839e-08 -0 0 1.65991352608e-16 2.32019264912e-17 11
Q_CUTCELL_CFL 0.94 61 0.0308085091069 0.0308085091069 0.27124335815 0 321
SHORE 0.94 61 44.0625 0.000966287963989 0.504009459909
Q_MOMENTUM 0.94 61 0.0254501355542 1.86226112699 1.86441346914 0.423892856685 0.417448853163 1.27633052447 0.00219342389326
AMR_VOLUME_STAGE 0.94 61 0 40.526275993431902 -6.4304342300941344e-08
AMR_VOLUME_STAGE 0.94 61 1 40.526275993431902 -6.4304342300941344e-08
Q_CLEANUP 0.94 61 0 -0
AMR_VOLUME_STAGE 0.94 61 2 40.526275993431902 -6.4304342300941344e-08
POSTADAPT_REPROJECT 0.94 61 27 8.64363624329e-09 1.66512360692e-11 9.13540354475e-11 1.26086483782e-05 1.60096109623e-08 0.000557214784818 0.00949534782664
AMR_VOLUME_STAGE 0.94 61 3 40.526275993431902 -6.4304342300941344e-08
RUN 0.96 62 40.5262759934 0.390567398246
Q_RUN 0.96 62 40.526275993431902 -6.43043426516e-08 -0 0 1.66533453694e-16 3.14418630021e-17 11
Q_CUTCELL_CFL 0.96 62 0.0310736515103 0.0310736515103 0.275238734988 0 321
SHORE 0.96 62 44.0625 0.000967099423239 0.503446974068
Q_MOMENTUM 0.96 62 0.0290212095175 1.84797607126 1.85761392512 0.424253954531 0.417794281111 1.27368841501 0.00218540910218
AMR_VOLUME_STAGE 0.96 62 0 40.526275993436627 -6.4304225707230887e-08
AMR_VOLUME_STAGE 0.96 62 1 40.526275993436627 -6.4304225707230887e-08
Q_CLEANUP 0.96 62 0 -0
AMR_VOLUME_STAGE 0.96 62 2 40.526275993436627 -6.4304225707230887e-08
POSTADAPT_REPROJECT 0.96 62 26 9.09094607893e-09 2.47713132465e-11 1.15684350988e-10 1.21175721243e-05 1.20263983252e-07 0.000556264757935 0.00976598890239
AMR_VOLUME_STAGE 0.96 62 3 40.526275993436627 -6.4304225707230887e-08
RUN 0.98 63 40.5262759934 0.389537268325
Q_RUN 0.98 63 40.526275993436627 -6.43042260579e-08 -0 0 1.66533453694e-16 3.37186875643e-17 14
Q_CUTCELL_CFL 0.98 63 0.0313314066519 0.0313314066519 0.278804944409 0 322
SHORE 0.98 63 44.0625 0.000967601967076 0.506797511976
Q_MOMENTUM 0.98 63 0.0209393158499 1.84256891373 1.84633918513 0.424844752215 0.418062006455 1.23455365726 0.00217204522589
AMR_VOLUME_STAGE 0.98 63 0 40.526275993430964 -6.4304365444354548e-08
AMR_VOLUME_STAGE 0.98 63 1 40.526275993430964 -6.4304365444354548e-08
Q_CLEANUP 0.98 63 0 -0
AMR_VOLUME_STAGE 0.98 63 2 40.526275993430964 -6.4304365444354548e-08
POSTADAPT_REPROJECT 0.98 63 26 5.84283579341e-09 1.72412388656e-11 6.54594156657e-11 1.25241220376e-05 1.36283083792e-08 0.000563353220887 0.0099151736808
AMR_VOLUME_STAGE 0.98 63 3 40.526275993430964 -6.4304365444354548e-08
RUN 1 64 40.5262759934 0.389371537386
Q_RUN 1 64 40.526275993430964 -6.4304365795e-08 -0 0 1.66533453694e-16 2.34052143985e-17 9
Q_CUTCELL_CFL 1 64 0.0315855715339 0.0315855715339 0.284522430999 0 322
SHORE 1 64 44.0625 0.000970020467517 0.511391324015
Q_MOMENTUM 1 64 0.0193702973599 1.83439098012 1.83446268677 0.425463404085 0.418403436817 1.19426135169 0.00215791857947
AMR_VOLUME_STAGE 1 64 0 40.526275993428712 -6.4304421023612006e-08
AMR_VOLUME_STAGE 1 64 1 40.526275993428712 -6.4304421023612006e-08
Q_CLEANUP 1 64 0 -0
AMR_VOLUME_STAGE 1 64 2 40.526275993428712 -6.4304421023612006e-08
POSTADAPT_REPROJECT 1 64 26 4.53515747633e-09 1.27138242302e-11 4.43632422464e-11 1.22431060093e-05 6.72408994467e-08 0.000560101086707 0.0101685807972
AMR_VOLUME_STAGE 1 64 3 40.526275993428712 -6.4304421023612006e-08
RUN 1.02 65 40.5262759934 0.389095658673
Q_RUN 1.02 65 40.526275993428712 -6.43044213743e-08 -0 0 1.66533453694e-16 3.52365706058e-17 14
Q_CUTCELL_CFL 1.02 65 0.0318428261148 0.0318428261148 0.288454578202 0 323
SHORE 1.02 65 44.3125 0.000973560392413 0.515576586002
Q_MOMENTUM 1.02 65 0.0189218622135 1.82422713572 1.82057037712 0.425473683678 0.418769284039 1.19823473378 0.00214093844355
AMR_VOLUME_STAGE 1.02 65 0 40.526275993428577 -6.4304424354860874e-08
AMR_VOLUME_STAGE 1.02 65 1 40.526275993428577 -6.4304424354860874e-08
Q_CLEANUP 1.02 65 0 -0
AMR_VOLUME_STAGE 1.02 65 2 40.526275993428577 -6.4304424354860874e-08
POSTADAPT_REPROJECT 1.02 65 26 4.59670106307e-09 1.10637566923e-11 4.50118414763e-11 1.1935287391e-05 7.48832156564e-08 0.000552448257452 0.009785783679
AMR_VOLUME_STAGE 1.02 65 3 40.526275993428577 -6.4304424354860874e-08
RUN 1.04 66 40.5262759934 0.390975203502
Q_RUN 1.04 66 40.526275993428577 -6.43044247055e-08 -0 0 1.66045562716e-16 2.51534904017e-17 10
Q_CUTCELL_CFL 1.04 66 0.0320862471394 0.0320862471394 0.095276634031 0 322
SHORE 1.04 66 44.3125 0.000977629858258 0.519404224451
Q_MOMENTUM 1.04 66 0.0219416301497 1.81072739011 1.81852011303 0.426201944204 0.419193693848 1.3187702078 0.00213874017653
AMR_VOLUME_STAGE 1.04 66 0 40.526275993429742 -6.4304395600923258e-08
AMR_VOLUME_STAGE 1.04 66 1 40.526275993429742 -6.4304395600923258e-08
Q_CLEANUP 1.04 66 0 -0
AMR_VOLUME_STAGE 1.04 66 2 40.526275993429742 -6.4304395600923258e-08
POSTADAPT_REPROJECT 1.04 66 26 4.67115519701e-09 1.06614128599e-11 4.57149804123e-11 1.16649875492e-05 7.22751894529e-08 0.000545561075342 0.00941505571862
AMR_VOLUME_STAGE 1.04 66 3 40.526275993429742 -6.4304395600923258e-08
RUN 1.06 67 40.5262759934 0.391616692671
Q_RUN 1.06 67 40.526275993429742 -6.43043959516e-08 -0 0 1.66533453694e-16 2.55871712707e-17 11
Q_CUTCELL_CFL 1.06 67 0.0323164340865 0.0323164340865 0.0957915858595 0 322
SHORE 1.06 67 44.3125 0.000978772691181 0.52292719421
Q_MOMENTUM 1.06 67 0.0199015631388 1.80251828068 1.81306773758 0.426535103637 0.419535452423 1.30074014872 0.00213250408282
AMR_VOLUME_STAGE 1.06 67 0 40.526275993431717 -6.430434685949242e-08
AMR_VOLUME_STAGE 1.06 67 1 40.526275993431717 -6.430434685949242e-08
Q_CLEANUP 1.06 67 0 -0
AMR_VOLUME_STAGE 1.06 67 2 40.526275993431717 -6.430434685949242e-08
POSTADAPT_REPROJECT 1.06 67 28 7.92687557098e-09 1.72217293151e-11 2.00181524135e-10 1.14176348898e-05 2.06741918386e-09 0.000539248599242 0.00945450544135
AMR_VOLUME_STAGE 1.06 67 3 40.526275993431717 -6.430434685949242e-08
RUN 1.08 68 40.5262759934 0.392434147916
Q_RUN 1.08 68 40.526275993431717 -6.43043472102e-08 -0 0 1.66099772825e-16 1.35525271561e-17 9
Q_CUTCELL_CFL 1.08 68 0.0325389827392 0.0325389827392 0.0962436546692 0 322
SHORE 1.08 68 44.3125 0.000980684298205 0.526126162586
Q_MOMENTUM 1.08 68 0.0232699634718 1.79961249149 1.80599929336 0.427906748451 0.419974037678 1.255591726 0.00212431891927
AMR_VOLUME_STAGE 1.08 68 0 40.526275993430289 -6.4304382100598901e-08
AMR_VOLUME_STAGE 1.08 68 1 40.526275993430289 -6.4304382100598901e-08
Q_CLEANUP 1.08 68 0 -0
AMR_VOLUME_STAGE 1.08 68 2 40.526275993430289 -6.4304382100598901e-08
POSTADAPT_REPROJECT 1.08 68 26 4.75758237856e-09 1.11354872564e-11 4.64102020703e-11 1.11796846344e-05 6.24529750372e-08 0.000533036648176 0.00950216959668
AMR_VOLUME_STAGE 1.08 68 3 40.526275993430289 -6.4304382100598901e-08
RUN 1.1 69 40.5262759934 0.391031685903
Q_RUN 1.1 69 40.526275993430289 -6.43043824513e-08 -0 0 1.66533453694e-16 2.29850860567e-17 11
Q_CUTCELL_CFL 1.1 69 0.0327586758553 0.0327586758553 0.0966192300824 0 323
SHORE 1.1 69 44.3125 0.000984804442869 0.528586262313
Q_MOMENTUM 1.1 69 0.0191148337425 1.79397815431 1.7963306968 0.427209858997 0.419858695921 1.21471213331 0.00211304980978
AMR_VOLUME_STAGE 1.1 69 0 40.526275993432129 -6.4304336690416932e-08
AMR_VOLUME_STAGE 1.1 69 1 40.526275993432129 -6.4304336690416932e-08
Q_CLEANUP 1.1 69 0 -0
AMR_VOLUME_STAGE 1.1 69 2 40.526275993432129 -6.4304336690416932e-08
POSTADAPT_REPROJECT 1.1 69 26 6.34310353143e-09 1.82528953801e-11 7.32345850629e-11 9.99536324988e-06 5.54118307843e-08 0.000529137504192 0.0095466164854
AMR_VOLUME_STAGE 1.1 69 3 40.526275993432129 -6.4304336690416932e-08
RUN 1.12 70 40.5262759934 0.391077042081
Q_RUN 1.12 70 40.526275993432129 -6.43043370411e-08 -0 0 1.66533453694e-16 2.53703308362e-17 9
Q_CUTCELL_CFL 1.12 70 0.0329782249648 0.0329782249648 0.0980043702039 0 323
SHORE 1.12 70 44.3125 0.000988974265136 0.530972232244
Q_MOMENTUM 1.12 70 0.0282295516337 1.78661929844 1.78551029314 0.427727348165 0.42000145253 1.30966956894 0.00210038334685
AMR_VOLUME_STAGE 1.12 70 0 40.526275993429408 -6.4304403841380998e-08
AMR_VOLUME_STAGE 1.12 70 1 40.526275993429408 -6.4304403841380998e-08
Q_CLEANUP 1.12 70 0 -0
AMR_VOLUME_STAGE 1.12 70 2 40.526275993429408 -6.4304403841380998e-08
POSTADAPT_REPROJECT 1.12 70 27 7.86653147948e-09 2.20957038398e-11 1.34596167545e-10 1.02655791994e-05 6.44819514298e-08 0.000523203434358 0.00958829526308
AMR_VOLUME_STAGE 1.12 70 3 40.526275993429408 -6.4304403841380998e-08
RUN 1.14 71 40.5262759934 0.391908742225
Q_RUN 1.14 71 40.526275993429408 -6.4304404192e-08 -0 0 1.66533453694e-16 2.27275880407e-17 10
Q_CUTCELL_CFL 1.14 71 0.0331880185909 0.0331880185909 0.100181869771 0 323
SHORE 1.14 71 44.3125 0.000990133964422 0.533028125519
Q_MOMENTUM 1.14 71 0.0193481521478 1.776787728 1.78099110888 0.427909702146 0.42034300885 1.36225619661 0.00209334687472
AMR_VOLUME_STAGE 1.14 71 0 40.526275993436172 -6.4304236928279713e-08
AMR_VOLUME_STAGE 1.14 71 1 40.526275993436172 -6.4304236928279713e-08
Q_CLEANUP 1.14 71 0 -0
AMR_VOLUME_STAGE 1.14 71 2 40.526275993436172 -6.4304236928279713e-08
POSTADAPT_REPROJECT 1.14 71 28 6.21620836186e-09 1.83718989004e-11 1.33768163213e-10 1.00761409869e-05 9.91912718715e-08 0.000518304809751 0.00962846567928
AMR_VOLUME_STAGE 1.14 71 3 40.526275993436172 -6.4304236928279713e-08
RUN 1.16 72 40.5262759934 0.391750470531
Q_RUN 1.16 72 40.526275993436172 -6.43042372789e-08 -0 0 1.66533453694e-16 2.55871712707e-17 10
Q_CUTCELL_CFL 1.16 72 0.0333834849245 0.0333834849245 0.102242663533 0 323
SHORE 1.16 72 44.3125 0.00099258743063 0.534783142641
Q_MOMENTUM 1.16 72 0.025186743894 1.76637216692 1.77933867169 0.428344354655 0.420596653517 1.31779742801 0.0020914886644
AMR_VOLUME_STAGE 1.16 72 0 40.526275993430076 -6.430438736046553e-08
AMR_VOLUME_STAGE 1.16 72 1 40.526275993430076 -6.430438736046553e-08
Q_CLEANUP 1.16 72 0 -0
AMR_VOLUME_STAGE 1.16 72 2 40.526275993430076 -6.430438736046553e-08
POSTADAPT_REPROJECT 1.16 72 29 4.78661062677e-09 1.29173176824e-11 1.02920727496e-10 1.10849544806e-06 4.83654215039e-08 0.000556292862007 0.00966674807323
AMR_VOLUME_STAGE 1.16 72 3 40.526275993430076 -6.430438736046553e-08
RUN 1.18 73 40.5262759934 0.392263037083
Q_RUN 1.18 73 40.526275993430076 -6.43043877111e-08 -0 0 1.66533453694e-16 2.81892564846e-17 10
Q_CUTCELL_CFL 1.18 73 0.0335687608566 0.0335687608566 0.104176440654 0 323
SHORE 1.18 73 44.3125 0.00099796956881 0.535892632243
Q_MOMENTUM 1.18 73 0.0213444782575 1.76555657597 1.77494048016 0.428836827283 0.420786425214 1.27283090718 0.00208635514747
AMR_VOLUME_STAGE 1.18 73 0 40.526275993434233 -6.4304284793066112e-08
AMR_VOLUME_STAGE 1.18 73 1 40.526275993434233 -6.4304284793066112e-08
Q_CLEANUP 1.18 73 0 -0
AMR_VOLUME_STAGE 1.18 73 2 40.526275993434233 -6.4304284793066112e-08
POSTADAPT_REPROJECT 1.18 73 29 7.47436351244e-09 1.87819543001e-11 1.57000579204e-10 1.74993047818e-05 8.17120815301e-08 0.000529617747882 0.00998782967361
AMR_VOLUME_STAGE 1.18 73 3 40.526275993434233 -6.4304284793066112e-08
RUN 1.2 74 40.5262759934 0.391733026916
Q_RUN 1.2 74 40.526275993434233 -6.43042851437e-08 -0 0 1.66533453694e-16 2.40692882292e-17 10
Q_CUTCELL_CFL 1.2 74 0.0337496670898 0.0337496670898 0.106045804875 0 324
SHORE 1.2 74 44.3125 0.00100284180323 0.536861751428
Q_MOMENTUM 1.2 74 0.0253662459351 1.76342009228 1.76934509586 0.429159036489 0.420981178163 1.25190398238 0.00207976266702
AMR_VOLUME_STAGE 1.2 74 0 40.526275993440294 -6.4304135237524732e-08
AMR_VOLUME_STAGE 1.2 74 1 40.526275993440294 -6.4304135237524732e-08
Q_CLEANUP 1.2 74 0 -0
AMR_VOLUME_STAGE 1.2 74 2 40.526275993440294 -6.4304135237524732e-08
POSTADAPT_REPROJECT 1.2 74 29 9.95775257686e-09 2.38903921217e-11 2.04544409188e-10 1.11893127726e-05 7.30305197132e-08 0.000480276770163 0.00762903293497
AMR_VOLUME_STAGE 1.2 74 3 40.526275993440294 -6.4304135237524732e-08
RUN 1.22 75 40.5262759934 0.393418976988
Q_RUN 1.22 75 40.526275993440294 -6.43041355882e-08 -0 0 1.66533453694e-16 2.29850860567e-17 10
Q_CUTCELL_CFL 1.22 75 0.0339288498128 0.0339288498128 0.107788238035 0 324
SHORE 1.22 75 44.3125 0.00100465766515 0.537433537019
Q_MOMENTUM 1.22 75 0.0197221678895 1.75880346578 1.76151049871 0.429112535116 0.421152056063 1.36986556252 0.00207049436111
AMR_VOLUME_STAGE 1.22 75 0 40.526275993447825 -6.4303949388903549e-08
AMR_VOLUME_STAGE 1.22 75 1 40.526275993447825 -6.4303949388903549e-08
Q_CLEANUP 1.22 75 0 -0
AMR_VOLUME_STAGE 1.22 75 2 40.526275993447825 -6.4303949388903549e-08
POSTADAPT_REPROJECT 1.22 75 30 5.44136839753e-09 1.26985589222e-11 1.15332660089e-10 1.04113500294e-05 8.02329602676e-08 0.000489023390103 0.00904826495998
AMR_VOLUME_STAGE 1.22 75 3 40.526275993447825 -6.4303949388903549e-08
RUN 1.24 76 40.5262759934 0.394440690839
Q_RUN 1.24 76 40.526275993447825 -6.43039497396e-08 -0 0 1.66533453694e-16 2.66713734431e-17 11
Q_CUTCELL_CFL 1.24 76 0.0341101317903 0.0341101317903 0.109435455063 0 324
SHORE 1.24 76 44.3125 0.00100706192767 0.537952755845
Q_MOMENTUM 1.24 76 0.0257740001027 1.75306362405 1.75275917622 0.42930079892 0.42131617276 1.35796082826 0.00206008339678
AMR_VOLUME_STAGE 1.24 76 0 40.526275993444017 -6.4304043365187471e-08
AMR_VOLUME_STAGE 1.24 76 1 40.526275993444017 -6.4304043365187471e-08
Q_CLEANUP 1.24 76 0 -0
AMR_VOLUME_STAGE 1.24 76 2 40.526275993444017 -6.4304043365187471e-08
POSTADAPT_REPROJECT 1.24 76 31 4.83173516939e-09 1.10376319542e-11 1.05103370451e-10 1.02653222696e-05 7.93726014116e-08 0.00048743515314 0.00918750568234
AMR_VOLUME_STAGE 1.24 76 3 40.526275993444017 -6.4304043365187471e-08
RUN 1.26 77 40.5262759934 0.394589292587
Q_RUN 1.26 77 40.526275993444017 -6.43040437158e-08 -0 0 1.66533453694e-16 2.36356073602e-17 10
Q_CUTCELL_CFL 1.26 77 0.0342771449152 0.0342771449152 0.110938516157 0 324
SHORE 1.26 77 44.3125 0.0010126524443 0.537827675758
Q_MOMENTUM 1.26 77 0.0250377020139 1.80058151448 1.74859032315 0.429478805826 0.421210496552 1.31420066643 0.00205445409115
AMR_VOLUME_STAGE 1.26 77 0 40.526275993447307 -6.4303962187912366e-08
AMR_VOLUME_STAGE 1.26 77 1 40.526275993447307 -6.4303962187912366e-08
Q_CLEANUP 1.26 77 0 -0
AMR_VOLUME_STAGE 1.26 77 2 40.526275993447307 -6.4303962187912366e-08
POSTADAPT_REPROJECT 1.26 77 30 7.55518669652e-09 1.69050863193e-11 1.68123293065e-10 1.01060434887e-05 1.10788163384e-07 0.000484708199542 0.00926579177155
AMR_VOLUME_STAGE 1.26 77 3 40.526275993447307 -6.4303962187912366e-08
RUN 1.28 78 40.5262759934 0.392372443969
Q_RUN 1.28 78 40.526275993447307 -6.43039625386e-08 -0 0 1.66316613259e-16 2.94869109598e-17 11
Q_CUTCELL_CFL 1.28 78 0.0344329998021 0.0344329998021 0.112321938642 0 324
SHORE 1.28 78 44.3125 0.00101664658752 0.537645292939
Q_MOMENTUM 1.28 78 0.0221097884148 1.75623551435 1.74776417416 0.429784466528 0.421012903934 1.26319030292 0.00205333707092
AMR_VOLUME_STAGE 1.28 78 0 40.526275993442248 -6.4304087022080563e-08
AMR_VOLUME_STAGE 1.28 78 1 40.526275993442248 -6.4304087022080563e-08
Q_CLEANUP 1.28 78 0 -0
AMR_VOLUME_STAGE 1.28 78 2 40.526275993442248 -6.4304087022080563e-08
POSTADAPT_REPROJECT 1.28 78 30 7.44753271175e-09 1.63509595463e-11 1.69317837528e-10 9.92571038256e-06 7.69422249e-08 0.000482214091552 0.00932213266197
AMR_VOLUME_STAGE 1.28 78 3 40.526275993442248 -6.4304087022080563e-08
RUN 1.3 79 40.5262759934 0.393122498424
Q_RUN 1.3 79 40.526275993442248 -6.43040873727e-08 -0 0 1.66533453694e-16 1.14654346653e-17 6
Q_CUTCELL_CFL 1.3 79 0.0345801774141 0.0345801774141 0.113520051714 0 325
SHORE 1.3 79 44.3125 0.00102047434992 0.537193431182
Q_MOMENTUM 1.3 79 0.0211378100835 1.76530835828 1.74504840747 0.429230566256 0.421042689647 1.30483186634 0.00204991577665
AMR_VOLUME_STAGE 1.3 79 0 40.526275993437437 -6.4304205719737667e-08
AMR_VOLUME_STAGE 1.3 79 1 40.526275993437437 -6.4304205719737667e-08
Q_CLEANUP 1.3 79 0 -0
AMR_VOLUME_STAGE 1.3 79 2 40.526275993437437 -6.4304205719737667e-08
POSTADAPT_REPROJECT 1.3 79 30 8.76053396364e-09 1.89480182778e-11 2.03624866968e-10 9.76322551225e-06 1.11433159903e-07 0.000479690122581 0.0093654694678
AMR_VOLUME_STAGE 1.3 79 3 40.526275993437437 -6.4304205719737667e-08
RUN 1.32 80 40.5262759934 0.393483907062
Q_RUN 1.32 80 40.526275993437437 -6.43042060704e-08 -0 0 1.66533453694e-16 3.32816185635e-17 15
Q_CUTCELL_CFL 1.32 80 0.0347242670301 0.0347242670301 0.114608597057 0 325
SHORE 1.32 80 44.3125 0.00101955938065 0.536713298494
Q_MOMENTUM 1.32 80 0.0206969781301 1.7618216494 1.74089176308 0.429133536238 0.42099490625 1.35359999016 0.00204471901064
AMR_VOLUME_STAGE 1.32 80 0 40.526275993431938 -6.4304341424296906e-08
AMR_VOLUME_STAGE 1.32 80 1 40.526275993431938 -6.4304341424296906e-08
Q_CLEANUP 1.32 80 0 -0
AMR_VOLUME_STAGE 1.32 80 2 40.526275993431938 -6.4304341424296906e-08
POSTADAPT_REPROJECT 1.32 80 31 5.98785722915e-09 1.20773798221e-11 1.33687061421e-10 9.61235587245e-06 7.04001988699e-08 0.000477754794478 0.00940142468002
AMR_VOLUME_STAGE 1.32 80 3 40.526275993431938 -6.4304341424296906e-08
RUN 1.34 81 40.5262759934 0.393807372043
Q_RUN 1.34 81 40.526275993431938 -6.4304341775e-08 -0 0 1.65340831304e-16 2.60208521397e-17 12
Q_CUTCELL_CFL 1.34 81 0.0348670147858 0.0348670147858 0.115719457327 0 325
SHORE 1.34 81 44.3125 0.00102189435534 0.53593755903
Q_MOMENTUM 1.34 81 0.0252895760399 1.82951982392 1.77741132406 0.429776847402 0.421056217989 1.35522067597 0.00203727212039
AMR_VOLUME_STAGE 1.34 81 0 40.526275993435412 -6.4304255688470712e-08
AMR_VOLUME_STAGE 1.34 81 1 40.526275993435412 -6.4304255688470712e-08
Q_CLEANUP 1.34 81 0 -0
AMR_VOLUME_STAGE 1.34 81 2 40.526275993435412 -6.4304255688470712e-08
POSTADAPT_REPROJECT 1.34 81 31 7.56372809296e-09 1.46214891917e-11 1.67318853217e-10 9.47549226556e-06 1.65577673561e-08 0.000475747599706 0.00942980472263
AMR_VOLUME_STAGE 1.34 81 3 40.526275993435412 -6.4304255688470712e-08
RUN 1.36 82 40.5262759934 0.391826869374
Q_RUN 1.36 82 40.526275993435412 -6.43042560391e-08 -0 0 1.66533453694e-16 2.85009646092e-17 11
Q_CUTCELL_CFL 1.36 82 0.0349583452423 0.0349583452423 0.117055912706 0 324
SHORE 1.36 82 44.3125 0.00102322351598 0.534666571194
Q_MOMENTUM 1.36 82 0.0200151404026 1.85866812502 1.76529344056 0.429791983908 0.421106676193 1.31956562953 0.00202891566677
AMR_VOLUME_STAGE 1.36 82 0 40.526275993439647 -6.4304151192453532e-08
AMR_VOLUME_STAGE 1.36 82 1 40.526275993439647 -6.4304151192453532e-08
Q_CLEANUP 1.36 82 0 -0
AMR_VOLUME_STAGE 1.36 82 2 40.526275993439647 -6.4304151192453532e-08
POSTADAPT_REPROJECT 1.36 82 31 9.13832540959e-09 1.7645129033e-11 2.09228190329e-10 9.33562543499e-06 4.32177324639e-08 0.000474516806463 0.00945416655857
AMR_VOLUME_STAGE 1.36 82 3 40.526275993439647 -6.4304151192453532e-08
RUN 1.38 83 40.5262759934 0.390239492565
Q_RUN 1.38 83 40.526275993439647 -6.43041515431e-08 -0 0 1.66533453694e-16 3.4992625117e-17 16
Q_CUTCELL_CFL 1.38 83 0.0351017287822 0.0351017287822 0.118444869501 0 324
SHORE 1.38 83 44.3125 0.00102420673448 0.533349143217
Q_MOMENTUM 1.38 83 0.0266284376812 1.79963209888 1.72024259266 0.429798974148 0.421482447935 1.28216929313 0.00201963678638
AMR_VOLUME_STAGE 1.38 83 0 40.526275993444621 -6.4304028462231994e-08
AMR_VOLUME_STAGE 1.38 83 1 40.526275993444621 -6.4304028462231994e-08
Q_CLEANUP 1.38 83 0 -0
AMR_VOLUME_STAGE 1.38 83 2 40.526275993444621 -6.4304028462231994e-08
POSTADAPT_REPROJECT 1.38 83 32 5.33845161515e-09 1.02888378184e-11 1.26211513463e-10 9.21022606451e-06 5.7586826878e-08 0.00047347692947 0.00947244753054
AMR_VOLUME_STAGE 1.38 83 3 40.526275993444621 -6.4304028462231994e-08
RUN 1.4 84 40.5262759934 0.391695424749
Q_RUN 1.4 84 40.526275993444621 -6.43040288129e-08 -0 0 1.66533453694e-16 2.49366499672e-17 9
Q_CUTCELL_CFL 1.4 84 0.0352337391361 0.0352337391361 0.119685622346 0 323
SHORE 1.4 84 44.3125 0.00102491928624 0.531876651402
Q_MOMENTUM 1.4 84 0.019304605733 1.81914678513 1.72870579021 0.429873308097 0.421661670979 1.29845271514 0.00201945563703
AMR_VOLUME_STAGE 1.4 84 0 40.526275993441736 -6.4304099645760482e-08
AMR_VOLUME_STAGE 1.4 84 1 40.526275993441736 -6.4304099645760482e-08
Q_CLEANUP 1.4 84 0 -0
AMR_VOLUME_STAGE 1.4 84 2 40.526275993441736 -6.4304099645760482e-08
POSTADAPT_REPROJECT 1.4 84 32 6.59872904784e-09 1.27544016247e-11 1.61225255368e-10 8.54546069805e-06 6.98255138537e-08 0.000608864990989 0.00948793308201
AMR_VOLUME_STAGE 1.4 84 3 40.526275993441736 -6.4304099645760482e-08
RUN 1.42 85 40.5262759934 0.393923864054
Q_RUN 1.42 85 40.526275993441736 -6.43040999964e-08 -0 0 1.66533453694e-16 2.56958030393e-17 9
Q_CUTCELL_CFL 1.42 85 0.0353569150997 0.0353569150997 0.12077138926 0 323
SHORE 1.42 85 44.3125 0.00102579106807 0.530093513915
Q_MOMENTUM 1.42 85 0.0243909934765 1.82380058213 1.7835559199 0.430249900449 0.42169251639 1.41820913586 0.00201765771462
AMR_VOLUME_STAGE 1.42 85 0 40.52627599343824 -6.4304185907573331e-08
AMR_VOLUME_STAGE 1.42 85 1 40.52627599343824 -6.4304185907573331e-08
Q_CLEANUP 1.42 85 0 -0
AMR_VOLUME_STAGE 1.42 85 2 40.52627599343824 -6.4304185907573331e-08
POSTADAPT_REPROJECT 1.42 85 32 8.60917464649e-09 1.67534855769e-11 2.21829374314e-10 8.21720876856e-06 1.35937778311e-07 0.000517115787627 0.00949807410363
AMR_VOLUME_STAGE 1.42 85 3 40.52627599343824 -6.4304185907573331e-08
RUN 1.44 86 40.5262759934 0.393082077104
Q_RUN 1.44 86 40.52627599343824 -6.43041862582e-08 -0 0 1.65774512173e-16 2.51534904017e-17 9
Q_CUTCELL_CFL 1.44 86 0.0353708458648 0.0353708458648 0.121327149646 0 323
SHORE 1.44 86 44.3125 0.00102799560786 0.528203919124
Q_MOMENTUM 1.44 86 0.0225989711159 1.88811549546 1.78763050362 0.430748284733 0.421729500544 1.37790698079 0.00201411597912
AMR_VOLUME_STAGE 1.44 86 0 40.526275993433835 -6.430429461148383e-08
AMR_VOLUME_STAGE 1.44 86 1 40.526275993433828 -6.4304294786812715e-08
Q_CLEANUP 1.44 86 6.26668855697e-17 4.01068067646e-15
AMR_VOLUME_STAGE 1.44 86 2 40.526275993433828 -6.4304294786812715e-08
POSTADAPT_REPROJECT 1.44 86 33 5.28522979618e-09 1.04030878585e-11 1.51903475909e-10 8.18246458562e-06 2.60349742974e-08 0.000513466209427 0.00950719199198
AMR_VOLUME_STAGE 1.44 86 3 40.526275993433828 -6.4304294786812715e-08
RUN 1.46 87 40.5262759934 0.388996093003
Q_RUN 1.46 87 40.526275993433828 -6.43042951375e-08 -0 0 1.66533453694e-16 2.75387351811e-17 10
Q_CUTCELL_CFL 1.46 87 0.0354975643453 0.0354975643453 0.122755561283 0 322
SHORE 1.46 87 44.3125 0.00102815734536 0.527028479872
Q_MOMENTUM 1.46 87 0.0201990369301 1.86027706598 1.76174806302 0.430190485198 0.421754648886 1.33696623348 0.00200852503248
AMR_VOLUME_STAGE 1.46 87 0 40.526275993436542 -6.4304227811177547e-08
AMR_VOLUME_STAGE 1.46 87 1 40.526275993436549 -6.4304227635848649e-08
Q_CLEANUP 1.46 87 0 -0
AMR_VOLUME_STAGE 1.46 87 2 40.526275993436549 -6.4304227635848649e-08
POSTADAPT_REPROJECT 1.46 87 33 6.55320025939e-09 1.30304411296e-11 2.03185010483e-10 8.1378291059e-06 2.70065884128e-09 0.000511229680721 0.00951158654153
AMR_VOLUME_STAGE 1.46 87 3 40.526275993436549 -6.4304227635848649e-08
RUN 1.48 88 40.5262759934 0.389508559604
Q_RUN 1.48 88 40.526275993436549 -6.43042279865e-08 -0 0 1.66533453694e-16 2.21177243187e-17 7
Q_CUTCELL_CFL 1.48 88 0.0356261478785 0.0356261478785 0.124170247613 0 323
SHORE 1.48 88 44.3125 0.00102752552434 0.525756871263
Q_MOMENTUM 1.48 88 0.0222118540296 1.85661796484 1.75866185386 0.430236538454 0.421876808579 1.29410686799 0.00200170231277
AMR_VOLUME_STAGE 1.48 88 0 40.526275993439867 -6.4304145757258004e-08
AMR_VOLUME_STAGE 1.48 88 1 40.526275993439867 -6.4304145757258004e-08
Q_CLEANUP 1.48 88 0 -0
AMR_VOLUME_STAGE 1.48 88 2 40.526275993439867 -6.4304145757258004e-08
POSTADAPT_REPROJECT 1.48 88 33 7.20936059752e-09 1.43946057627e-11 2.28462186669e-10 8.07697303361e-06 5.94696233672e-08 0.000510272414374 0.00951605841977
AMR_VOLUME_STAGE 1.48 88 3 40.526275993439867 -6.4304145757258004e-08
RUN 1.5 89 40.5262759934 0.393048900002
Q_RUN 1.5 89 40.526275993439867 -6.43041461079e-08 -0 0 1.66533453694e-16 1.06251812904e-17 4
Q_CUTCELL_CFL 1.5 89 0.0357567224644 0.0357567224644 0.125456225182 0 322
SHORE 1.5 89 44.3125 0.00102924521147 0.524392299643
Q_MOMENTUM 1.5 89 0.0234480014871 1.85045172995 1.76343930958 0.430355677821 0.421926295669 1.47346423253 0.00199342025584
AMR_VOLUME_STAGE 1.5 89 0 40.526275993443456 -6.430405721616961e-08
AMR_VOLUME_STAGE 1.5 89 1 40.526275993443456 -6.430405721616961e-08
Q_CLEANUP 1.5 89 0 -0
AMR_VOLUME_STAGE 1.5 89 2 40.526275993443456 -6.430405721616961e-08
POSTADAPT_REPROJECT 1.5 89 33 7.25378867845e-09 1.4513264055e-11 2.3192479881e-10 8.08170136997e-06 9.9702210769e-09 0.000510425546246 0.00947554473321
AMR_VOLUME_STAGE 1.5 89 3 40.526275993443456 -6.430405721616961e-08
RUN 1.52 90 40.5262759934 0.395025686801
Q_RUN 1.52 90 40.526275993443456 -6.43040575668e-08 -0 0 1.66533453694e-16 2.12503625807e-17 8
Q_CUTCELL_CFL 1.52 90 0.0357829869485 0.0357829869485 0.126251105084 0 323
SHORE 1.52 90 44.3125 0.0010298976391 0.522719499809
Q_MOMENTUM 1.52 90 0.0226192307081 1.87531220385 1.79575775975 0.431332529102 0.421974677547 1.42844801102 0.00199067246837
AMR_VOLUME_STAGE 1.52 90 0 40.526275993446944 -6.430397112968566e-08
AMR_VOLUME_STAGE 1.52 90 1 40.526275993446944 -6.430397112968566e-08
Q_CLEANUP 1.52 90 0 -0
AMR_VOLUME_STAGE 1.52 90 2 40.526275993446944 -6.430397112968566e-08
POSTADAPT_REPROJECT 1.52 90 33 6.75048632092e-09 1.35388908826e-11 2.17528717261e-10 8.01495495208e-06 2.86980491905e-08 0.000507322988411 0.00947466806979
AMR_VOLUME_STAGE 1.52 90 3 40.526275993446944 -6.430397112968566e-08
RUN 1.54 91 40.5262759934 0.389896578945
Q_RUN 1.54 91 40.526275993446944 -6.43039714803e-08 -0 0 1.66533453694e-16 3.5344990823e-17 13
Q_CUTCELL_CFL 1.54 91 0.0358164147771 0.0358164147771 0.126914322884 0 323
SHORE 1.54 91 44.3125 0.00103101523602 0.520690858019
Q_MOMENTUM 1.54 91 0.0203619385093 1.87236220116 1.7932028668 0.430778412046 0.422029858027 1.38564805942 0.00202355908569
AMR_VOLUME_STAGE 1.54 91 0 40.526275993450433 -6.4303885043201696e-08
AMR_VOLUME_STAGE 1.54 91 1 40.526275993450433 -6.4303885043201696e-08
Q_CLEANUP 1.54 91 0 -0
AMR_VOLUME_STAGE 1.54 91 2 40.526275993450433 -6.4303885043201696e-08
POSTADAPT_REPROJECT 1.54 91 33 6.13294068135e-09 1.24788125568e-11 1.99269184487e-10 7.88071521088e-06 5.0290865134e-08 0.000502215579361 0.00951308976584
AMR_VOLUME_STAGE 1.54 91 3 40.526275993450433 -6.4303885043201696e-08
RUN 1.56 92 40.5262759935 0.388611546399
Q_RUN 1.56 92 40.526275993450433 -6.43038853939e-08 -0 0 1.66533453694e-16 1.25767452008e-17 5
Q_CUTCELL_CFL 1.56 92 0.0357240394427 0.0357240394427 0.127378993616 0 323
SHORE 1.56 92 44.3125 0.0010321511024 0.519194920105
Q_MOMENTUM 1.56 92 0.0233960776629 1.8394470626 1.77212679365 0.430741549334 0.422114565717 1.34221763585 0.00204883926182
AMR_VOLUME_STAGE 1.56 92 0 40.526275993453474 -6.4303810002437672e-08
AMR_VOLUME_STAGE 1.56 92 1 40.526275993453474 -6.4303810002437672e-08
Q_CLEANUP 1.56 92 0 -0
AMR_VOLUME_STAGE 1.56 92 2 40.526275993453474 -6.4303810002437672e-08
POSTADAPT_REPROJECT 1.56 92 33 5.89088741296e-09 1.20032409693e-11 1.92404675525e-10 7.83004452575e-06 1.44889289058e-09 0.00050022537125 0.00950967323183
AMR_VOLUME_STAGE 1.56 92 3 40.526275993453474 -6.4303810002437672e-08
RUN 1.58 93 40.5262759935 0.391491779315
Q_RUN 1.58 93 40.526275993453474 -6.43038103531e-08 -0 0 1.66533453694e-16 1.99222149194e-17 8
Q_CUTCELL_CFL 1.58 93 0.0353965609982 0.0353965609982 0.12717667639 0 323
SHORE 1.58 93 44.3125 0.00103343129483 0.517972640667
Q_MOMENTUM 1.58 93 0.0229387850969 1.87910941214 1.79399740689 0.430431170735 0.422067762687 1.5264378953 0.00207757416109
AMR_VOLUME_STAGE 1.58 93 0 40.526275993456544 -6.4303734260358095e-08
AMR_VOLUME_STAGE 1.58 93 1 40.526275993456544 -6.4303734260358095e-08
Q_CLEANUP 1.58 93 0 -0
AMR_VOLUME_STAGE 1.58 93 2 40.526275993456544 -6.4303734260358095e-08
POSTADAPT_REPROJECT 1.58 93 33 6.048480013e-09 1.12680979204e-11 1.15014393842e-10 7.83384443646e-06 1.17481903448e-08 0.000499564831271 0.00945101187831
AMR_VOLUME_STAGE 1.58 93 3 40.526275993456544 -6.4303734260358095e-08
RUN 1.6 94 40.5262759935 0.394846157166
Q_RUN 1.6 94 40.526275993456544 -6.4303734611e-08 -0 0 1.66533453694e-16 3.32850066953e-17 13
Q_CUTCELL_CFL 1.6 94 0.0349301470507 0.0349301470507 0.12633151164 0 322
SHORE 1.6 94 44.3125 0.00103552571369 0.51671527455
Q_MOMENTUM 1.6 94 0.0210469304371 1.86452775456 1.80727602629 0.431054616565 0.422039042512 1.47229661963 0.0020896588538
AMR_VOLUME_STAGE 1.6 94 0 40.526275993459549 -6.4303660096238522e-08
AMR_VOLUME_STAGE 1.6 94 1 40.526275993459549 -6.4303660096238522e-08
Q_CLEANUP 1.6 94 0 -0
AMR_VOLUME_STAGE 1.6 94 2 40.526275993459549 -6.4303660096238522e-08
POSTADAPT_REPROJECT 1.6 94 33 5.93111512685e-09 1.11318968924e-11 1.14823053843e-10 7.73950573293e-06 2.20316904086e-08 0.000494715109977 0.00946961268175
AMR_VOLUME_STAGE 1.6 94 3 40.526275993459549 -6.4303660096238522e-08
RUN 1.62 95 40.5262759935 0.391639981909
Q_RUN 1.62 95 40.526275993459549 -6.43036604469e-08 -0 0 1.66533453694e-16 2.52153238068e-17 11
Q_CUTCELL_CFL 1.62 95 0.0345258871838 0.0345258871838 0.12555820796 0 321
SHORE 1.62 95 44.3125 0.00103641127923 0.515097337472
Q_MOMENTUM 1.62 95 0.0205308445715 1.86300443734 1.82771969289 0.430967144879 0.422069519965 1.42735044892 0.00211167404633
AMR_VOLUME_STAGE 1.62 95 0 40.526275993462569 -6.4303585581461167e-08
AMR_VOLUME_STAGE 1.62 95 1 40.526275993462569 -6.4303585581461167e-08
Q_CLEANUP 1.62 95 0 -0
AMR_VOLUME_STAGE 1.62 95 2 40.526275993462569 -6.4303585581461167e-08
POSTADAPT_REPROJECT 1.62 95 33 6.39470383494e-09 1.2067967913e-11 1.25710657162e-10 7.70598484167e-06 1.50702621095e-08 0.000493546905443 0.00944797660245
AMR_VOLUME_STAGE 1.62 95 3 40.526275993462569 -6.4303585581461167e-08
RUN 1.64 96 40.5262759935 0.388325076443
Q_RUN 1.64 96 40.526275993462569 -6.43035859321e-08 -0 0 1.65774512173e-16 1.84314369323e-17 6
Q_CUTCELL_CFL 1.64 96 0.0341522860261 0.0341522860261 0.124736545086 0 321
SHORE 1.64 96 44.3125 0.00103646666596 0.5133195816
Q_MOMENTUM 1.64 96 0.0196607603466 1.87649829352 1.84468957456 0.430935323754 0.42207689688 1.38322711257 0.0021368980514
AMR_VOLUME_STAGE 1.64 96 0 40.526275993465774 -6.4303506508132722e-08
AMR_VOLUME_STAGE 1.64 96 1 40.526275993465774 -6.4303506508132722e-08
Q_CLEANUP 1.64 96 0 -0
AMR_VOLUME_STAGE 1.64 96 2 40.526275993465774 -6.4303506508132722e-08
POSTADAPT_REPROJECT 1.64 96 33 6.6337212781e-09 1.249903505e-11 1.31451224905e-10 7.69222246869e-06 6.22691373589e-10 0.000493213958666 0.00942281997164
AMR_VOLUME_STAGE 1.64 96 3 40.526275993465774 -6.4303506508132722e-08
RUN 1.66 97 40.5262759935 0.389819334151
Q_RUN 1.66 97 40.526275993465774 -6.43035068588e-08 -0 0 1.66533453694e-16 1.90819582357e-17 6
Q_CUTCELL_CFL 1.66 97 0.0339210587781 0.0339210587781 0.124961727949 0 321
SHORE 1.66 97 44.3125 0.00103677300656 0.511595737373
Q_MOMENTUM 1.66 97 0.0337377389667 1.90848888473 1.85891864246 0.431066924901 0.422371234376 1.57083868454 0.00216002706465
AMR_VOLUME_STAGE 1.66 97 0 40.526275993469234 -6.4303421122964311e-08
AMR_VOLUME_STAGE 1.66 97 1 40.526275993469234 -6.4303421122964311e-08
Q_CLEANUP 1.66 97 0 -0
AMR_VOLUME_STAGE 1.66 97 2 40.526275993469234 -6.4303421122964311e-08
POSTADAPT_REPROJECT 1.66 97 33 6.94388132984e-09 1.29968767948e-11 1.37963515612e-10 7.67275317678e-06 7.76285530505e-08 0.000493475701821 0.00939270082799
AMR_VOLUME_STAGE 1.66 97 3 40.526275993469234 -6.4303421122964311e-08
RUN 1.68 98 40.5262759935 0.393303886558
Q_RUN 1.68 98 40.526275993469234 -6.43034214736e-08 -0 0 1.66533453694e-16 1.24700190495e-17 7
Q_CUTCELL_CFL 1.68 98 0.0335549908587 0.0335549908587 0.124537886761 0 320
SHORE 1.68 98 44.3125 0.00103667087366 0.510618599962
Q_MOMENTUM 1.68 98 0.0207658476947 1.92747682578 1.86687393944 0.431823028403 0.422615381827 1.51324138559 0.00217601119709
AMR_VOLUME_STAGE 1.68 98 0 40.526275993472751 -6.4303334335164794e-08
AMR_VOLUME_STAGE 1.68 98 1 40.526275993472751 -6.4303334335164794e-08
Q_CLEANUP 1.68 98 0 -0
AMR_VOLUME_STAGE 1.68 98 2 40.526275993472751 -6.4303334335164794e-08
POSTADAPT_REPROJECT 1.68 98 33 6.84241042176e-09 1.2736269652e-11 1.36293643038e-10 1.07909500877e-05 3.07044828019e-10 0.000498309888882 0.00936778613231
AMR_VOLUME_STAGE 1.68 98 3 40.526275993472751 -6.4303334335164794e-08
RUN 1.7 99 40.5262759935 0.390535722602
Q_RUN 1.7 99 40.526275993472751 -6.43033346858e-08 -0 0 1.66533453694e-16 8.02309607639e-18 5
Q_CUTCELL_CFL 1.7 99 0.0334157408474 0.0334157408474 0.124830141222 0 319
SHORE 1.7 99 44.3125 0.00103640784462 0.509578091262
Q_MOMENTUM 1.7 99 0.0214126226394 1.91631023235 1.88097273275 0.431801670367 0.422819527026 1.46529941823 0.00218415128258
AMR_VOLUME_STAGE 1.7 99 0 40.526275993476183 -6.4303249651311949e-08
AMR_VOLUME_STAGE 1.7 99 1 40.526275993476183 -6.4303249651311949e-08
Q_CLEANUP 1.7 99 0 -0
AMR_VOLUME_STAGE 1.7 99 2 40.526275993476183 -6.4303249651311949e-08
POSTADAPT_REPROJECT 1.7 99 33 6.19998734309e-09 1.14661991556e-11 1.23614798953e-10 9.61267460137e-06 8.17135556977e-08 0.000507014883693 0.00929167538131
AMR_VOLUME_STAGE 1.7 99 3 40.526275993476183 -6.4303249651311949e-08
RUN 1.72 100 40.5262759935 0.389151076575
Q_RUN 1.72 100 40.526275993476183 -6.4303250002e-08 -0 0 1.66533453694e-16 2.24429849704e-17 12
Q_CUTCELL_CFL 1.72 100 0.033143155342 0.033143155342 0.124512900599 0 319
SHORE 1.72 100 44.3125 0.00103618606645 0.507984279299
Q_MOMENTUM 1.72 100 0.0197258908326 1.9191475498 1.89461118807 0.432056637028 0.422886130565 1.41987472722 0.00220866126697
AMR_VOLUME_STAGE 1.72 100 0 40.526275993479359 -6.4303171279299058e-08
AMR_VOLUME_STAGE 1.72 100 1 40.526275993479359 -6.4303171279299058e-08
Q_CLEANUP 1.72 100 0 -0
AMR_VOLUME_STAGE 1.72 100 2 40.526275993479359 -6.4303171279299058e-08
POSTADAPT_REPROJECT 1.72 100 33 5.91769878271e-09 1.08737754264e-11 1.18008630645e-10 8.29010231098e-06 6.6648068744e-08 0.00050072500994 0.00926783307026
AMR_VOLUME_STAGE 1.72 100 3 40.526275993479359 -6.4303171279299058e-08
RUN 1.74 101 40.5262759935 0.388686462129
Q_RUN 1.74 101 40.526275993479359 -6.430317163e-08 -0 0 1.66533453694e-16 3.07913416986e-17 11
Q_CUTCELL_CFL 1.74 101 0.0329750544082 0.0329750544082 0.124407615452 0 319
SHORE 1.74 101 44.3125 0.00103535176929 0.506262021205
Q_MOMENTUM 1.74 101 0.0316688973388 1.93051943368 1.89261556249 0.431952073531 0.423027284725 1.61178338873 0.00221257124475
AMR_VOLUME_STAGE 1.74 101 0 40.526275993482372 -6.4303096939850587e-08
AMR_VOLUME_STAGE 1.74 101 1 40.526275993482372 -6.4303096939850587e-08
Q_CLEANUP 1.74 101 0 -0
AMR_VOLUME_STAGE 1.74 101 2 40.526275993482372 -6.4303096939850587e-08
POSTADAPT_REPROJECT 1.74 101 32 9.61297847575e-09 1.75632152237e-11 1.91369142755e-10 8.2373050995e-06 6.87580211431e-08 0.000503617921299 0.00922874312609
AMR_VOLUME_STAGE 1.74 101 3 40.526275993482372 -6.4303096939850587e-08
RUN 1.76 102 40.5262759935 0.391247662732
Q_RUN 1.76 102 40.526275993482372 -6.43030972905e-08 -0 0 1.66533453694e-16 1.04083408559e-17 3
Q_CUTCELL_CFL 1.76 102 0.032975929399 0.032975929399 0.125317363517 0 319
SHORE 1.76 102 44.3125 0.00103591916269 0.504759935537
Q_MOMENTUM 1.76 102 0.021362905062 1.94562735826 1.89791159845 0.432752516119 0.423259598242 1.54685759691 0.00222382538259
AMR_VOLUME_STAGE 1.76 102 0 40.526275993477569 -6.4303215462178805e-08
AMR_VOLUME_STAGE 1.76 102 1 40.526275993477569 -6.4303215462178805e-08
Q_CLEANUP 1.76 102 0 -0
AMR_VOLUME_STAGE 1.76 102 2 40.526275993477569 -6.4303215462178805e-08
POSTADAPT_REPROJECT 1.76 102 32 9.22844539751e-09 1.68211123014e-11 1.83497064765e-10 8.19489703433e-06 6.17300691132e-08 0.00050754908858 0.00921725722457
AMR_VOLUME_STAGE 1.76 102 3 40.526275993477569 -6.4303215462178805e-08
RUN 1.78 103 40.5262759935 0.388159207728
Q_RUN 1.78 103 40.526275993477569 -6.43032158128e-08 -0 0 1.66533453694e-16 2.1277467635e-17 8
Q_CUTCELL_CFL 1.78 103 0.0329843085129 0.0329843085129 0.126324965776 0 319
SHORE 1.78 103 44.3125 0.00103528686457 0.503894273024
Q_MOMENTUM 1.78 103 0.0186652660834 1.93395068832 1.89803736679 0.432136471977 0.423577355252 1.49850699373 0.00220369431495
AMR_VOLUME_STAGE 1.78 103 0 40.526275993472943 -6.4303329601284819e-08
AMR_VOLUME_STAGE 1.78 103 1 40.526275993472943 -6.4303329601284819e-08
Q_CLEANUP 1.78 103 0 -0
AMR_VOLUME_STAGE 1.78 103 2 40.526275993472943 -6.4303329601284819e-08
POSTADAPT_REPROJECT 1.78 103 32 8.43620085284e-09 1.53492958259e-11 1.67192953926e-10 8.17846022952e-06 5.57830612853e-08 0.000512041994739 0.00921429555986
AMR_VOLUME_STAGE 1.78 103 3 40.526275993472943 -6.4303329601284819e-08
RUN 1.8 104 40.5262759935 0.389246247572
Q_RUN 1.8 104 40.526275993472943 -6.43033299519e-08 -0 0 1.66533453694e-16 3.29597460436e-17 10
Q_CUTCELL_CFL 1.8 104 0.0328246742687 0.0328246742687 0.126536243875 0 319
SHORE 1.8 104 44.5625 0.00103640601917 0.502782984607
Q_MOMENTUM 1.8 104 0.0226578250717 1.93534803418 1.91413516386 0.433277728738 0.423696445008 1.44777815412 0.00223257527388
AMR_VOLUME_STAGE 1.8 104 0 40.526275993468701 -6.4303434272630898e-08
AMR_VOLUME_STAGE 1.8 104 1 40.526275993468701 -6.4303434272630898e-08
Q_CLEANUP 1.8 104 0 -0
AMR_VOLUME_STAGE 1.8 104 2 40.526275993468701 -6.4303434272630898e-08
POSTADAPT_REPROJECT 1.8 104 32 7.9383713866e-09 1.44491740139e-11 1.56822416164e-10 8.17418489864e-06 6.11863939702e-08 0.000516874442489 0.0092230561606
AMR_VOLUME_STAGE 1.8 104 3 40.526275993468701 -6.4303434272630898e-08
RUN 1.82 105 40.5262759935 0.389581991257
Q_RUN 1.82 105 40.526275993468701 -6.43034346233e-08 -0 0 1.66533453694e-16 2.68882138776e-17 9
Q_CUTCELL_CFL 1.82 105 0.0326429413008 0.0326429413008 0.126563502858 0 319
SHORE 1.82 105 44.5625 0.00103484775753 0.501271180509
Q_MOMENTUM 1.82 105 0.0309309194219 1.93241417876 1.91444099698 0.433121741818 0.423945431481 1.64373434923 0.00224694686829
AMR_VOLUME_STAGE 1.82 105 0 40.526275993464729 -6.430353228147924e-08
AMR_VOLUME_STAGE 1.82 105 1 40.526275993464729 -6.430353228147924e-08
Q_CLEANUP 1.82 105 0 -0
AMR_VOLUME_STAGE 1.82 105 2 40.526275993464729 -6.430353228147924e-08
POSTADAPT_REPROJECT 1.82 105 32 7.46319083528e-09 1.3610717455e-11 1.46872292106e-10 8.17315507047e-06 7.59954197958e-08 0.000521835116414 0.00923426229828
AMR_VOLUME_STAGE 1.82 105 3 40.526275993464729 -6.430353228147924e-08
RUN 1.84 106 40.5262759935 0.389572045445
Q_RUN 1.84 106 40.526275993464729 -6.43035326321e-08 -0 0 1.66533453694e-16 2.86229373536e-17 12
Q_CUTCELL_CFL 1.84 106 0.0326268717531 0.0326268717531 0.127071689201 0 319
SHORE 1.84 106 44.5625 0.00103487631522 0.499781519206
Q_MOMENTUM 1.84 106 0.0231953896736 1.94799264568 1.91868870224 0.433954301717 0.424270879823 1.57565962103 0.0022549727943
AMR_VOLUME_STAGE 1.84 106 0 40.526275993460892 -6.4303626959078702e-08
AMR_VOLUME_STAGE 1.84 106 1 40.526275993460892 -6.4303626959078702e-08
Q_CLEANUP 1.84 106 0 -0
AMR_VOLUME_STAGE 1.84 106 2 40.526275993460892 -6.4303626959078702e-08
POSTADAPT_REPROJECT 1.84 106 32 7.3012022102e-09 1.33898251398e-11 1.43138112474e-10 8.16720398948e-06 9.14382319295e-08 0.000527728035665 0.00925574680231
AMR_VOLUME_STAGE 1.84 106 3 40.526275993460892 -6.4303626959078702e-08
RUN 1.86 107 40.5262759935 0.385857879298
Q_RUN 1.86 107 40.526275993460892 -6.43036273097e-08 -0 0 1.66533453694e-16 2.42861286637e-17 9
Q_CUTCELL_CFL 1.86 107 0.0326565469136 0.0326565469136 0.127636561756 0 318
SHORE 1.86 107 44.5625 0.00103455679289 0.49799477043
Q_MOMENTUM 1.86 107 0.0194827494121 1.96533786126 1.94716918733 0.433711900393 0.424678462926 1.52754798183 0.00223884813508
AMR_VOLUME_STAGE 1.86 107 0 40.526275993457105 -6.4303720409375955e-08
AMR_VOLUME_STAGE 1.86 107 1 40.526275993457105 -6.4303720409375955e-08
Q_CLEANUP 1.86 107 0 -0
AMR_VOLUME_STAGE 1.86 107 2 40.526275993457105 -6.4303720409375955e-08
POSTADAPT_REPROJECT 1.86 107 32 6.70517828485e-09 1.27249830734e-11 1.44978584693e-10 8.17319310858e-06 9.40030917383e-08 0.000533628256339 0.00927880291568
AMR_VOLUME_STAGE 1.86 107 3 40.526275993457105 -6.4303720409375955e-08
RUN 1.88 108 40.5262759935 0.387689776834
Q_RUN 1.88 108 40.526275993457105 -6.430372076e-08 -0 0 1.66533453694e-16 2.19974456402e-17 12
Q_CUTCELL_CFL 1.88 108 0.0326592071428 0.0326592071428 0.128541976089 0 318
SHORE 1.88 108 44.5625 0.00103552433184 0.497505029121
Q_MOMENTUM 1.88 108 0.0212752982712 1.98263886536 1.97024911685 0.434511673349 0.425094707723 1.48679105803 0.00224141173489
AMR_VOLUME_STAGE 1.88 108 0 40.526275993453673 -6.4303805093228812e-08
AMR_VOLUME_STAGE 1.88 108 1 40.526275993453673 -6.4303805093228812e-08
Q_CLEANUP 1.88 108 0 -0
AMR_VOLUME_STAGE 1.88 108 2 40.526275993453673 -6.4303805093228812e-08
POSTADAPT_REPROJECT 1.88 108 32 6.4298062339e-09 1.22525795439e-11 1.33009884357e-10 1.39185342597e-05 7.14131457603e-08 0.000547619480068 0.00931122019498
AMR_VOLUME_STAGE 1.88 108 3 40.526275993453673 -6.4303805093228812e-08
RUN 1.9 109 40.5262759935 0.391660442096
Q_RUN 1.9 109 40.526275993453673 -6.43038054439e-08 -0 0 1.66533453694e-16 1.02177584427e-17 7
Q_CUTCELL_CFL 1.9 109 0.0324453905862 0.0324453905862 0.128623975293 0 317
SHORE 1.9 109 44.5625 0.00103388790558 0.49634019908
Q_MOMENTUM 1.9 109 0.0370424852021 1.98067866934 1.92030780486 0.435455056113 0.425450165029 1.67244110272 0.00225750250556
AMR_VOLUME_STAGE 1.9 109 0 40.52627599345022 -6.4303890303068338e-08
AMR_VOLUME_STAGE 1.9 109 1 40.52627599345022 -6.4303890303068338e-08
Q_CLEANUP 1.9 109 0 -0
AMR_VOLUME_STAGE 1.9 109 2 40.52627599345022 -6.4303890303068338e-08
POSTADAPT_REPROJECT 1.9 109 32 5.77943281791e-09 1.10533168641e-11 1.14449122054e-10 7.04391520539e-06 7.2486690347e-08 0.000535965732929 0.00854939088663
AMR_VOLUME_STAGE 1.9 109 3 40.52627599345022 -6.4303890303068338e-08
RUN 1.92 110 40.5262759935 0.389450267882
Q_RUN 1.92 110 40.52627599345022 -6.43038906537e-08 -0 0 1.62176316213e-16 1.30104260698e-17 7
Q_CUTCELL_CFL 1.92 110 0.0324554950665 0.0324554950665 0.129439422809 0 316
SHORE 1.92 110 44.5625 0.0010343734686 0.495168394533
Q_MOMENTUM 1.92 110 0.0326866713602 1.92879903007 1.92188070453 0.435432729835 0.42572590753 1.60144850096 0.00226071099431
AMR_VOLUME_STAGE 1.92 110 0 40.526275993447207 -6.4303964642516809e-08
AMR_VOLUME_STAGE 1.92 110 1 40.526275993447207 -6.4303964642516809e-08
Q_CLEANUP 1.92 110 0 -0
AMR_VOLUME_STAGE 1.92 110 2 40.526275993447207 -6.4303964642516809e-08
POSTADAPT_REPROJECT 1.92 110 32 5.52352039279e-09 1.06112225647e-11 1.04853344757e-10 9.47169595858e-06 2.90874233374e-08 0.000545317394664 0.00874366225673
AMR_VOLUME_STAGE 1.92 110 3 40.526275993447207 -6.4303964642516809e-08
RUN 1.94 111 40.5262759934 0.384816375211
Q_RUN 1.94 111 40.526275993447207 -6.43039649932e-08 -0 0 1.66533453694e-16 2.10335221462e-17 8
Q_CUTCELL_CFL 1.94 111 0.0324949652226 0.0324949652226 0.130230154363 0 316
SHORE 1.94 111 44.5625 0.00103364725718 0.49384944951
Q_MOMENTUM 1.94 111 0.0206549073004 1.96537315913 1.95479174587 0.435652283287 0.42602731787 1.54663370988 0.00225704542421
AMR_VOLUME_STAGE 1.94 111 0 40.526275993444195 -6.4304038981965266e-08
AMR_VOLUME_STAGE 1.94 111 1 40.526275993444195 -6.4304038981965266e-08
Q_CLEANUP 1.94 111 0 -0
AMR_VOLUME_STAGE 1.94 111 2 40.526275993444195 -6.4304038981965266e-08
POSTADAPT_REPROJECT 1.94 111 32 5.18246265517e-09 9.99747483234e-12 9.61192930804e-11 8.06226719433e-06 8.66430631147e-08 0.000550661378643 0.00884599908043
AMR_VOLUME_STAGE 1.94 111 3 40.526275993444195 -6.4304038981965266e-08
RUN 1.96 112 40.5262759934 0.386478093074
Q_RUN 1.96 112 40.526275993444195 -6.43040393326e-08 -0 0 1.66533453694e-16 1.64798730218e-17 6
Q_CUTCELL_CFL 1.96 112 0.032553830939 0.032553830939 0.131574110902 0 317
SHORE 1.96 112 44.5625 0.00103301142762 0.492314154149
Q_MOMENTUM 1.96 112 0.0210904675137 2.00208895171 1.99932676052 0.436281511871 0.426433918636 1.62844659689 0.00225443112412
AMR_VOLUME_STAGE 1.96 112 0 40.526275993441452 -6.4304106658916001e-08
AMR_VOLUME_STAGE 1.96 112 1 40.526275993441452 -6.4304106658916001e-08
Q_CLEANUP 1.96 112 0 -0
AMR_VOLUME_STAGE 1.96 112 2 40.526275993441452 -6.4304106658916001e-08
POSTADAPT_REPROJECT 1.96 112 32 4.92508176393e-09 9.5398877267e-12 8.97340535211e-11 8.04340859265e-06 3.55266883471e-08 0.000558501522456 0.00890366222106
AMR_VOLUME_STAGE 1.96 112 3 40.526275993441452 -6.4304106658916001e-08
RUN 1.98 113 40.5262759934 0.392445935013
Q_RUN 1.98 113 40.526275993441452 -6.43041070096e-08 -0 0 1.66533453694e-16 1.84314369323e-17 7
Q_CUTCELL_CFL 1.98 113 0.0323304131386 0.0323304131386 0.131658883931 0 317
SHORE 1.98 113 44.5625 0.00103293835205 0.49112225428
Q_MOMENTUM 1.98 113 0.046184806724 2.00617730559 1.89327608115 0.437595317893 0.426706172904 1.69394956004 0.00222723801724
AMR_VOLUME_STAGE 1.98 113 0 40.526275993438695 -6.4304174686524506e-08
AMR_VOLUME_STAGE 1.98 113 1 40.526275993438695 -6.4304174686524506e-08
Q_CLEANUP 1.98 113 0 -0
AMR_VOLUME_STAGE 1.98 113 2 40.526275993438695 -6.4304174686524506e-08
POSTADAPT_REPROJECT 1.98 113 31 9.6527520066e-09 1.87564567375e-11 1.72400496656e-10 8.00844623398e-06 6.99597013552e-08 0.000566388549509 0.00897066339718
AMR_VOLUME_STAGE 1.98 113 3 40.526275993438695 -6.4304174686524506e-08
RUN 2 114 40.5262759934 0.389683504841
Q_RUN 2 114 40.526275993438695 -6.43041750372e-08 -0 0 1.66099772825e-16 1.73404584962e-17 9
Q_CUTCELL_CFL 2 114 0.0323978969065 0.0323978969065 0.132837191244 0 317
SHORE 2 114 44.5625 0.00103289535085 0.4904280782
Q_MOMENTUM 2 114 0.0327611988468 1.9978970229 1.91361379996 0.437150202034 0.427007748406 1.62109830322 0.0022394166219
AMR_VOLUME_STAGE 2 114 0 40.52627599344396 -6.4304044767818577e-08
AMR_VOLUME_STAGE 2 114 1 40.52627599344396 -6.4304044767818577e-08
Q_CLEANUP 2 114 0 -0
AMR_VOLUME_STAGE 2 114 2 40.52627599344396 -6.4304044767818577e-08
POSTADAPT_REPROJECT 2 114 31 8.35074809102e-09 1.65838857519e-11 1.46447506899e-10 9.34303563676e-06 1.32263850137e-08 0.000578118599681 0.00933933855777
AMR_VOLUME_STAGE 2 114 3 40.52627599344396 -6.4304044767818577e-08
RUN 2.02 115 40.5262759934 0.385654725
Q_RUN 2.02 115 40.52627599344396 -6.43040451185e-08 -0 0 1.66533453694e-16 2.34187669257e-17 8
Q_CUTCELL_CFL 2.02 115 0.0324672602036 0.0324672602036 0.13458691306 0 316
SHORE 2.02 115 44.5625 0.00103237357443 0.489393021788
Q_MOMENTUM 2.02 115 0.0211210981943 1.99842201816 1.99201640812 0.437460756369 0.42735776167 1.56196495553 0.00224827451715
AMR_VOLUME_STAGE 2.02 115 0 40.52627599344882 -6.4303924842859252e-08
AMR_VOLUME_STAGE 2.02 115 1 40.52627599344882 -6.4303924842859252e-08
Q_CLEANUP 2.02 115 0 -0
AMR_VOLUME_STAGE 2.02 115 2 40.52627599344882 -6.4303924842859252e-08
POSTADAPT_REPROJECT 2.02 115 31 7.97029103692e-09 1.58485443278e-11 1.36425482022e-10 8.41583057672e-06 1.08240166765e-07 0.000571885127745 0.00968588844654
AMR_VOLUME_STAGE 2.02 115 3 40.52627599344882 -6.4303924842859252e-08
RUN 2.04 116 40.5262759934 0.387702259821
Q_RUN 2.04 116 40.52627599344882 -6.43039251935e-08 -0 0 1.66533453694e-16 2.05998412772e-17 7
Q_CUTCELL_CFL 2.04 116 0.0322200648745 0.0322200648745 0.13491952314 0 316
SHORE 2.04 116 44.5625 0.00103164918929 0.488175223423
Q_MOMENTUM 2.04 116 0.0339658658012 2.02901514551 1.94065833547 0.437953013599 0.427728130704 1.73706384285 0.00223554105908
AMR_VOLUME_STAGE 2.04 116 0 40.526275993453467 -6.4303810177766557e-08
AMR_VOLUME_STAGE 2.04 116 1 40.526275993453467 -6.4303810177766557e-08
Q_CLEANUP 2.04 116 0 -0
AMR_VOLUME_STAGE 2.04 116 2 40.526275993453467 -6.4303810177766557e-08
POSTADAPT_REPROJECT 2.04 116 31 7.63362820022e-09 1.51691953163e-11 1.2817633066e-10 8.49060951228e-06 6.20042936114e-08 0.000578923929951 0.0100198020562
AMR_VOLUME_STAGE 2.04 116 3 40.526275993453467 -6.4303810177766557e-08
RUN 2.06 117 40.5262759935 0.392624579804
Q_RUN 2.06 117 40.526275993453467 -6.43038105284e-08 -0 0 1.66533453694e-16 2.27682456222e-17 9
Q_CUTCELL_CFL 2.06 117 0.0321686340131 0.0321686340131 0.13595224731 0 315
SHORE 2.06 117 44.5625 0.00103131386577 0.48661279618
Q_MOMENTUM 2.06 117 0.0245375406789 2.11703714639 2.00927327585 0.439295306369 0.428117995149 1.70046597631 0.00232481397431
AMR_VOLUME_STAGE 2.06 117 0 40.526275993457766 -6.4303704103789385e-08
AMR_VOLUME_STAGE 2.06 117 1 40.526275993457766 -6.4303704103789385e-08
Q_CLEANUP 2.06 117 0 -0
AMR_VOLUME_STAGE 2.06 117 2 40.526275993457766 -6.4303704103789385e-08
POSTADAPT_REPROJECT 2.06 117 31 7.47778592139e-09 1.48449613321e-11 1.24955788772e-10 8.50669597955e-06 1.34691024192e-07 0.000586061672869 0.0103342655789
AMR_VOLUME_STAGE 2.06 117 3 40.526275993457766 -6.4303704103789385e-08
RUN 2.08 118 40.5262759935 0.389374453915
Q_RUN 2.08 118 40.526275993457766 -6.43037044544e-08 -0 0 1.66533453694e-16 1.73472347598e-17 9
Q_CUTCELL_CFL 2.08 118 0.0314425729159 0.0314425729159 0.134547612624 0 315
SHORE 2.08 118 44.5625 0.00103139954006 0.485818395927
Q_MOMENTUM 2.08 118 0.0233178125851 2.08745952811 2.03482634301 0.439629314015 0.428479915268 1.63027671661 0.00230417785451
AMR_VOLUME_STAGE 2.08 118 0 40.526275993462171 -6.4303595399878886e-08
AMR_VOLUME_STAGE 2.08 118 1 40.526275993462171 -6.4303595399878886e-08
Q_CLEANUP 2.08 118 0 -0
AMR_VOLUME_STAGE 2.08 118 2 40.526275993462171 -6.4303595399878886e-08
POSTADAPT_REPROJECT 2.08 118 31 7.13318791495e-09 1.40636628615e-11 1.1779129061e-10 7.77673996474e-06 4.04350304875e-08 0.000594604868996 0.0106369444806
AMR_VOLUME_STAGE 2.08 118 3 40.526275993462171 -6.4303595399878886e-08
RUN 2.1 119 40.5262759935 0.38842236052
Q_RUN 2.1 119 40.526275993462171 -6.43035957505e-08 -0 0 1.65286621195e-16 1.95156391047e-17 10
Q_CUTCELL_CFL 2.1 119 0.0308078999839 0.0308078999839 0.133449625269 0 315
SHORE 2.1 119 44.5625 0.00103004187281 0.484962928055
Q_MOMENTUM 2.1 119 0.0219531967804 2.07396398553 2.05526975442 0.4394309997 0.428835239029 1.57408636138 0.00234595863833
AMR_VOLUME_STAGE 2.1 119 0 40.526275993466285 -6.430349388445279e-08
AMR_VOLUME_STAGE 2.1 119 1 40.526275993466285 -6.430349388445279e-08
Q_CLEANUP 2.1 119 0 -0
AMR_VOLUME_STAGE 2.1 119 2 40.526275993466285 -6.430349388445279e-08
POSTADAPT_REPROJECT 2.1 119 31 6.78744145345e-09 1.334307169e-11 1.11069750619e-10 8.46577201947e-06 7.42644694064e-08 0.000580167692985 0.0104065370519
AMR_VOLUME_STAGE 2.1 119 3 40.526275993466285 -6.430349388445279e-08
RUN 2.12 120 40.5262759935 0.392528296735
Q_RUN 2.12 120 40.526275993466285 -6.43034942351e-08 -0 0 1.66533453694e-16 2.4726612266e-17 14
Q_CUTCELL_CFL 2.12 120 0.0308086425049 0.0308086425049 0.134955297093 0 315
SHORE 2.12 120 44.5625 0.00102993340331 0.484185099615
Q_MOMENTUM 2.12 120 0.0504403795724 2.11368017942 2.03980410658 0.440532859693 0.429143908042 1.73343325589 0.00233877497591
AMR_VOLUME_STAGE 2.12 120 0 40.5262759934703 -6.4303394823631124e-08
AMR_VOLUME_STAGE 2.12 120 1 40.5262759934703 -6.4303394823631124e-08
Q_CLEANUP 2.12 120 0 -0
AMR_VOLUME_STAGE 2.12 120 2 40.5262759934703 -6.4303394823631124e-08
POSTADAPT_REPROJECT 2.12 120 31 6.36376360668e-09 1.24534421168e-11 1.02932481982e-10 8.49153156033e-06 6.18268883278e-08 0.000588356689803 0.0112636395942
AMR_VOLUME_STAGE 2.12 120 3 40.5262759934703 -6.4303394823631124e-08
RUN 2.14 121 40.5262759935 0.392148299879
Q_RUN 2.14 121 40.5262759934703 -6.43033951743e-08 -0 0 1.66533453694e-16 3.16587034366e-17 12
Q_CUTCELL_CFL 2.14 121 0.0307429968254 0.0307429968254 0.13609994271 0 315
SHORE 2.14 121 44.5625 0.00102918693001 0.483009530283
Q_MOMENTUM 2.14 121 0.0227327769069 2.19930120781 2.08079677323 0.440598189227 0.429358668271 1.69445335792 0.00242222071493
AMR_VOLUME_STAGE 2.14 121 0 40.526275993473902 -6.4303305931884961e-08
AMR_VOLUME_STAGE 2.14 121 1 40.526275993473902 -6.4303305931884961e-08
Q_CLEANUP 2.14 121 0 -0
AMR_VOLUME_STAGE 2.14 121 2 40.526275993473902 -6.4303305931884961e-08
POSTADAPT_REPROJECT 2.14 121 31 6.18820042376e-09 1.21798055062e-11 1.00027833239e-10 8.49426309289e-06 1.70857669577e-07 0.000584785629566 0.0115205259426
AMR_VOLUME_STAGE 2.14 121 3 40.526275993473902 -6.4303305931884961e-08
RUN 2.16 122 40.5262759935 0.390369634006
Q_RUN 2.16 122 40.526275993473902 -6.43033062825e-08 -0 0 1.66533453694e-16 2.52483580918e-17 12
Q_CUTCELL_CFL 2.16 122 0.0293343329404 0.0293343329404 0.131114860782 0 315
SHORE 2.16 122 44.5625 0.0010288195778 0.482609567767
Q_MOMENTUM 2.16 122 0.0253455134056 2.15240106288 2.14658057877 0.441207108317 0.429735892198 1.62772926546 0.00245642397429
AMR_VOLUME_STAGE 2.16 122 0 40.526275993477626 -6.4303214059547699e-08
AMR_VOLUME_STAGE 2.16 122 1 40.526275993477626 -6.4303214059547699e-08
Q_CLEANUP 2.16 122 0 -0
AMR_VOLUME_STAGE 2.16 122 2 40.526275993477626 -6.4303214059547699e-08
POSTADAPT_REPROJECT 2.16 122 31 6.44100239264e-09 1.15206408727e-11 9.42963901407e-11 6.55144086883e-06 8.29906011621e-08 0.0005855371218 0.0117490330944
AMR_VOLUME_STAGE 2.16 122 3 40.526275993477626 -6.4303214059547699e-08
RUN 2.18 123 40.5262759935 0.391351290993
Q_RUN 2.18 123 40.526275993477626 -6.43032144102e-08 -0 0 1.66533453694e-16 2.71050543121e-17 13
Q_CUTCELL_CFL 2.18 123 0.0291980143393 0.0291980143393 0.131618108503 0 315
SHORE 2.18 123 44.5625 0.00102866822884 0.481050585308
Q_MOMENTUM 2.18 123 0.0231007647123 2.17935734652 2.1463343971 0.441194537185 0.429996499531 1.75056569094 0.00247283943847
AMR_VOLUME_STAGE 2.18 123 0 40.526275993481072 -6.4303129025037071e-08
AMR_VOLUME_STAGE 2.18 123 1 40.526275993481072 -6.4303129025037071e-08
Q_CLEANUP 2.18 123 0 -0
AMR_VOLUME_STAGE 2.18 123 2 40.526275993481072 -6.4303129025037071e-08
POSTADAPT_REPROJECT 2.18 123 31 5.83914078385e-09 1.11546020491e-11 9.05235053583e-11 1.18754250593e-05 1.2847489989e-07 0.000559920517383 0.010239546895
AMR_VOLUME_STAGE 2.18 123 3 40.526275993481072 -6.4303129025037071e-08
RUN 2.2 124 40.5262759935 0.397742207735
Q_RUN 2.2 124 40.526275993481072 -6.43031293757e-08 -0 0 1.66533453694e-16 9.54097911787e-18 4
Q_CUTCELL_CFL 2.2 124 0.0292305618122 0.0292305618122 0.1326293614 0 316
SHORE 2.2 124 44.5625 0.00102927069494 0.480187286068
Q_MOMENTUM 2.2 124 0.0420926672537 2.24846796983 2.13294659134 0.441804641311 0.430210851209 1.71689472965 0.00246409532373
AMR_VOLUME_STAGE 2.2 124 0 40.526275993484411 -6.4303046620459758e-08
AMR_VOLUME_STAGE 2.2 124 1 40.526275993484411 -6.4303046620459758e-08
Q_CLEANUP 2.2 124 0 -0
AMR_VOLUME_STAGE 2.2 124 2 40.526275993484411 -6.4303046620459758e-08
POSTADAPT_REPROJECT 2.2 124 31 5.92864513324e-09 1.07414864691e-11 8.67704883639e-11 9.99941852493e-06 1.00267682154e-07 0.000563780423772 0.0113284875072
AMR_VOLUME_STAGE 2.2 124 3 40.526275993484411 -6.4303046620459758e-08
RUN 2.22 125 40.5262759935 0.393522269536
Q_RUN 2.22 125 40.526275993484411 -6.43030469711e-08 -0 0 1.66533453694e-16 2.69966340949e-17 11
Q_CUTCELL_CFL 2.22 125 0.0293218641237 0.0293218641237 0.133801549259 0 315
SHORE 2.22 125 44.5625 0.00102773512193 0.479368727925
Q_MOMENTUM 2.22 125 0.0221295838919 2.25764105808 2.18616711224 0.441525884569 0.430449224875 1.64777410866 0.00251201122875
AMR_VOLUME_STAGE 2.22 125 0 40.526275993487637 -6.4302967021144645e-08
AMR_VOLUME_STAGE 2.22 125 1 40.526275993487637 -6.4302967021144645e-08
Q_CLEANUP 2.22 125 0 -0
AMR_VOLUME_STAGE 2.22 125 2 40.526275993487637 -6.4302967021144645e-08
POSTADAPT_REPROJECT 2.22 125 31 5.9105884396e-09 1.05631560227e-11 8.53706415456e-11 9.79288840467e-06 1.62842999445e-07 0.000562581411656 0.0115375080915
AMR_VOLUME_STAGE 2.22 125 3 40.526275993487637 -6.4302967021144645e-08
RUN 2.24 126 40.5262759935 0.391704735597
Q_RUN 2.24 126 40.526275993487637 -6.43029673718e-08 -0 0 1.66533453694e-16 2.12503625807e-17 8
Q_CUTCELL_CFL 2.24 126 0.0282465908269 0.0282465908269 0.129610408117 0 316
SHORE 2.24 126 44.5625 0.00103103554776 0.479252563381
Q_MOMENTUM 2.24 126 0.0224392183606 2.25430851961 2.24346259953 0.442036345229 0.430706689801 1.53882552683 0.00258078208781
AMR_VOLUME_STAGE 2.24 126 0 40.526275993490849 -6.4302887772487315e-08
AMR_VOLUME_STAGE 2.24 126 1 40.526275993490849 -6.4302887772487315e-08
Q_CLEANUP 2.24 126 0 -0
AMR_VOLUME_STAGE 2.24 126 2 40.526275993490849 -6.4302887772487315e-08
POSTADAPT_REPROJECT 2.24 126 31 5.45235153069e-09 9.92648789457e-12 7.97242844658e-11 1.3664182408e-05 5.65552231753e-08 0.000564113442075 0.0116488003371
AMR_VOLUME_STAGE 2.24 126 3 40.526275993490849 -6.4302887772487315e-08
RUN 2.26 127 40.5262759935 0.391391049801
Q_RUN 2.26 127 40.526275993490849 -6.43028881231e-08 -0 0 1.66533453694e-16 2.32019264912e-17 11
Q_CUTCELL_CFL 2.26 127 0.0280242627258 0.0280242627258 0.129289225608 0 315
SHORE 2.26 127 44.5625 0.00102642145564 0.478307129268
Q_MOMENTUM 2.26 127 0.0329843354173 2.27766405159 2.2399444599 0.441950451392 0.430841449189 1.63713968727 0.00259376909156
AMR_VOLUME_STAGE 2.26 127 0 40.526275993493861 -6.4302813433038845e-08
AMR_VOLUME_STAGE 2.26 127 1 40.526275993493861 -6.4302813433038845e-08
Q_CLEANUP 2.26 127 0 -0
AMR_VOLUME_STAGE 2.26 127 2 40.526275993493861 -6.4302813433038845e-08
POSTADAPT_REPROJECT 2.26 127 31 5.19421014863e-09 9.49876647022e-12 7.56413490871e-11 8.52073581318e-06 1.92978282343e-07 0.000555707008262 0.0116446820237
AMR_VOLUME_STAGE 2.26 127 3 40.526275993493861 -6.4302813433038845e-08
RUN 2.28 128 40.5262759935 0.39275523763
Q_RUN 2.28 128 40.526275993493861 -6.43028137837e-08 -0 0 1.66533453694e-16 3.03576608296e-17 10
Q_CUTCELL_CFL 2.28 128 0.0280543103807 0.0280543103807 0.12982546279 0 315
SHORE 2.28 128 44.5625 0.00102207371964 0.477450745812
Q_MOMENTUM 2.28 128 0.0278666071457 2.3584738715 2.2194738376 0.442362117153 0.4312306579 1.61415268566 0.00259005886456
AMR_VOLUME_STAGE 2.28 128 0 40.526275993496689 -6.4302743652141463e-08
AMR_VOLUME_STAGE 2.28 128 1 40.526275993496689 -6.4302743652141463e-08
Q_CLEANUP 2.28 128 0 -0
AMR_VOLUME_STAGE 2.28 128 2 40.526275993496689 -6.4302743652141463e-08
POSTADAPT_REPROJECT 2.28 128 31 5.13305554512e-09 9.43265195367e-12 7.42947110083e-11 9.93097600885e-06 1.03013230185e-07 0.000550290454056 0.0116819599308
AMR_VOLUME_STAGE 2.28 128 3 40.526275993496689 -6.4302743652141463e-08
RUN 2.3 129 40.5262759935 0.388899259274
Q_RUN 2.3 129 40.526275993496689 -6.43027440028e-08 -0 0 1.65232411087e-16 4.46691295064e-17 15
Q_CUTCELL_CFL 2.3 129 0.0281134470167 0.0281134470167 0.130395359142 0 315
SHORE 2.3 129 44.5625 0.00100999096102 0.47664795898
Q_MOMENTUM 2.3 129 0.0213241422091 2.2870355564 2.26409119243 0.442149388664 0.431545043234 1.56743535342 0.00260178609307
AMR_VOLUME_STAGE 2.3 129 0 40.526275993499674 -6.4302670014008546e-08
AMR_VOLUME_STAGE 2.3 129 1 40.526275993499674 -6.4302670014008546e-08
Q_CLEANUP 2.3 129 0 -0
AMR_VOLUME_STAGE 2.3 129 2 40.526275993499674 -6.4302670014008546e-08
POSTADAPT_REPROJECT 2.3 129 31 4.84426591718e-09 9.11958520284e-12 7.13785905382e-11 9.95906738115e-06 1.05146307563e-07 0.000550406065359 0.011645179489
AMR_VOLUME_STAGE 2.3 129 3 40.526275993499674 -6.4302670014008546e-08
RUN 2.32 130 40.5262759935 0.388384856765
Q_RUN 2.32 130 40.526275993499674 -6.43026703647e-08 -0 0 1.66533453694e-16 1.39862080251e-17 5
Q_CUTCELL_CFL 2.32 130 0.027739877318 0.027739877318 0.128918853364 0 315
SHORE 2.32 130 44.5625 0.000997021683717 0.475830586509
Q_MOMENTUM 2.32 130 0.0241063496939 2.29646265825 2.27981925346 0.442625041815 0.431744311641 1.50910394446 0.00263805574306
AMR_VOLUME_STAGE 2.32 130 0 40.526275993502431 -6.4302601986400041e-08
AMR_VOLUME_STAGE 2.32 130 1 40.526275993502431 -6.4302601986400041e-08
Q_CLEANUP 2.32 130 0 -0
AMR_VOLUME_STAGE 2.32 130 2 40.526275993502431 -6.4302601986400041e-08
POSTADAPT_REPROJECT 2.32 130 31 5.21964493809e-09 8.38182489605e-12 6.50139247993e-11 9.92512699585e-06 9.28512289843e-08 0.000551209412981 0.0115961691576
AMR_VOLUME_STAGE 2.32 130 3 40.526275993502431 -6.4302601986400041e-08
RUN 2.34 131 40.5262759935 0.387635895625
Q_RUN 2.34 131 40.526275993502431 -6.43026023371e-08 -0 0 1.66533453694e-16 1.60461921528e-17 6
Q_CUTCELL_CFL 2.34 131 0.0277093262575 0.0277093262575 0.128997985989 0 315
SHORE 2.34 131 44.5625 0.000986890145167 0.47580477985
Q_MOMENTUM 2.34 131 0.0213435186343 2.30757114941 2.23212070485 0.442198629303 0.431926428474 1.49182494495 0.00262442670835
AMR_VOLUME_STAGE 2.34 131 0 40.526275993505003 -6.4302538517342613e-08
AMR_VOLUME_STAGE 2.34 131 1 40.526275993505003 -6.4302538517342613e-08
Q_CLEANUP 2.34 131 0 -0
AMR_VOLUME_STAGE 2.34 131 2 40.526275993505003 -6.4302538517342613e-08
POSTADAPT_REPROJECT 2.34 131 31 5.43957910621e-09 7.73229392808e-12 5.94843341251e-11 9.85414609437e-06 1.81089090721e-07 0.000552391689849 0.011521334816
AMR_VOLUME_STAGE 2.34 131 3 40.526275993505003 -6.4302538517342613e-08
RUN 2.36 132 40.5262759935 0.388532422611
Q_RUN 2.36 132 40.526275993505003 -6.4302538868e-08 -0 0 1.66533453694e-16 3.37186875643e-17 14
Q_CUTCELL_CFL 2.36 132 0.0277523824355 0.0277523824355 0.129411209127 0 315
SHORE 2.36 132 44.5625 0.000975262156749 0.475726901512
Q_MOMENTUM 2.36 132 0.0329066769869 2.24828674249 2.24764039883 0.443431154301 0.432383531706 1.51328325713 0.00264063004404
AMR_VOLUME_STAGE 2.36 132 0 40.526275993507419 -6.4302478905520734e-08
AMR_VOLUME_STAGE 2.36 132 1 40.526275993507419 -6.4302478905520734e-08
Q_CLEANUP 2.36 132 0 -0
AMR_VOLUME_STAGE 2.36 132 2 40.526275993507419 -6.4302478905520734e-08
POSTADAPT_REPROJECT 2.36 132 31 5.56381812806e-09 7.28948156296e-12 5.56994173007e-11 1.30991011567e-05 9.52332454864e-08 0.000556768384545 0.0114307604413
AMR_VOLUME_STAGE 2.36 132 3 40.526275993507419 -6.4302478905520734e-08
RUN 2.38 133 40.5262759935 0.386989877463
Q_RUN 2.38 133 40.526275993507419 -6.43024792562e-08 -0 0 1.66533453694e-16 2.12503625807e-17 11
Q_CUTCELL_CFL 2.38 133 0.0277800059366 0.0277800059366 0.12962853506 0 315
SHORE 2.38 133 44.5625 0.000964092535757 0.474568496176
Q_MOMENTUM 2.38 133 0.0221957233002 2.27045545583 2.25111404111 0.443551905491 0.432800207939 1.52545215004 0.0026418521906
AMR_VOLUME_STAGE 2.38 133 0 40.526275993509664 -6.4302423501592161e-08
AMR_VOLUME_STAGE 2.38 133 1 40.526275993509664 -6.4302423501592161e-08
Q_CLEANUP 2.38 133 0 -0
AMR_VOLUME_STAGE 2.38 133 2 40.526275993509664 -6.4302423501592161e-08
POSTADAPT_REPROJECT 2.38 133 31 5.34225251497e-09 6.71620458234e-12 5.05624986324e-11 1.10912742163e-05 2.50702969537e-07 0.000546067413901 0.0113155313011
AMR_VOLUME_STAGE 2.38 133 3 40.526275993509664 -6.4302423501592161e-08
RUN 2.4 134 40.5262759935 0.386038709034
Q_RUN 2.4 134 40.526275993509664 -6.43024238522e-08 -0 0 1.66533453694e-16 2.66713734431e-17 12
Q_CUTCELL_CFL 2.4 134 0.0277877866854 0.0277877866854 0.129429529802 0 314
SHORE 2.4 134 44.5625 0.000956181751972 0.474333466817
Q_MOMENTUM 2.4 134 0.0232824698378 2.29419607809 2.26488271628 0.44448908628 0.433206891795 1.52862133455 0.00266439826865
AMR_VOLUME_STAGE 2.4 134 0 40.526275993511788 -6.4302371078254672e-08
AMR_VOLUME_STAGE 2.4 134 1 40.526275993511788 -6.4302371078254672e-08
Q_CLEANUP 2.4 134 0 -0
AMR_VOLUME_STAGE 2.4 134 2 40.526275993511788 -6.4302371078254672e-08
POSTADAPT_REPROJECT 2.4 134 31 4.98531511862e-09 6.29284142284e-12 4.65683602791e-11 1.10379137516e-05 4.46850206281e-08 0.000548910316175 0.0111871708624
AMR_VOLUME_STAGE 2.4 134 3 40.526275993511788 -6.4302371078254672e-08
RUN 2.42 135 40.5262759935 0.385529869439
Q_RUN 2.42 135 40.526275993511788 -6.43023714289e-08 -0 0 1.66533453694e-16 2.79724160501e-17 11
Q_CUTCELL_CFL 2.42 135 0.0277204395413 0.0277204395413 0.128989657727 0 314
SHORE 2.42 135 44.5625 0.000942641385529 0.475456106829
Q_MOMENTUM 2.42 135 0.0219218032934 2.27746473788 2.27965390055 0.444040002507 0.433587910766 1.50581109173 0.00268085816306
AMR_VOLUME_STAGE 2.42 135 0 40.526275993513806 -6.4302321284850512e-08
AMR_VOLUME_STAGE 2.42 135 1 40.526275993513806 -6.4302321284850512e-08
Q_CLEANUP 2.42 135 0 -0
AMR_VOLUME_STAGE 2.42 135 2 40.526275993513806 -6.4302321284850512e-08
POSTADAPT_REPROJECT 2.42 135 31 5.45472951019e-09 6.41069260938e-12 4.68300120904e-11 1.09397814845e-05 6.8808337567e-08 0.000551318686161 0.01103395806
AMR_VOLUME_STAGE 2.42 135 3 40.526275993513806 -6.4302321284850512e-08
RUN 2.44 136 40.5262759935 0.385744144442
Q_RUN 2.44 136 40.526275993513806 -6.43023216355e-08 -0 0 1.66533453694e-16 1.34441069388e-17 9
Q_CUTCELL_CFL 2.44 136 0.0275486630153 0.0275486630153 0.12800106806 0 314
SHORE 2.44 136 44.5625 0.000934899793743 0.476620861224
Q_MOMENTUM 2.44 136 0.0240321572039 2.28870344795 2.29382294578 0.445054093108 0.433994529235 1.56712158707 0.00269583740989
AMR_VOLUME_STAGE 2.44 136 0 40.526275993515746 -6.4302273420064113e-08
AMR_VOLUME_STAGE 2.44 136 1 40.526275993515746 -6.4302273420064113e-08
Q_CLEANUP 2.44 136 0 -0
AMR_VOLUME_STAGE 2.44 136 2 40.526275993515746 -6.4302273420064113e-08
POSTADAPT_REPROJECT 2.44 136 31 6.14992785842e-09 6.00124053481e-12 4.30589452982e-11 1.08559049677e-05 7.95533378419e-08 0.000546369771047 0.0107407479751
AMR_VOLUME_STAGE 2.44 136 3 40.526275993515746 -6.4302273420064113e-08
RUN 2.46 137 40.5262759935 0.385638375158
Q_RUN 2.46 137 40.526275993515746 -6.43022737707e-08 -0 0 1.66533453694e-16 2.95987193089e-17 11
Q_CUTCELL_CFL 2.46 137 0.0274452663784 0.0274452663784 0.127357045193 0 314
SHORE 2.46 137 44.5625 0.000920432636053 0.477370575794
Q_MOMENTUM 2.46 137 0.0246313541483 2.30554399208 2.2916556975 0.445066619335 0.434480347684 1.56735101384 0.00269095961582
AMR_VOLUME_STAGE 2.46 137 0 40.526275993517771 -6.4302223451331054e-08
AMR_VOLUME_STAGE 2.46 137 1 40.526275993517771 -6.4302223451331054e-08
Q_CLEANUP 2.46 137 0 -0
AMR_VOLUME_STAGE 2.46 137 2 40.526275993517771 -6.4302223451331054e-08
POSTADAPT_REPROJECT 2.46 137 30 9.41564610212e-09 9.02477910664e-12 6.43550907009e-11 1.07873240191e-05 1.02339893598e-07 0.000538193532534 0.0106601477716
AMR_VOLUME_STAGE 2.46 137 3 40.526275993517771 -6.4302223451331054e-08
RUN 2.48 138 40.5262759935 0.386843552847
Q_RUN 2.48 138 40.526275993517771 -6.4302223802e-08 -0 0 1.66533453694e-16 2.01661604082e-17 10
Q_CUTCELL_CFL 2.48 138 0.0274373252162 0.0274373252162 0.127057447701 0 314
SHORE 2.48 138 44.5625 0.000909154419445 0.477713357203
Q_MOMENTUM 2.48 138 0.0239540351515 2.31341749859 2.29424908362 0.446003460545 0.435111386608 1.55808235877 0.00269895542906
AMR_VOLUME_STAGE 2.48 138 0 40.526275993514986 -6.4302292180255112e-08
AMR_VOLUME_STAGE 2.48 138 1 40.526275993514986 -6.4302292180255112e-08
Q_CLEANUP 2.48 138 0 -0
AMR_VOLUME_STAGE 2.48 138 2 40.526275993514986 -6.4302292180255112e-08
POSTADAPT_REPROJECT 2.48 138 31 5.62263207888e-09 5.35515712655e-12 3.75726533219e-11 7.49225302272e-06 6.66806050439e-08 0.000539694499451 0.0106421737003
AMR_VOLUME_STAGE 2.48 138 3 40.526275993514986 -6.4302292180255112e-08
RUN 2.5 139 40.5262759935 0.386543629942
Q_RUN 2.5 139 40.526275993514986 -6.43022925309e-08 -0 0 1.66533453694e-16 2.55871712707e-17 10
Q_CUTCELL_CFL 2.5 139 0.0273633989559 0.0273633989559 0.12635164313 0 313
SHORE 2.5 139 44.8125 0.000897256244163 0.476828735743
Q_MOMENTUM 2.5 139 0.0218768793312 2.31414175548 2.30908879874 0.446043865421 0.435553267019 1.67315676075 0.00271570755461
AMR_VOLUME_STAGE 2.5 139 0 40.526275993516535 -6.430225395855756e-08
AMR_VOLUME_STAGE 2.5 139 1 40.526275993516535 -6.430225395855756e-08
Q_CLEANUP 2.5 139 0 -0
AMR_VOLUME_STAGE 2.5 139 2 40.526275993516535 -6.430225395855756e-08
POSTADAPT_REPROJECT 2.5 139 31 5.41019006898e-09 5.10851469035e-12 3.55007967467e-11 1.40990874658e-05 9.22896424395e-08 0.00051459484227 0.00928854359391
AMR_VOLUME_STAGE 2.5 139 3 40.526275993516535 -6.430225395855756e-08
RUN 2.52 140 40.5262759935 0.385695343347
Q_RUN 2.52 140 40.526275993516535 -6.43022543092e-08 -0 0 1.66533453694e-16 5.861467995e-18 4
Q_CUTCELL_CFL 2.52 140 0.0271952816645 0.0271952816645 0.124909951548 0 313
SHORE 2.52 140 44.8125 0.000886773001881 0.478001062994
Q_MOMENTUM 2.52 140 0.0221385238035 2.3123026983 2.32233570872 0.446583850917 0.436118595953 1.71669719948 0.00273000834229
AMR_VOLUME_STAGE 2.52 140 0 40.526275993518219 -6.4302212405611127e-08
AMR_VOLUME_STAGE 2.52 140 1 40.526275993518219 -6.4302212405611127e-08
Q_CLEANUP 2.52 140 0 -0
AMR_VOLUME_STAGE 2.52 140 2 40.526275993518219 -6.4302212405611127e-08
POSTADAPT_REPROJECT 2.52 140 31 5.3913848384e-09 5.08097837593e-12 3.47689932401e-11 1.18634957944e-05 6.74111836791e-08 0.000516409559574 0.010083025374
AMR_VOLUME_STAGE 2.52 140 3 40.526275993518219 -6.4302212405611127e-08
RUN 2.54 141 40.5262759935 0.386776718673
Q_RUN 2.54 141 40.526275993518219 -6.43022127563e-08 -0 0 1.65232411087e-16 6.93889390391e-18 2
Q_CUTCELL_CFL 2.54 141 0.0271069112188 0.0271069112188 0.124082017225 0 312
SHORE 2.54 141 44.8125 0.000874217605091 0.479037744234
Q_MOMENTUM 2.54 141 0.0288567832339 2.32676045458 2.31858140963 0.445840352108 0.436434895899 1.64910619229 0.00272397955735
AMR_VOLUME_STAGE 2.54 141 0 40.526275993519818 -6.4302172956611341e-08
AMR_VOLUME_STAGE 2.54 141 1 40.526275993519818 -6.4302172956611341e-08
Q_CLEANUP 2.54 141 0 -0
AMR_VOLUME_STAGE 2.54 141 2 40.526275993519818 -6.4302172956611341e-08
POSTADAPT_REPROJECT 2.54 141 31 5.21290151859e-09 4.89302541009e-12 3.30692834227e-11 1.16171641381e-05 7.48651345561e-08 0.000515550089534 0.0102618499485
AMR_VOLUME_STAGE 2.54 141 3 40.526275993519818 -6.4302172956611341e-08
RUN 2.56 142 40.5262759935 0.389007223713
Q_RUN 2.56 142 40.526275993519818 -6.43021733073e-08 -0 0 1.66533453694e-16 1.77809156288e-17 6
Q_CUTCELL_CFL 2.56 142 0.027108340262 0.027108340262 0.123563520806 0 313
SHORE 2.56 142 44.8125 0.000861166236802 0.480307338165
Q_MOMENTUM 2.56 142 0.0230539640949 2.3377454916 2.3199691033 0.446226354255 0.436720678112 1.74028129687 0.00272391356099
AMR_VOLUME_STAGE 2.56 142 0 40.526275993521317 -6.4302135962215997e-08
AMR_VOLUME_STAGE 2.56 142 1 40.526275993521317 -6.4302135962215997e-08
Q_CLEANUP 2.56 142 0 -0
AMR_VOLUME_STAGE 2.56 142 2 40.526275993521317 -6.4302135962215997e-08
POSTADAPT_REPROJECT 2.56 142 22 3.49920343108e-09 6.1913279454e-12 3.07884820069e-11 1.51163664899e-05 7.80500632398e-08 0.000580418260034 0.0103890936177
AMR_VOLUME_STAGE 2.56 142 3 40.526275993521317 -6.4302135962215997e-08
RUN 2.58 143 40.5262759935 0.386991576383
Q_RUN 2.58 143 40.526275993521317 -6.43021363129e-08 -0 0 1.66533453694e-16 2.05998412772e-17 7
Q_CUTCELL_CFL 2.58 143 0.0270819329675 0.0270819329675 0.123016831604 0 311
SHORE 2.58 143 44.8125 0.00083219544341 0.481150348872
Q_MOMENTUM 2.58 143 0.0197273959713 2.33981463241 2.32945624927 0.446248849402 0.437056522062 1.75306009591 0.00273951048125
AMR_VOLUME_STAGE 2.58 143 0 40.526275993519775 -6.4302174008584677e-08
AMR_VOLUME_STAGE 2.58 143 1 40.526275993519775 -6.4302174008584677e-08
Q_CLEANUP 2.58 143 0 -0
AMR_VOLUME_STAGE 2.58 143 2 40.526275993519775 -6.4302174008584677e-08
POSTADAPT_REPROJECT 2.58 143 21 9.1650094969e-09 1.84646743874e-11 9.30829510692e-11 1.39439752205e-05 8.09157969573e-08 0.000536265446255 0.0104967390999
AMR_VOLUME_STAGE 2.58 143 3 40.526275993519775 -6.4302174008584677e-08
RUN 2.6 144 40.5262759935 0.384415591647
Q_RUN 2.6 144 40.526275993519775 -6.43021743592e-08 -0 0 1.66533453694e-16 2.45029690982e-17 9
Q_CUTCELL_CFL 2.6 144 0.026902892824 0.026902892824 0.121677071313 0 313
SHORE 2.6 144 44.8125 0.000822198365207 0.481622452817
Q_MOMENTUM 2.6 144 0.0195680520215 2.33625271932 2.3446746605 0.446810551138 0.437520374946 1.69808170479 0.00275620560258
AMR_VOLUME_STAGE 2.6 144 0 40.526275993524713 -6.4302052155007578e-08
AMR_VOLUME_STAGE 2.6 144 1 40.526275993524713 -6.4302052155007578e-08
Q_CLEANUP 2.6 144 0 -0
AMR_VOLUME_STAGE 2.6 144 2 40.526275993524713 -6.4302052155007578e-08
POSTADAPT_REPROJECT 2.6 144 21 5.82715504713e-09 1.88914333174e-11 9.6475410126e-11 1.37330737696e-05 5.38528773543e-08 0.000533869371924 0.0106000020505
AMR_VOLUME_STAGE 2.6 144 3 40.526275993524713 -6.4302052155007578e-08
RUN 2.62 145 40.5262759935 0.386059833994
Q_RUN 2.62 145 40.526275993524713 -6.43020525057e-08 -0 0 1.66533453694e-16 2.75416997964e-17 12
Q_CUTCELL_CFL 2.62 145 0.0268026288435 0.0268026288435 0.120650912826 0 310
SHORE 2.62 145 44.8125 0.00081001004909 0.481741315059
Q_MOMENTUM 2.62 145 0.0331871517896 2.35101446899 2.34191418362 0.446949305026 0.43794788953 1.74940207032 0.00275154523057
AMR_VOLUME_STAGE 2.62 145 0 40.526275993529865 -6.4301925041563849e-08
AMR_VOLUME_STAGE 2.62 145 1 40.526275993529865 -6.4301925041563849e-08
Q_CLEANUP 2.62 145 0 -0
AMR_VOLUME_STAGE 2.62 145 2 40.526275993529865 -6.4301925041563849e-08
POSTADAPT_REPROJECT 2.62 145 21 4.70181134857e-09 1.46527311424e-11 6.25431373358e-11 9.45706784277e-06 4.82971079622e-08 0.000541470650517 0.0106929172603
AMR_VOLUME_STAGE 2.62 145 3 40.526275993529865 -6.4301925041563849e-08
RUN 2.64 146 40.5262759935 0.389433119706
Q_RUN 2.64 146 40.526275993529865 -6.43019253922e-08 -0 0 1.66533453694e-16 1.37693675906e-17 6
Q_CUTCELL_CFL 2.64 146 0.0268034409384 0.0268034409384 0.120027833515 0 312
SHORE 2.64 146 44.8125 0.000799535340123 0.481341572342
Q_MOMENTUM 2.64 146 0.0293607149507 2.35713112592 2.33810600238 0.448417294236 0.438194995761 1.73757316344 0.00274835908955
AMR_VOLUME_STAGE 2.64 146 0 40.526275993533311 -6.4301840007053221e-08
AMR_VOLUME_STAGE 2.64 146 1 40.526275993533304 -6.4301840182382106e-08
Q_CLEANUP 2.64 146 3.6212352561e-17 2.31759056391e-15
AMR_VOLUME_STAGE 2.64 146 2 40.526275993533304 -6.4301840182382106e-08
POSTADAPT_REPROJECT 2.64 146 21 4.6075708911e-09 1.52150864643e-11 6.57345566868e-11 3.01425960905e-06 1.07609865413e-08 0.000434416589521 0.00564892319106
AMR_VOLUME_STAGE 2.64 146 3 40.526275993533304 -6.4301840182382106e-08
RUN 2.66 147 40.5262759935 0.38473146417
Q_RUN 2.66 147 40.526275993533304 -6.4301840533e-08 -0 0 1.66533453694e-16 1.14925430283e-17 5
Q_CUTCELL_CFL 2.66 147 0.0268040855763 0.0268040855763 0.119306141385 0 311
SHORE 2.66 147 44.8125 0.000788345528477 0.481636806318
Q_MOMENTUM 2.66 147 0.0213905184098 2.35420506486 2.3460882533 0.447959077998 0.438630935813 1.7122928575 0.00275861499603
AMR_VOLUME_STAGE 2.66 147 0 40.526275993536963 -6.4301749888004836e-08
AMR_VOLUME_STAGE 2.66 147 1 40.526275993536963 -6.4301749888004836e-08
Q_CLEANUP 2.66 147 0 -0
AMR_VOLUME_STAGE 2.66 147 2 40.526275993536963 -6.4301749888004836e-08
POSTADAPT_REPROJECT 2.66 147 21 4.05526789555e-09 1.73749581793e-11 9.23618213161e-11 1.72250475392e-05 5.63921954371e-08 0.000524766487093 0.00906217679335
AMR_VOLUME_STAGE 2.66 147 3 40.526275993536963 -6.4301749888004836e-08
RUN 2.68 148 40.5262759935 0.38393905946
Q_RUN 2.68 148 40.526275993536963 -6.43017502387e-08 -0 0 1.66533453694e-16 2.64206516908e-17 11
Q_CUTCELL_CFL 2.68 148 0.0267080605208 0.0267080605208 0.118064172876 0 313
SHORE 2.68 148 44.8125 0.000776516706834 0.482166645219
Q_MOMENTUM 2.68 148 0.0191815938049 2.35762605624 2.35830739402 0.448196998759 0.439136343677 1.68500688714 0.00277188712963
AMR_VOLUME_STAGE 2.68 148 0 40.526275993541425 -6.4301639781463243e-08
AMR_VOLUME_STAGE 2.68 148 1 40.526275993541425 -6.4301639781463243e-08
Q_CLEANUP 2.68 148 0 -0
AMR_VOLUME_STAGE 2.68 148 2 40.526275993541425 -6.4301639781463243e-08
POSTADAPT_REPROJECT 2.68 148 21 3.83008283491e-09 1.72429482519e-11 9.16213355184e-11 1.50360220651e-05 3.55845393493e-08 0.000531183176695 0.010296876099
AMR_VOLUME_STAGE 2.68 148 3 40.526275993541425 -6.4301639781463243e-08
RUN 2.7 149 40.5262759935 0.386644076373
Q_RUN 2.7 149 40.526275993541425 -6.43016401321e-08 -0 0 1.6588293239e-16 2.61224960933e-17 11
Q_CUTCELL_CFL 2.7 149 0.0266588160464 0.0266588160464 0.117082169273 0 310
SHORE 2.7 149 44.8125 0.000765433328243 0.48241255789
Q_MOMENTUM 2.7 149 0.0401373810444 2.37102311611 2.3550854227 0.448474181181 0.439628443852 1.72438445508 0.00276677351897
AMR_VOLUME_STAGE 2.7 149 0 40.526275993545759 -6.430153283084162e-08
AMR_VOLUME_STAGE 2.7 149 1 40.526275993545759 -6.430153283084162e-08
Q_CLEANUP 2.7 149 0 -0
AMR_VOLUME_STAGE 2.7 149 2 40.526275993545759 -6.430153283084162e-08
POSTADAPT_REPROJECT 2.7 149 21 3.64105904636e-09 1.68329083624e-11 9.00874895515e-11 1.46284611454e-05 5.31351675357e-08 0.00053299490593 0.0104047753908
AMR_VOLUME_STAGE 2.7 149 3 40.526275993545759 -6.430153283084162e-08
RUN 2.72 150 40.5262759935 0.388348968466
Q_RUN 2.72 150 40.526275993545759 -6.43015331815e-08 -0 0 1.66533453694e-16 2.84060969191e-17 13
Q_CUTCELL_CFL 2.72 150 0.0266136492813 0.0266136492813 0.116089213023 0 312
SHORE 2.72 150 44.8125 0.000754524578398 0.482465614218
Q_MOMENTUM 2.72 150 0.0231766983419 2.3752494288 2.37096824457 0.449598922306 0.439772826507 1.63613671843 0.00278818382498
AMR_VOLUME_STAGE 2.72 150 0 40.526275993549881 -6.430143114008664e-08
AMR_VOLUME_STAGE 2.72 150 1 40.526275993549881 -6.430143114008664e-08
Q_CLEANUP 2.72 150 0 -0
AMR_VOLUME_STAGE 2.72 150 2 40.526275993549881 -6.430143114008664e-08
POSTADAPT_REPROJECT 2.72 150 21 4.01780431776e-09 1.65029588874e-11 8.49921643481e-11 1.43323961484e-05 2.76385700896e-08 0.000535304067285 0.0104685633545
AMR_VOLUME_STAGE 2.72 150 3 40.526275993549881 -6.430143114008664e-08
RUN 2.74 151 40.5262759935 0.385235017626
Q_RUN 2.74 151 40.526275993549881 -6.43014314907e-08 -0 0 1.66533453694e-16 1.32272665043e-17 7
Q_CUTCELL_CFL 2.74 151 0.0264218494235 0.0264218494235 0.114440431725 0 310
SHORE 2.74 151 44.8125 0.000744315328567 0.482006426033
Q_MOMENTUM 2.74 151 0.0263319840772 2.38308291722 2.37749702328 0.450054979075 0.439846578492 1.67596066481 0.00279491895399
AMR_VOLUME_STAGE 2.74 151 0 40.526275993553931 -6.4301331202620536e-08
AMR_VOLUME_STAGE 2.74 151 1 40.526275993553931 -6.4301331202620536e-08
Q_CLEANUP 2.74 151 0 -0
AMR_VOLUME_STAGE 2.74 151 2 40.526275993553931 -6.4301331202620536e-08
POSTADAPT_REPROJECT 2.74 151 21 3.87065996203e-09 1.65265808646e-11 8.90624093572e-11 1.40305603865e-05 3.47691817393e-08 0.000538033673052 0.0105087683832
AMR_VOLUME_STAGE 2.74 151 3 40.526275993553931 -6.4301331202620536e-08
RUN 2.76 152 40.5262759936 0.386271127571
Q_RUN 2.76 152 40.526275993553931 -6.43013315533e-08 -0 0 1.66533453694e-16 1.97324795392e-17 7
Q_CUTCELL_CFL 2.76 152 0.0263409584695 0.0263409584695 0.113207465746 0 312
SHORE 2.76 152 44.8125 0.000733672746198 0.480965160539
Q_MOMENTUM 2.76 152 0.0222880790056 2.39332754491 2.378557035 0.449677892256 0.440118078915 1.60788286768 0.00279762739235
AMR_VOLUME_STAGE 2.76 152 0 40.526275993557903 -6.4301233193772193e-08
AMR_VOLUME_STAGE 2.76 152 1 40.526275993557903 -6.4301233193772193e-08
Q_CLEANUP 2.76 152 0 -0
AMR_VOLUME_STAGE 2.76 152 2 40.526275993557903 -6.4301233193772193e-08
POSTADAPT_REPROJECT 2.76 152 21 3.83187670765e-09 1.60923182272e-11 8.48395121517e-11 1.40769271256e-05 2.47915401284e-08 0.000545038399208 0.0106567540323
AMR_VOLUME_STAGE 2.76 152 3 40.526275993557903 -6.4301233193772193e-08
RUN 2.78 153 40.5262759936 0.388071659994
Q_RUN 2.78 153 40.526275993557903 -6.43012335444e-08 -0 0 1.66533453694e-16 4.11996825544e-18 3
Q_CUTCELL_CFL 2.78 153 0.0262948526134 0.0262948526134 0.112039745795 0 310
SHORE 2.78 153 44.8125 0.000722410460215 0.479849051729
Q_MOMENTUM 2.78 153 0.0332025504984 2.39717652884 2.39430779679 0.44978183073 0.440259899033 1.55430124301 0.00281555713001
AMR_VOLUME_STAGE 2.78 153 0 40.526275993561704 -6.430113939281717e-08
AMR_VOLUME_STAGE 2.78 153 1 40.526275993561704 -6.430113939281717e-08
Q_CLEANUP 2.78 153 0 -0
AMR_VOLUME_STAGE 2.78 153 2 40.526275993561704 -6.430113939281717e-08
POSTADAPT_REPROJECT 2.78 153 21 3.83354835116e-09 1.40749164366e-11 5.76275693831e-11 9.63864125189e-06 6.44069964143e-09 0.000552558469412 0.0104781348201
AMR_VOLUME_STAGE 2.78 153 3 40.526275993561704 -6.430113939281717e-08
RUN 2.8 154 40.5262759936 0.388949385501
Q_RUN 2.8 154 40.526275993561704 -6.43011397435e-08 -0 0 1.66533453694e-16 2.61292723569e-17 11
Q_CUTCELL_CFL 2.8 154 0.0261272362257 0.0261272362257 0.110377101287 0 312
SHORE 2.8 154 44.8125 0.000712022366882 0.478806013984
Q_MOMENTUM 2.8 154 0.025876053677 2.41348768026 2.40856772555 0.450312244514 0.440383606556 1.48116963185 0.00283145851987
AMR_VOLUME_STAGE 2.8 154 0 40.526275993564965 -6.4301058916857618e-08
AMR_VOLUME_STAGE 2.8 154 1 40.526275993564965 -6.4301058916857618e-08
Q_CLEANUP 2.8 154 0 -0
AMR_VOLUME_STAGE 2.8 154 2 40.526275993564965 -6.4301058916857618e-08
POSTADAPT_REPROJECT 2.8 154 21 3.88410167831e-09 1.40359482532e-11 5.81647785491e-11 1.16186752153e-06 1.13397097636e-09 0.000460571409622 0.00602989350784
AMR_VOLUME_STAGE 2.8 154 3 40.526275993564965 -6.4301058916857618e-08
RUN 2.82 155 40.5262759936 0.38585274678
Q_RUN 2.82 155 40.526275993564965 -6.43010592675e-08 -0 0 1.66533453694e-16 1.30104260698e-17 6
Q_CUTCELL_CFL 2.82 155 0.0260003526943 0.0260003526943 0.108919674749 0 311
SHORE 2.82 155 44.8125 0.000701857579102 0.477504389772
Q_MOMENTUM 2.82 155 0.0231163145974 2.42796387223 2.40821118531 0.450167793928 0.440630461883 1.48030007695 0.00283157769522
AMR_VOLUME_STAGE 2.82 155 0 40.526275993568021 -6.4300983525435825e-08
AMR_VOLUME_STAGE 2.82 155 1 40.526275993568021 -6.4300983525435825e-08
Q_CLEANUP 2.82 155 0 -0
AMR_VOLUME_STAGE 2.82 155 2 40.526275993568021 -6.4300983525435825e-08
POSTADAPT_REPROJECT 2.82 155 21 3.55933520697e-09 1.61630588329e-11 8.38643672736e-11 1.71453070489e-05 1.79724865735e-08 0.00055784355383 0.00896178692228
AMR_VOLUME_STAGE 2.82 155 3 40.526275993568021 -6.4300983525435825e-08
RUN 2.84 156 40.5262759936 0.383439444712
Q_RUN 2.84 156 40.526275993568021 -6.43009838761e-08 -0 0 1.66533453694e-16 7.8062556419e-18 3
Q_CUTCELL_CFL 2.84 156 0.025971852247 0.025971852247 0.10785729808 0 313
SHORE 2.84 156 44.8125 0.000700070250119 0.475971361762
Q_MOMENTUM 2.84 156 0.0238401204346 2.43236215897 2.4258466809 0.450633673782 0.440755177751 1.42520231313 0.00285236193241
AMR_VOLUME_STAGE 2.84 156 0 40.526275993571886 -6.430088814652081e-08
AMR_VOLUME_STAGE 2.84 156 1 40.526275993571886 -6.430088814652081e-08
Q_CLEANUP 2.84 156 0 -0
AMR_VOLUME_STAGE 2.84 156 2 40.526275993571886 -6.430088814652081e-08
POSTADAPT_REPROJECT 2.84 156 21 4.11076081421e-09 1.66570753485e-11 8.55797711342e-11 1.51404552094e-05 6.84489417754e-08 0.000560353707305 0.0097549058282
AMR_VOLUME_STAGE 2.84 156 3 40.526275993571886 -6.430088814652081e-08
RUN 2.86 157 40.5262759936 0.38131149238
Q_RUN 2.86 157 40.526275993571886 -6.43008884972e-08 -0 0 1.66533453694e-16 2.35000820886e-17 11
Q_CUTCELL_CFL 2.86 157 0.0258112897708 0.0258112897708 0.106214016322 0 311
SHORE 2.86 157 44.8125 0.000699957476603 0.474365810331
Q_MOMENTUM 2.86 157 0.0245883240993 2.43712646136 2.43363972759 0.450719722865 0.441039096371 1.41627631097 0.00286063938506
AMR_VOLUME_STAGE 2.86 157 0 40.526275993576057 -6.4300785228463608e-08
AMR_VOLUME_STAGE 2.86 157 1 40.526275993576057 -6.4300785228463608e-08
Q_CLEANUP 2.86 157 0 -0
AMR_VOLUME_STAGE 2.86 157 2 40.526275993576057 -6.4300785228463608e-08
POSTADAPT_REPROJECT 2.86 157 21 4.82907065637e-09 1.83510692847e-11 8.81924706875e-11 1.47862837128e-05 1.08400390929e-07 0.000562749651289 0.00954622600104
AMR_VOLUME_STAGE 2.86 157 3 40.526275993576057 -6.4300785228463608e-08
RUN 2.88 158 40.5262759936 0.381674948535
Q_RUN 2.88 158 40.526275993576057 -6.43007855791e-08 -0 0 1.66533453694e-16 2.66713734431e-17 9
Q_CUTCELL_CFL 2.88 158 0.0257126684895 0.0257126684895 0.104837676425 0 311
SHORE 2.88 158 44.8125 0.000699386949412 0.472530049901
Q_MOMENTUM 2.88 158 0.0341783959218 2.44917743733 2.43767728393 0.451484237296 0.441401866314 1.38461587376 0.00286434441869
AMR_VOLUME_STAGE 2.88 158 0 40.526275993581017 -6.4300662848899854e-08
AMR_VOLUME_STAGE 2.88 158 1 40.526275993581017 -6.4300662848899854e-08
Q_CLEANUP 2.88 158 0 -0
AMR_VOLUME_STAGE 2.88 158 2 40.526275993581017 -6.4300662848899854e-08
POSTADAPT_REPROJECT 2.88 158 21 5.29180601986e-09 1.91078876268e-11 8.43079633883e-11 1.48235899461e-05 5.13783188972e-08 0.000565436692875 0.00928217473549
AMR_VOLUME_STAGE 2.88 158 3 40.526275993581017 -6.4300662848899854e-08
RUN 2.9 159 40.5262759936 0.383200358665
Q_RUN 2.9 159 40.526275993581017 -6.43006631996e-08 -0 0 1.66533453694e-16 2.07082614945e-17 9
Q_CUTCELL_CFL 2.9 159 0.0256969663675 0.0256969663675 0.103775749053 0 309
SHORE 2.9 159 44.8125 0.000698427704192 0.470353596729
Q_MOMENTUM 2.9 159 0.024381026988 2.4617281049 2.44713357308 0.451835009275 0.441796107911 1.40074734837 0.00287789397007
AMR_VOLUME_STAGE 2.9 159 0 40.526275993586466 -6.4300528371642836e-08
AMR_VOLUME_STAGE 2.9 159 1 40.526275993586466 -6.4300528371642836e-08
Q_CLEANUP 2.9 159 0 -0
AMR_VOLUME_STAGE 2.9 159 2 40.526275993586466 -6.4300528371642836e-08
POSTADAPT_REPROJECT 2.9 159 21 6.36278452712e-09 2.15896116733e-11 9.24725851448e-11 1.41062734215e-05 1.40700212647e-07 0.000580882630437 0.0089844716734
AMR_VOLUME_STAGE 2.9 159 3 40.526275993586466 -6.4300528371642836e-08
RUN 2.92 160 40.5262759936 0.383235956933
Q_RUN 2.92 160 40.526275993586466 -6.43005287223e-08 -0 0 1.66533453694e-16 1.88651178012e-17 9
Q_CUTCELL_CFL 2.92 160 0.0255616026289 0.0255616026289 0.102202199832 0 311
SHORE 2.92 160 44.8125 0.000698153695057 0.468146929906
Q_MOMENTUM 2.92 160 0.025777736373 2.46100703582 2.4595626718 0.452588456503 0.442187460336 1.49513751574 0.00289176947059
AMR_VOLUME_STAGE 2.92 160 0 40.52627599359294 -6.4300368647025954e-08
AMR_VOLUME_STAGE 2.92 160 1 40.52627599359294 -6.4300368647025954e-08
Q_CLEANUP 2.92 160 0 -0
AMR_VOLUME_STAGE 2.92 160 2 40.52627599359294 -6.4300368647025954e-08
POSTADAPT_REPROJECT 2.92 160 21 6.58661154497e-09 2.3201240849e-11 1.01494770921e-10 1.39506901783e-05 7.15289450037e-08 0.000583863897992 0.00866137940851
AMR_VOLUME_STAGE 2.92 160 3 40.52627599359294 -6.4300368647025954e-08
RUN 2.94 161 40.5262759936 0.383775176927
Q_RUN 2.94 161 40.52627599359294 -6.43003689977e-08 -0 0 1.66533453694e-16 3.8252007898e-17 14
Q_CUTCELL_CFL 2.94 161 0.0254661746207 0.0254661746207 0.100784504799 0 309
SHORE 2.94 161 44.8125 0.000696516067128 0.465557977601
Q_MOMENTUM 2.94 161 0.0263133742135 2.46992381113 2.46126435003 0.452837987139 0.442534880847 1.50915513945 0.00289276518719
AMR_VOLUME_STAGE 2.94 161 0 40.526275993600279 -6.4300187532284759e-08
AMR_VOLUME_STAGE 2.94 161 1 40.526275993600279 -6.4300187532284759e-08
Q_CLEANUP 2.94 161 0 -0
AMR_VOLUME_STAGE 2.94 161 2 40.526275993600279 -6.4300187532284759e-08
POSTADAPT_REPROJECT 2.94 161 21 7.04645328068e-09 2.22467812886e-11 9.70178382076e-11 1.37685916548e-05 1.72363470139e-07 0.000587095846931 0.00845487548674
AMR_VOLUME_STAGE 2.94 161 3 40.526275993600279 -6.4300187532284759e-08
RUN 2.96 162 40.5262759936 0.384992848861
Q_RUN 2.96 162 40.526275993600279 -6.43001878829e-08 -0 0 1.66533453694e-16 2.45029690982e-17 9
Q_CUTCELL_CFL 2.96 162 0.0254237215885 0.0254237215885 0.0995384097876 0 311
SHORE 2.96 162 44.8125 0.000696018851038 0.464065980183
Q_MOMENTUM 2.96 162 0.0269823502503 2.47767024211 2.46193764734 0.453398198443 0.44295946654 1.5771732069 0.00289418304921
AMR_VOLUME_STAGE 2.96 162 0 40.526275993607172 -6.430001746326349e-08
AMR_VOLUME_STAGE 2.96 162 1 40.526275993607172 -6.430001746326349e-08
Q_CLEANUP 2.96 162 0 -0
AMR_VOLUME_STAGE 2.96 162 2 40.526275993607172 -6.430001746326349e-08
POSTADAPT_REPROJECT 2.96 162 21 9.22958416632e-09 2.14478829169e-11 9.39862770943e-11 1.33181720548e-05 6.97532549917e-08 0.000587593761966 0.0090142976876
AMR_VOLUME_STAGE 2.96 162 3 40.526275993607172 -6.430001746326349e-08
RUN 2.98 163 40.5262759936 0.389651498215
Q_RUN 2.98 163 40.526275993607172 -6.43000178139e-08 -0 0 1.66533453694e-16 1.35525271561e-17 6
Q_CUTCELL_CFL 2.98 163 0.0254152461759 0.0254152461759 0.098487141642 0 309
SHORE 2.98 163 44.8125 0.000695017212545 0.463676665882
Q_MOMENTUM 2.98 163 0.0297808430362 2.48640278631 2.47660779908 0.453031491709 0.44334818593 1.64758658301 0.00291291921949
AMR_VOLUME_STAGE 2.98 163 0 40.52627599361373 -6.4299855634699962e-08
AMR_VOLUME_STAGE 2.98 163 1 40.52627599361373 -6.4299855634699962e-08
Q_CLEANUP 2.98 163 0 -0
AMR_VOLUME_STAGE 2.98 163 2 40.52627599361373 -6.4299855634699962e-08
POSTADAPT_REPROJECT 2.98 163 21 8.84912008489e-09 1.91432393684e-11 9.419859337e-11 9.95450224873e-06 1.01237245655e-07 0.000596960123578 0.00951875455917
AMR_VOLUME_STAGE 2.98 163 3 40.52627599361373 -6.4299855634699962e-08
RUN 3 164 40.5262759936 0.392180499744
Q_RUN 3 164 40.52627599361373 -6.42998559854e-08 -0 0 1.66533453694e-16 1.7143523336e-17 8
Q_CUTCELL_CFL 3 164 0.0252446843359 0.0252446843359 0.0978827451737 0 310
SHORE 3 164 44.8125 0.000694115316604 0.463585856913
Q_MOMENTUM 3 164 0.026669896695 2.48594220391 2.48868083491 0.453619536022 0.443762788539 1.65875615911 0.00292639326049
AMR_VOLUME_STAGE 3 164 0 40.526275993619294 -6.4299718352180731e-08
AMR_VOLUME_STAGE 3 164 1 40.526275993619294 -6.4299718352180731e-08
Q_CLEANUP 3 164 0 -0
AMR_VOLUME_STAGE 3 164 2 40.526275993619294 -6.4299718352180731e-08
POSTADAPT_REPROJECT 3 164 21 8.90537874705e-09 1.9173997437e-11 9.85884984761e-11 2.72144399196e-06 7.26692678156e-08 0.000556295707487 0.0103465436258
AMR_VOLUME_STAGE 3 164 3 40.526275993619294 -6.4299718352180731e-08
RUN 3.02 165 40.5262759936 0.39092533975
Q_RUN 3.02 165 40.526275993619294 -6.42997187028e-08 -0 0 1.66533453694e-16 1.51856066784e-17 7
Q_CUTCELL_CFL 3.02 165 0.0251558285298 0.0251558285298 0.0975827740089 0 309
SHORE 3.02 165 44.8125 0.000692607708585 0.46286250613
Q_MOMENTUM 3.02 165 0.0246053174662 2.59257408071 2.48929096928 0.453718548701 0.444167018757 1.68746701081 0.00292609920847
AMR_VOLUME_STAGE 3.02 165 0 40.526275993625042 -6.4299576511110424e-08
AMR_VOLUME_STAGE 3.02 165 1 40.526275993625042 -6.4299576511110424e-08
Q_CLEANUP 3.02 165 0 -0
AMR_VOLUME_STAGE 3.02 165 2 40.526275993625042 -6.4299576511110424e-08
POSTADAPT_REPROJECT 3.02 165 21 9.1087822646e-09 2.14288949244e-11 1.05937758565e-10 1.61426308121e-05 8.19189379693e-08 0.000624478414819 0.0106097284686
AMR_VOLUME_STAGE 3.02 165 3 40.526275993625042 -6.4299576511110424e-08
RUN 3.04 166 40.5262759936 0.391362263878
Q_RUN 3.04 166 40.526275993625042 -6.42995768618e-08 -0 0 1.66533453694e-16 1.95156391047e-17 9
Q_CUTCELL_CFL 3.04 166 0.0251201771389 0.0251201771389 0.0973297894067 0 310
SHORE 3.04 166 44.8125 0.000692806289577 0.462455407404
Q_MOMENTUM 3.04 166 0.0254685511471 2.53243598589 2.49197588101 0.45439855018 0.444491447361 1.69235036617 0.00293107270763
AMR_VOLUME_STAGE 3.04 166 0 40.526275993631586 -6.4299415033204666e-08
AMR_VOLUME_STAGE 3.04 166 1 40.526275993631586 -6.4299415033204666e-08
Q_CLEANUP 3.04 166 0 -0
AMR_VOLUME_STAGE 3.04 166 2 40.526275993631586 -6.4299415033204666e-08
POSTADAPT_REPROJECT 3.04 166 21 9.23464343167e-09 2.1631128594e-11 1.12238746075e-10 1.39784362983e-05 6.4020410552e-08 0.00061762557315 0.0109923227705
AMR_VOLUME_STAGE 3.04 166 3 40.526275993631586 -6.4299415033204666e-08
RUN 3.06 167 40.5262759936 0.392783891447
Q_RUN 3.06 167 40.526275993631586 -6.42994153839e-08 -0 0 1.66533453694e-16 1.10588621594e-17 4
Q_CUTCELL_CFL 3.06 167 0.0251216965734 0.0251216965734 0.0972885569824 0 309
SHORE 3.06 167 44.8125 0.000691675065025 0.461855609118
Q_MOMENTUM 3.06 167 0.0260765943012 2.50911693212 2.50078339996 0.453905267577 0.444406786515 1.66728229044 0.00294087003129
AMR_VOLUME_STAGE 3.06 167 0 40.526275993638222 -6.4299251276023364e-08
AMR_VOLUME_STAGE 3.06 167 1 40.526275993638222 -6.4299251276023364e-08
Q_CLEANUP 3.06 167 0 -0
AMR_VOLUME_STAGE 3.06 167 2 40.526275993638222 -6.4299251276023364e-08
POSTADAPT_REPROJECT 3.06 167 21 9.46905776733e-09 2.20707801638e-11 1.20297383166e-10 1.34320090691e-05 1.37086956355e-07 0.000620712497275 0.0114753255537
AMR_VOLUME_STAGE 3.06 167 3 40.526275993638222 -6.4299251276023364e-08
RUN 3.08 168 40.5262759936 0.395848776627
Q_RUN 3.08 168 40.526275993638222 -6.42992516267e-08 -0 0 1.66533453694e-16 1.7021974108e-17 9
Q_CUTCELL_CFL 3.08 168 0.0250311794478 0.0250311794478 0.0968376219988 0 310
SHORE 3.08 168 44.8125 0.000690772415419 0.461377937355
Q_MOMENTUM 3.08 168 0.0277003009661 2.54698900395 2.50843011414 0.453812983143 0.444031768031 1.62024155447 0.00294947107033
AMR_VOLUME_STAGE 3.08 168 0 40.5262759936451 -6.4299081557659879e-08
AMR_VOLUME_STAGE 3.08 168 1 40.5262759936451 -6.4299081557659879e-08
Q_CLEANUP 3.08 168 0 -0
AMR_VOLUME_STAGE 3.08 168 2 40.5262759936451 -6.4299081557659879e-08
POSTADAPT_REPROJECT 3.08 168 22 3.45140824652e-09 7.69005181196e-12 4.54931925464e-11 1.33139031673e-05 6.61151509667e-08 0.000627565099012 0.0118972445051
AMR_VOLUME_STAGE 3.08 168 3 40.5262759936451 -6.4299081557659879e-08
RUN 3.1 169 40.5262759936 0.391758203522
Q_RUN 3.1 169 40.5262759936451 -6.42990819083e-08 -0 0 1.66533453694e-16 1.47451495458e-17 5
Q_CUTCELL_CFL 3.1 169 0.0245403985581 0.0245403985581 0.0948630573948 0 310
SHORE 3.1 169 44.8125 0.000689763647875 0.460568188545
Q_MOMENTUM 3.1 169 0.0246558888912 2.76511317033 2.5035820727 0.453298687129 0.44346575321 1.6053652917 0.0029398543334
AMR_VOLUME_STAGE 3.1 169 0 40.526275993642713 -6.4299140468166205e-08
AMR_VOLUME_STAGE 3.1 169 1 40.526275993642713 -6.4299140468166205e-08
Q_CLEANUP 3.1 169 0 -0
AMR_VOLUME_STAGE 3.1 169 2 40.526275993642713 -6.4299140468166205e-08
POSTADAPT_REPROJECT 3.1 169 22 3.53309872467e-09 7.90579515065e-12 4.87582751951e-11 1.29349221178e-05 7.57621176624e-08 0.000631249941678 0.0123333163566
AMR_VOLUME_STAGE 3.1 169 3 40.526275993642713 -6.4299140468166205e-08
RUN 3.12 170 40.5262759936 0.391046983884
Q_RUN 3.12 170 40.526275993642713 -6.42991408188e-08 -0 0 1.66533453694e-16 2.39608680119e-17 11
Q_CUTCELL_CFL 3.12 170 0.0239457147194 0.0239457147194 0.0923390216866 0 311
SHORE 3.12 170 44.8125 0.000688746147391 0.460252398197
Q_MOMENTUM 3.12 170 0.025361414544 2.68687887117 2.49416402181 0.453038282776 0.442819295783 1.55319772521 0.00293100992309
AMR_VOLUME_STAGE 3.12 170 0 40.526275993640162 -6.4299203411236965e-08
AMR_VOLUME_STAGE 3.12 170 1 40.526275993640162 -6.4299203411236965e-08
Q_CLEANUP 3.12 170 0 -0
AMR_VOLUME_STAGE 3.12 170 2 40.526275993640162 -6.4299203411236965e-08
POSTADAPT_REPROJECT 3.12 170 22 3.72694703514e-09 8.16554683594e-12 5.32736910142e-11 1.26369458245e-05 7.61928594523e-08 0.000635452669141 0.0127552034778
AMR_VOLUME_STAGE 3.12 170 3 40.526275993640162 -6.4299203411236965e-08
RUN 3.14 171 40.5262759936 0.389233289216
Q_RUN 3.14 171 40.526275993640162 -6.42992037619e-08 -0 0 1.66533453694e-16 1.32272665043e-17 5
Q_CUTCELL_CFL 3.14 171 0.0240004560007 0.0240004560007 0.0924634737014 0 309
SHORE 3.14 171 44.8125 0.00068799805117 0.459769220963
Q_MOMENTUM 3.14 171 0.025157257093 2.57322869014 2.49063989368 0.451976571997 0.442069903441 1.54417665587 0.00292795213487
AMR_VOLUME_STAGE 3.14 171 0 40.526275993637448 -6.4299270386872146e-08
AMR_VOLUME_STAGE 3.14 171 1 40.526275993637448 -6.4299270386872146e-08
Q_CLEANUP 3.14 171 0 -0
AMR_VOLUME_STAGE 3.14 171 2 40.526275993637448 -6.4299270386872146e-08
POSTADAPT_REPROJECT 3.14 171 22 3.87982524887e-09 8.36405086738e-12 5.7081728233e-11 1.2369632078e-05 1.27280998959e-07 0.000639482157678 0.0131561193128
AMR_VOLUME_STAGE 3.14 171 3 40.526275993637448 -6.4299270386872146e-08
RUN 3.16 172 40.5262759936 0.389686369626
Q_RUN 3.16 172 40.526275993637448 -6.42992707375e-08 -0 0 1.66533453694e-16 1.23599047663e-17 5
Q_CUTCELL_CFL 3.16 172 0.0241067774645 0.0241067774645 0.0928820805505 0 310
SHORE 3.16 172 44.8125 0.000686984869367 0.459229992859
Q_MOMENTUM 3.16 172 0.0260316176041 2.49914748207 2.49484967944 0.451667672834 0.441644727399 1.52632552995 0.0029324502932
AMR_VOLUME_STAGE 3.16 172 0 40.52627599363479 -6.4299335959876221e-08
AMR_VOLUME_STAGE 3.16 172 1 40.52627599363479 -6.4299335959876221e-08
Q_CLEANUP 3.16 172 0 -0
AMR_VOLUME_STAGE 3.16 172 2 40.52627599363479 -6.4299335959876221e-08
POSTADAPT_REPROJECT 3.16 172 22 4.13185278695e-09 8.74253676261e-12 6.11382611204e-11 1.21634990587e-05 6.81852070201e-08 0.000643429879298 0.0135358174388
AMR_VOLUME_STAGE 3.16 172 3 40.52627599363479 -6.4299335959876221e-08
RUN 3.18 173 40.5262759936 0.391011884659
Q_RUN 3.18 173 40.52627599363479 -6.42993363105e-08 -0 0 1.66533453694e-16 1.25901918489e-17 7
Q_CUTCELL_CFL 3.18 173 0.0242003722408 0.0242003722408 0.093233009437 0 309
SHORE 3.18 173 45.0625 0.000686540079497 0.458708722357
Q_MOMENTUM 3.18 173 0.0246134600011 2.4934391299 2.49410087408 0.450480796508 0.441264034499 1.52069107212 0.00293078318764
AMR_VOLUME_STAGE 3.18 173 0 40.526275993631948 -6.4299406091431386e-08
AMR_VOLUME_STAGE 3.18 173 1 40.526275993631948 -6.4299406091431386e-08
Q_CLEANUP 3.18 173 0 -0
AMR_VOLUME_STAGE 3.18 173 2 40.526275993631948 -6.4299406091431386e-08
POSTADAPT_REPROJECT 3.18 173 22 4.13703034533e-09 8.63138260165e-12 6.53206932988e-11 1.19581812431e-05 7.64185566649e-08 0.000647580519777 0.0138917910227
AMR_VOLUME_STAGE 3.18 173 3 40.526275993631948 -6.4299406091431386e-08
RUN 3.2 174 40.5262759936 0.392118132181
Q_RUN 3.2 174 40.526275993631948 -6.42994064421e-08 -0 0 1.65666091956e-16 8.99887803163e-18 6
Q_CUTCELL_CFL 3.2 174 0.0242835109513 0.0242835109513 0.0934710304009 0 310
SHORE 3.2 174 45.0625 0.000686878889022 0.458769486581
Q_MOMENTUM 3.2 174 0.030666002778 2.62070293907 2.56048908079 0.452082919715 0.440688559746 1.50954190177 0.00298737132275
AMR_VOLUME_STAGE 3.2 174 0 40.526275993629163 -6.4299474820355444e-08
AMR_VOLUME_STAGE 3.2 174 1 40.526275993629163 -6.4299474820355444e-08
Q_CLEANUP 3.2 174 0 -0
AMR_VOLUME_STAGE 3.2 174 2 40.526275993629163 -6.4299474820355444e-08
POSTADAPT_REPROJECT 3.2 174 22 3.92901983147e-09 8.42948913502e-12 6.48044395923e-11 1.14568328957e-05 6.99747822695e-08 0.00064880773625 0.0142661637103
AMR_VOLUME_STAGE 3.2 174 3 40.526275993629163 -6.4299474820355444e-08
RUN 3.22 175 40.5262759936 0.39237284246
Q_RUN 3.22 175 40.526275993629163 -6.4299475171e-08 -0 0 1.66533453694e-16 1.23599047663e-17 7
Q_CUTCELL_CFL 3.22 175 0.0239217102729 0.0239217102729 0.0919839245429 0 309
SHORE 3.22 175 45.0625 0.000685104748389 0.458046774272
Q_MOMENTUM 3.22 175 0.0318267580528 2.76898914759 2.48159658594 0.452981883775 0.439921500955 1.50588183086 0.00291388497493
AMR_VOLUME_STAGE 3.22 175 0 40.526275993626335 -6.4299544601252825e-08
AMR_VOLUME_STAGE 3.22 175 1 40.526275993626335 -6.4299544601252825e-08
Q_CLEANUP 3.22 175 0 -0
AMR_VOLUME_STAGE 3.22 175 2 40.526275993626335 -6.4299544601252825e-08
POSTADAPT_REPROJECT 3.22 175 22 3.70137246013e-09 8.12308284157e-12 6.25049456637e-11 1.15493397226e-05 8.9794098611e-08 0.000655048496472 0.014542050916
AMR_VOLUME_STAGE 3.22 175 3 40.526275993626335 -6.4299544601252825e-08
RUN 3.24 176 40.5262759936 0.394182918477
Q_RUN 3.24 176 40.526275993626335 -6.42995449519e-08 -0 0 1.66533453694e-16 2.84060969191e-17 10
Q_CUTCELL_CFL 3.24 176 0.0240217169114 0.0240217169114 0.0921293758087 0 308
SHORE 3.24 176 45.0625 0.000684998622398 0.457742924657
Q_MOMENTUM 3.24 176 0.0349618712281 2.58026647982 2.47040174572 0.454248177056 0.439542727222 1.51578957941 0.00289964600643
AMR_VOLUME_STAGE 3.24 176 0 40.526275993623756 -6.4299608245639125e-08
AMR_VOLUME_STAGE 3.24 176 1 40.526275993623756 -6.4299608245639125e-08
Q_CLEANUP 3.24 176 0 -0
AMR_VOLUME_STAGE 3.24 176 2 40.526275993623756 -6.4299608245639125e-08
POSTADAPT_REPROJECT 3.24 176 22 3.90154952946e-09 7.61673307414e-12 6.22897289304e-11 1.07905513245e-05 8.95100553752e-08 0.000657295745505 0.0148695762906
AMR_VOLUME_STAGE 3.24 176 3 40.526275993623756 -6.4299608245639125e-08
RUN 3.26 177 40.5262759936 0.394520104463
Q_RUN 3.26 177 40.526275993623756 -6.42996085963e-08 -0 0 1.66533453694e-16 3.11166023503e-17 12
Q_CUTCELL_CFL 3.26 177 0.024144593389 0.024144593389 0.092434843963 0 307
SHORE 3.26 177 45.0625 0.000683852691134 0.456986611436
Q_MOMENTUM 3.26 177 0.0335574122922 2.48822903672 2.47057882912 0.453344440116 0.438936777027 1.67935582655 0.00289929595375
AMR_VOLUME_STAGE 3.26 177 0 40.526275993621311 -6.4299668558776571e-08
AMR_VOLUME_STAGE 3.26 177 1 40.526275993621311 -6.4299668558776571e-08
Q_CLEANUP 3.26 177 0 -0
AMR_VOLUME_STAGE 3.26 177 2 40.526275993621311 -6.4299668558776571e-08
POSTADAPT_REPROJECT 3.26 177 22 4.45177196655e-09 7.61725528245e-12 5.98391336482e-11 5.99325111905e-06 1.76936574585e-07 0.000649060281857 0.0155581334835
AMR_VOLUME_STAGE 3.26 177 3 40.526275993621311 -6.4299668558776571e-08
RUN 3.28 178 40.5262759936 0.396980129501
Q_RUN 3.28 178 40.526275993621311 -6.42996689094e-08 -0 0 1.66533453694e-16 1.46367293286e-17 6
Q_CUTCELL_CFL 3.28 178 0.0242534193122 0.0242534193122 0.092596070923 0 307
SHORE 3.28 178 45.0625 0.000681469454462 0.456304169729
Q_MOMENTUM 3.28 178 0.0385567583497 2.47583291029 2.4728060722 0.452483326339 0.438583724549 1.7470284227 0.00290220221381
AMR_VOLUME_STAGE 3.28 178 0 40.526275993618853 -6.4299729222571787e-08
AMR_VOLUME_STAGE 3.28 178 1 40.526275993618853 -6.4299729222571787e-08
Q_CLEANUP 3.28 178 0 -0
AMR_VOLUME_STAGE 3.28 178 2 40.526275993618853 -6.4299729222571787e-08
POSTADAPT_REPROJECT 3.28 178 22 7.27933028787e-09 7.12076848335e-12 4.46790382469e-11 1.429519139e-05 9.32211890852e-08 0.000700806460689 0.0156581863594
AMR_VOLUME_STAGE 3.28 178 3 40.526275993618853 -6.4299729222571787e-08
RUN 3.3 179 40.5262759936 0.393755050133
Q_RUN 3.3 179 40.526275993618853 -6.42997295732e-08 -0 0 1.66533453694e-16 2.86229373536e-17 10
Q_CUTCELL_CFL 3.3 179 0.0243557884886 0.0243557884886 0.0929662166555 0 306
SHORE 3.3 179 45.0625 0.000682188687411 0.454649737876
Q_MOMENTUM 3.3 179 0.0370078335296 2.47297642254 2.45855673812 0.45333413625 0.437911017845 1.59799940792 0.00288554460801
AMR_VOLUME_STAGE 3.3 179 0 40.526275993616522 -6.4299786730447019e-08
AMR_VOLUME_STAGE 3.3 179 1 40.526275993616522 -6.4299786730447019e-08
Q_CLEANUP 3.3 179 0 -0
AMR_VOLUME_STAGE 3.3 179 2 40.526275993616522 -6.4299786730447019e-08
POSTADAPT_REPROJECT 3.3 179 22 6.96313531721e-09 6.85049320976e-12 4.2376491205e-11 1.19361375141e-05 1.00790725034e-07 0.000682591018436 0.0157415793135
AMR_VOLUME_STAGE 3.3 179 3 40.526275993616522 -6.4299786730447019e-08
RUN 3.32 180 40.5262759936 0.393795674223
Q_RUN 3.32 180 40.526275993616522 -6.42997870811e-08 -0 0 1.66533453694e-16 1.68051336735e-17 8
Q_CUTCELL_CFL 3.32 180 0.0244601161356 0.0244601161356 0.093143603887 0 306
SHORE 3.32 180 45.0625 0.000681401207866 0.453511133561
Q_MOMENTUM 3.32 180 0.0408008507181 2.46823890487 2.44568239882 0.450858942479 0.437135232498 1.72375290039 0.0028700644431
AMR_VOLUME_STAGE 3.32 180 0 40.526275993614284 -6.4299841959046707e-08
AMR_VOLUME_STAGE 3.32 180 1 40.526275993614284 -6.4299841959046707e-08
Q_CLEANUP 3.32 180 0 -0
AMR_VOLUME_STAGE 3.32 180 2 40.526275993614284 -6.4299841959046707e-08
POSTADAPT_REPROJECT 3.32 180 22 6.87452266389e-09 6.70520361922e-12 4.22095691732e-11 1.17515317337e-05 6.58402728382e-08 0.000685648302139 0.0159575713754
AMR_VOLUME_STAGE 3.32 180 3 40.526275993614284 -6.4299841959046707e-08
RUN 3.34 181 40.5262759936 0.394891241391
Q_RUN 3.34 181 40.526275993614284 -6.42998423097e-08 -0 0 1.66533453694e-16 1.42030484596e-17 8
Q_CUTCELL_CFL 3.34 181 0.0245676705771 0.0245676705771 0.0934405250815 0 306
SHORE 3.34 181 45.0625 0.0006804478797 0.452439591526
Q_MOMENTUM 3.34 181 0.0375357422003 2.46163594132 2.42884748021 0.449162977179 0.436496406196 1.79660367549 0.00284936955342
AMR_VOLUME_STAGE 3.34 181 0 40.526275993612195 -6.4299893505739744e-08
AMR_VOLUME_STAGE 3.34 181 1 40.526275993612195 -6.4299893505739744e-08
Q_CLEANUP 3.34 181 0 -0
AMR_VOLUME_STAGE 3.34 181 2 40.526275993612195 -6.4299893505739744e-08
POSTADAPT_REPROJECT 3.34 181 22 6.50397870415e-09 6.50944012134e-12 4.01632060942e-11 1.13561159445e-05 1.3171520962e-07 0.000687150944529 0.0161881009413
AMR_VOLUME_STAGE 3.34 181 3 40.526275993612195 -6.4299893505739744e-08
RUN 3.36 182 40.5262759936 0.391932224656
Q_RUN 3.36 182 40.526275993612195 -6.42998938564e-08 -0 0 1.66533453694e-16 3.48028897368e-17 13
Q_CUTCELL_CFL 3.36 182 0.0246784648236 0.0246784648236 0.0937593760228 0 306
SHORE 3.36 182 45.0625 0.000677940193828 0.451913852413
Q_MOMENTUM 3.36 182 0.0385219180635 2.45077858327 2.41820236756 0.449567931007 0.436173395441 1.68707494371 0.00283280621006
AMR_VOLUME_STAGE 3.36 182 0 40.526275993610241 -6.4299941721183913e-08
AMR_VOLUME_STAGE 3.36 182 1 40.526275993610241 -6.4299941721183913e-08
Q_CLEANUP 3.36 182 0 -0
AMR_VOLUME_STAGE 3.36 182 2 40.526275993610241 -6.4299941721183913e-08
POSTADAPT_REPROJECT 3.36 182 22 6.4185568616e-09 6.59263357201e-12 3.99150157371e-11 1.10911300892e-05 7.84538916752e-08 0.000689106604068 0.016398212297
AMR_VOLUME_STAGE 3.36 182 3 40.526275993610241 -6.4299941721183913e-08
RUN 3.38 183 40.5262759936 0.389724961396
Q_RUN 3.38 183 40.526275993610241 -6.42999420718e-08 -0 0 1.66533453694e-16 1.89735380185e-17 8
Q_CUTCELL_CFL 3.38 183 0.0247798129415 0.0247798129415 0.0939708673913 0 306
SHORE 3.38 183 45.0625 0.000677366544434 0.450518415901
Q_MOMENTUM 3.38 183 0.0410949810292 2.43422813649 2.41176862123 0.447636771085 0.435478672153 1.61775273816 0.00282498736037
AMR_VOLUME_STAGE 3.38 183 0 40.526275993608117 -6.4299994144521401e-08
AMR_VOLUME_STAGE 3.38 183 1 40.526275993608117 -6.4299994144521401e-08
Q_CLEANUP 3.38 183 0 -0
AMR_VOLUME_STAGE 3.38 183 2 40.526275993608117 -6.4299994144521401e-08
POSTADAPT_REPROJECT 3.38 183 22 6.22429007171e-09 6.55453264244e-12 3.89360765851e-11 1.0873131432e-05 1.06330550687e-07 0.000690742028838 0.0165856227269
AMR_VOLUME_STAGE 3.38 183 3 40.526275993608117 -6.4299994144521401e-08
RUN 3.4 184 40.5262759936 0.389487741177
Q_RUN 3.4 184 40.526275993608117 -6.42999944952e-08 -0 0 1.66533453694e-16 2.32019264912e-17 9
Q_CUTCELL_CFL 3.4 184 0.0248793520517 0.0248793520517 0.0939904756879 0 306
SHORE 3.4 184 45.0625 0.000676646583069 0.449950753629
Q_MOMENTUM 3.4 184 0.0350940018369 2.41928154751 2.40732398626 0.447868829508 0.43502333184 1.76603573324 0.00281892330817
AMR_VOLUME_STAGE 3.4 184 0 40.526275993606035 -6.4300045515885553e-08
AMR_VOLUME_STAGE 3.4 184 1 40.526275993606035 -6.4300045515885553e-08
Q_CLEANUP 3.4 184 0 -0
AMR_VOLUME_STAGE 3.4 184 2 40.526275993606035 -6.4300045515885553e-08
POSTADAPT_REPROJECT 3.4 184 22 6.04216065093e-09 6.52669171797e-12 3.79865583433e-11 1.07062924774e-05 8.64455575486e-08 0.000692558301785 0.016748116714
AMR_VOLUME_STAGE 3.4 184 3 40.526275993606035 -6.4300045515885553e-08
RUN 3.42 185 40.5262759936 0.387997802886
Q_RUN 3.42 185 40.526275993606035 -6.43000458665e-08 -0 0 1.66533453694e-16 1.49755425075e-17 7
Q_CUTCELL_CFL 3.42 185 0.0249739623487 0.0249739623487 0.0941350086956 0 306
SHORE 3.42 185 45.0625 0.000675722168914 0.449320588267
Q_MOMENTUM 3.42 185 0.0339765173341 2.41697214038 2.39838280872 0.447551347921 0.434716644226 1.74786086775 0.00280734419317
AMR_VOLUME_STAGE 3.42 185 0 40.52627599360401 -6.4300095484618612e-08
AMR_VOLUME_STAGE 3.42 185 1 40.52627599360401 -6.4300095484618612e-08
Q_CLEANUP 3.42 185 0 -0
AMR_VOLUME_STAGE 3.42 185 2 40.52627599360401 -6.4300095484618612e-08
POSTADAPT_REPROJECT 3.42 185 22 5.87197892287e-09 6.39154132223e-12 3.70593555843e-11 1.05520604203e-05 1.24994767088e-07 0.000693954361834 0.0168871153657
AMR_VOLUME_STAGE 3.42 185 3 40.52627599360401 -6.4300095484618612e-08
RUN 3.44 186 40.5262759936 0.386918692754
Q_RUN 3.44 186 40.52627599360401 -6.43000958353e-08 -0 0 1.66533453694e-16 2.23345647532e-17 8
Q_CUTCELL_CFL 3.44 186 0.0250694715472 0.0250694715472 0.094190444885 0 306
SHORE 3.44 186 45.0625 0.000675592635446 0.448883113361
Q_MOMENTUM 3.44 186 0.0320197224035 2.42835223804 2.3978455112 0.447216304302 0.434368832784 1.66743424615 0.00280682840247
AMR_VOLUME_STAGE 3.44 186 0 40.526275993601999 -6.4300145102693887e-08
AMR_VOLUME_STAGE 3.44 186 1 40.526275993601999 -6.4300145102693887e-08
Q_CLEANUP 3.44 186 0 -0
AMR_VOLUME_STAGE 3.44 186 2 40.526275993601999 -6.4300145102693887e-08
POSTADAPT_REPROJECT 3.44 186 22 5.71618579888e-09 6.19807973512e-12 3.61828345063e-11 1.04366619855e-05 9.3779622637e-08 0.000694957133711 0.0170015355217
AMR_VOLUME_STAGE 3.44 186 3 40.526275993601999 -6.4300145102693887e-08
RUN 3.46 187 40.5262759936 0.386658037092
Q_RUN 3.46 187 40.526275993601999 -6.43001454534e-08 -0 0 1.66533453694e-16 2.01661604082e-17 10
Q_CUTCELL_CFL 3.46 187 0.0251620172738 0.0251620172738 0.094240354297 0 305
SHORE 3.46 187 45.0625 0.000673991076665 0.448403326454
Q_MOMENTUM 3.46 187 0.0311778613999 2.42416835434 2.3829160273 0.446864949493 0.434202086045 1.72815274089 0.00279009412068
AMR_VOLUME_STAGE 3.46 187 0 40.526275993600073 -6.4300192616822503e-08
AMR_VOLUME_STAGE 3.46 187 1 40.526275993600073 -6.4300192616822503e-08
Q_CLEANUP 3.46 187 0 -0
AMR_VOLUME_STAGE 3.46 187 2 40.526275993600073 -6.4300192616822503e-08
POSTADAPT_REPROJECT 3.46 187 22 5.57235374625e-09 6.1229068899e-12 3.53373996731e-11 1.03262837745e-05 1.23343937441e-07 0.000695932784048 0.0170934101719
AMR_VOLUME_STAGE 3.46 187 3 40.526275993600073 -6.4300192616822503e-08
RUN 3.48 188 40.5262759936 0.386236847023
Q_RUN 3.48 188 40.526275993600073 -6.43001929675e-08 -0 0 1.65015570652e-16 3.26344853918e-17 17
Q_CUTCELL_CFL 3.48 188 0.0252649071268 0.0252649071268 0.0945163124927 0 304
SHORE 3.48 188 45.0625 0.000673420585654 0.447931156597
Q_MOMENTUM 3.48 188 0.032839384049 2.41094218763 2.367320757 0.44684578013 0.434114835364 1.76381176109 0.00276586940011
AMR_VOLUME_STAGE 3.48 188 0 40.526275993598219 -6.4300238377662242e-08
AMR_VOLUME_STAGE 3.48 188 1 40.526275993598219 -6.4300238377662242e-08
Q_CLEANUP 3.48 188 0 -0
AMR_VOLUME_STAGE 3.48 188 2 40.526275993598219 -6.4300238377662242e-08
POSTADAPT_REPROJECT 3.48 188 22 5.44351546102e-09 6.12598281633e-12 3.45546924407e-11 1.0247223301e-05 8.65199993684e-08 0.000696631323952 0.0171619858566
AMR_VOLUME_STAGE 3.48 188 3 40.526275993598219 -6.4300238377662242e-08
RUN 3.5 189 40.5262759936 0.386516683927
Q_RUN 3.5 189 40.526275993598219 -6.43002387283e-08 -0 0 1.66533453694e-16 2.60280519197e-17 12
Q_CUTCELL_CFL 3.5 189 0.0253560035304 0.0253560035304 0.0947388417264 0 303
SHORE 3.5 189 45.0625 0.000672602019222 0.447180538236
Q_MOMENTUM 3.5 189 0.0307949688572 2.39355231982 2.36684294439 0.446389030345 0.433975854336 1.72031862384 0.00276273069209
AMR_VOLUME_STAGE 3.5 189 0 40.526275993596279 -6.4300286242448641e-08
AMR_VOLUME_STAGE 3.5 189 1 40.526275993596279 -6.4300286242448641e-08
Q_CLEANUP 3.5 189 0 -0
AMR_VOLUME_STAGE 3.5 189 2 40.526275993596279 -6.4300286242448641e-08
POSTADAPT_REPROJECT 3.5 189 22 5.51232795469e-09 6.21670284743e-12 3.49879014649e-11 1.0160229518e-05 1.32361499898e-07 0.000696675192531 0.0172092082304
AMR_VOLUME_STAGE 3.5 189 3 40.526275993596279 -6.4300286242448641e-08
RUN 3.52 190 40.5262759936 0.387362844048
Q_RUN 3.52 190 40.526275993596279 -6.43002865931e-08 -0 0 1.65232411087e-16 2.10335221462e-17 9
Q_CUTCELL_CFL 3.52 190 0.0254429866538 0.0254429866538 0.0948806008399 0 303
SHORE 3.52 190 45.0625 0.000672976837581 0.44628970247
Q_MOMENTUM 3.52 190 0.0302556292351 2.37871265784 2.3559967895 0.446603505147 0.433926367367 1.71266780191 0.00275121739048
AMR_VOLUME_STAGE 3.52 190 0 40.526275993594254 -6.43003362111817e-08
AMR_VOLUME_STAGE 3.52 190 1 40.526275993594254 -6.43003362111817e-08
Q_CLEANUP 3.52 190 0 -0
AMR_VOLUME_STAGE 3.52 190 2 40.526275993594254 -6.43003362111817e-08
POSTADAPT_REPROJECT 3.52 190 22 5.43664654667e-09 6.1742446509e-12 3.44010375741e-11 1.01131785675e-05 9.81001990147e-08 0.000696728507669 0.0172346003676
AMR_VOLUME_STAGE 3.52 190 3 40.526275993594254 -6.43003362111817e-08
RUN 3.54 191 40.5262759936 0.387034671222
Q_RUN 3.54 191 40.526275993594254 -6.43003365618e-08 -0 0 1.66533453694e-16 2.29850860567e-17 13
Q_CUTCELL_CFL 3.54 191 0.0255345286424 0.0255345286424 0.095002370047 0 303
SHORE 3.54 191 45.0625 0.000670650277103 0.445322391232
Q_MOMENTUM 3.54 191 0.0294177010052 2.3688156085 2.33817725216 0.446330833014 0.433911950982 1.78435767675 0.00273185912799
AMR_VOLUME_STAGE 3.54 191 0 40.526275993592378 -6.4300382498008094e-08
AMR_VOLUME_STAGE 3.54 191 1 40.526275993592378 -6.4300382498008094e-08
Q_CLEANUP 3.54 191 0 -0
AMR_VOLUME_STAGE 3.54 191 2 40.526275993592378 -6.4300382498008094e-08
POSTADAPT_REPROJECT 3.54 191 22 5.46252609378e-09 5.93322889282e-12 3.45511397271e-11 1.25377352421e-05 1.31324545551e-07 0.000706847188652 0.0172400052047
AMR_VOLUME_STAGE 3.54 191 3 40.526275993592378 -6.4300382498008094e-08
RUN 3.56 192 40.5262759936 0.387429647063
Q_RUN 3.56 192 40.526275993592378 -6.43003828487e-08 -0 0 1.66533453694e-16 1.95156391047e-17 11
Q_CUTCELL_CFL 3.56 192 0.0256384574134 0.0256384574134 0.0951452961389 0 303
SHORE 3.56 192 45.0625 0.000668437735612 0.445214612011
Q_MOMENTUM 3.56 192 0.0364876275767 2.3535241787 2.31399257674 0.446163967234 0.433882438748 1.73809455927 0.00270586323278
AMR_VOLUME_STAGE 3.56 192 0 40.526275993590566 -6.430042720687451e-08
AMR_VOLUME_STAGE 3.56 192 1 40.526275993590566 -6.430042720687451e-08
Q_CLEANUP 3.56 192 0 -0
AMR_VOLUME_STAGE 3.56 192 2 40.526275993590566 -6.430042720687451e-08
POSTADAPT_REPROJECT 3.56 192 22 5.40248923426e-09 6.31264092081e-12 3.40925065956e-11 8.98863223315e-06 7.7778389163e-08 0.000698905031545 0.0172250726024
AMR_VOLUME_STAGE 3.56 192 3 40.526275993590566 -6.430042720687451e-08
RUN 3.58 193 40.5262759936 0.388348140003
Q_RUN 3.58 193 40.526275993590566 -6.43004275575e-08 -0 0 1.66533453694e-16 1.60461921528e-17 10
Q_CUTCELL_CFL 3.58 193 0.0257605023371 0.0257605023371 0.0953295886053 0 303
SHORE 3.58 193 45.0625 0.000668728267001 0.445106517996
Q_MOMENTUM 3.58 193 0.0296648109672 2.33428845155 2.28693160242 0.446308876304 0.433714673803 1.70379064253 0.00267659816171
AMR_VOLUME_STAGE 3.58 193 0 40.526275993588669 -6.4300474019687586e-08
AMR_VOLUME_STAGE 3.58 193 1 40.526275993588669 -6.4300474019687586e-08
Q_CLEANUP 3.58 193 0 -0
AMR_VOLUME_STAGE 3.58 193 2 40.526275993588669 -6.4300474019687586e-08
POSTADAPT_REPROJECT 3.58 193 22 5.50257292791e-09 6.52942802072e-12 3.46671580331e-11 8.70263604166e-06 1.10245313846e-07 0.000698215209314 0.0171913340091
AMR_VOLUME_STAGE 3.58 193 3 40.526275993588669 -6.4300474019687586e-08
RUN 3.6 194 40.5262759936 0.388758771483
Q_RUN 3.6 194 40.526275993588669 -6.43004743703e-08 -0 0 1.66533453694e-16 1.23599047663e-17 7
Q_CUTCELL_CFL 3.6 194 0.0259004600212 0.0259004600212 0.0955579005138 0 303
SHORE 3.6 194 45.0625 0.000667037304304 0.444741341717
Q_MOMENTUM 3.6 194 0.0290183486411 2.30713536697 2.26703012532 0.446193902239 0.433666860073 1.76942360776 0.00264607462541
AMR_VOLUME_STAGE 3.6 194 0 40.526275993586538 -6.4300526618353959e-08
AMR_VOLUME_STAGE 3.6 194 1 40.526275993586538 -6.4300526618353959e-08
Q_CLEANUP 3.6 194 0 -0
AMR_VOLUME_STAGE 3.6 194 2 40.526275993586538 -6.4300526618353959e-08
POSTADAPT_REPROJECT 3.6 194 22 5.4360750661e-09 5.7578161568e-12 3.41929817793e-11 1.15128623728e-05 9.78386048841e-08 0.000697682625412 0.0171385725523
AMR_VOLUME_STAGE 3.6 194 3 40.526275993586538 -6.4300526618353959e-08
RUN 3.62 195 40.5262759936 0.387689922166
Q_RUN 3.62 195 40.526275993586538 -6.4300526969e-08 -0 0 1.66533453694e-16 1.62630325873e-17 7
Q_CUTCELL_CFL 3.62 195 0.0260389522076 0.0260389522076 0.095798265624 0 304
SHORE 3.62 195 45.0625 0.000656557991707 0.444346777436
Q_MOMENTUM 3.62 195 0.0290023510823 2.27476969778 2.25190153316 0.445773968156 0.433739649213 1.76351900794 0.00263076220854
AMR_VOLUME_STAGE 3.62 195 0 40.526275993584782 -6.4300569924589269e-08
AMR_VOLUME_STAGE 3.62 195 1 40.526275993584782 -6.4300569924589269e-08
Q_CLEANUP 3.62 195 0 -0
AMR_VOLUME_STAGE 3.62 195 2 40.526275993584782 -6.4300569924589269e-08
POSTADAPT_REPROJECT 3.62 195 22 5.2887283026e-09 6.34968595446e-12 3.32195382313e-11 1.19731541955e-05 1.10304858049e-07 0.000731710443765 0.0176051316205
AMR_VOLUME_STAGE 3.62 195 3 40.526275993584782 -6.4300569924589269e-08
RUN 3.64 196 40.5262759936 0.389452282116
Q_RUN 3.64 196 40.526275993584782 -6.43005702752e-08 -0 0 1.66533453694e-16 1.7455654977e-17 9
Q_CUTCELL_CFL 3.64 196 0.0261825417682 0.0261825417682 0.0962104001281 0 304
SHORE 3.64 196 45.0625 0.000655704981231 0.443555854062
Q_MOMENTUM 3.64 196 0.029376033565 2.26554187601 2.23638765181 0.445638365049 0.433664138528 1.70581550214 0.00261510468761
AMR_VOLUME_STAGE 3.64 196 0 40.526275993582772 -6.4300619542664544e-08
AMR_VOLUME_STAGE 3.64 196 1 40.526275993582772 -6.4300619542664544e-08
Q_CLEANUP 3.64 196 0 -0
AMR_VOLUME_STAGE 3.64 196 2 40.526275993582772 -6.4300619542664544e-08
POSTADAPT_REPROJECT 3.64 196 22 5.23263001924e-09 6.26899491613e-12 3.2821523277e-11 9.59255782385e-06 8.25860630643e-08 0.000700098120045 0.017045643486
AMR_VOLUME_STAGE 3.64 196 3 40.526275993582772 -6.4300619542664544e-08
RUN 3.66 197 40.5262759936 0.389831509342
Q_RUN 3.66 197 40.526275993582772 -6.43006198933e-08 -0 0 1.66533453694e-16 3.31765864781e-17 11
Q_CUTCELL_CFL 3.66 197 0.0263335635156 0.0263335635156 0.096574772962 0 303
SHORE 3.66 197 45.0625 0.000654962646381 0.442799406016
Q_MOMENTUM 3.66 197 0.026627350923 2.25281926711 2.21464566829 0.445671075997 0.433653042123 1.75810065839 0.00259152958758
AMR_VOLUME_STAGE 3.66 197 0 40.526275993580818 -6.4300667758108713e-08
AMR_VOLUME_STAGE 3.66 197 1 40.526275993580818 -6.4300667758108713e-08
Q_CLEANUP 3.66 197 0 -0
AMR_VOLUME_STAGE 3.66 197 2 40.526275993580818 -6.4300667758108713e-08
POSTADAPT_REPROJECT 3.66 197 22 5.17447398696e-09 6.16919615065e-12 3.23794324686e-11 9.47277404337e-06 1.26576742038e-07 0.000696876929132 0.0169625943213
AMR_VOLUME_STAGE 3.66 197 3 40.526275993580818 -6.4300667758108713e-08
RUN 3.68 198 40.5262759936 0.388177090171
Q_RUN 3.68 198 40.526275993580818 -6.43006681088e-08 -0 0 1.66533453694e-16 2.0057740191e-17 11
Q_CUTCELL_CFL 3.68 198 0.026497717697 0.026497717697 0.0969942077655 0 303
SHORE 3.68 198 45.0625 0.000656522930864 0.441822836844
Q_MOMENTUM 3.68 198 0.0271905650709 2.23482947115 2.18969281663 0.445681470834 0.433779939919 1.73119063591 0.00256401176471
AMR_VOLUME_STAGE 3.68 198 0 40.526275993578864 -6.4300715973552882e-08
AMR_VOLUME_STAGE 3.68 198 1 40.526275993578864 -6.4300715973552882e-08
Q_CLEANUP 3.68 198 0 -0
AMR_VOLUME_STAGE 3.68 198 2 40.526275993578864 -6.4300715973552882e-08
POSTADAPT_REPROJECT 3.68 198 22 5.13463941875e-09 6.16763460564e-12 3.2000402328e-11 9.4673095999e-06 7.45244101732e-08 0.000693903340925 0.0168558056652
AMR_VOLUME_STAGE 3.68 198 3 40.526275993578864 -6.4300715973552882e-08
RUN 3.7 199 40.5262759936 0.385624238231
Q_RUN 3.7 199 40.526275993578864 -6.43007163242e-08 -0 0 1.66533453694e-16 2.04372109514e-17 11
Q_CUTCELL_CFL 3.7 199 0.0266756754744 0.0266756754744 0.0974200269731 0 304
SHORE 3.7 199 45.0625 0.000655017483731 0.441240099521
Q_MOMENTUM 3.7 199 0.0271586469711 2.21191229936 2.17160304103 0.444836410295 0.433828814712 1.72297462996 0.00253959720885
AMR_VOLUME_STAGE 3.7 199 0 40.526275993576903 -6.4300764364325949e-08
AMR_VOLUME_STAGE 3.7 199 1 40.526275993576903 -6.4300764364325949e-08
Q_CLEANUP 3.7 199 0 -0
AMR_VOLUME_STAGE 3.7 199 2 40.526275993576903 -6.4300764364325949e-08
POSTADAPT_REPROJECT 3.7 199 22 5.54249879309e-09 6.26646947561e-12 3.43338690811e-11 7.21857858361e-06 6.60224208437e-08 0.000691212260016 0.0167234366305
AMR_VOLUME_STAGE 3.7 199 3 40.526275993576903 -6.4300764364325949e-08
RUN 3.72 200 40.5262759936 0.386543867127
Q_RUN 3.72 200 40.526275993576903 -6.4300764715e-08 -0 0 1.66533453694e-16 3.6212352561e-17 14
Q_CUTCELL_CFL 3.72 200 0.0268477266254 0.0268477266254 0.097800913244 0 303
SHORE 3.72 200 45.0625 0.000655035574673 0.441328117058
Q_MOMENTUM 3.72 200 0.0251456420574 2.18745987175 2.1641546066 0.444910327956 0.433852855482 1.67187232349 0.00253210477234
AMR_VOLUME_STAGE 3.72 200 0 40.52627599357497 -6.4300812053783463e-08
AMR_VOLUME_STAGE 3.72 200 1 40.52627599357497 -6.4300812053783463e-08
Q_CLEANUP 3.72 200 0 -0
AMR_VOLUME_STAGE 3.72 200 2 40.52627599357497 -6.4300812053783463e-08
POSTADAPT_REPROJECT 3.72 200 22 5.13750730007e-09 6.20167583782e-12 3.17444959208e-11 1.1898929661e-05 6.70798342899e-08 0.000656827927113 0.0165715950757
AMR_VOLUME_STAGE 3.72 200 3 40.52627599357497 -6.4300812053783463e-08
RUN 3.74 201 40.5262759936 0.38526614628
Q_RUN 3.74 201 40.52627599357497 -6.43008124044e-08 -0 0 1.66533453694e-16 1.38777878078e-17 9
Q_CUTCELL_CFL 3.74 201 0.0270179441484 0.0270179441484 0.0981491735914 0 303
SHORE 3.74 201 45.0625 0.000652608518271 0.441256859295
Q_MOMENTUM 3.74 201 0.0244165666706 2.17182590055 2.1467668705 0.44455080647 0.433904750612 1.74786131737 0.00251247560647
AMR_VOLUME_STAGE 3.74 201 0 40.526275993573037 -6.4300859743240964e-08
AMR_VOLUME_STAGE 3.74 201 1 40.526275993573037 -6.4300859743240964e-08
Q_CLEANUP 3.74 201 0 -0
AMR_VOLUME_STAGE 3.74 201 2 40.526275993573037 -6.4300859743240964e-08
POSTADAPT_REPROJECT 3.74 201 22 5.19235348415e-09 6.18930073519e-12 3.19362314372e-11 1.01722486494e-05 1.21649544075e-07 0.000658019220663 0.0163288145019
AMR_VOLUME_STAGE 3.74 201 3 40.526275993573037 -6.4300859743240964e-08
RUN 3.76 202 40.5262759936 0.38271841737
Q_RUN 3.76 202 40.526275993573037 -6.43008600939e-08 -0 0 1.66533453694e-16 1.25767452008e-17 7
Q_CUTCELL_CFL 3.76 202 0.0271939349857 0.0271939349857 0.0984925064084 0 303
SHORE 3.76 202 45.0625 0.000652343371326 0.4409022557
Q_MOMENTUM 3.76 202 0.0247558184298 2.16179256223 2.13011808683 0.444889037687 0.433773242684 1.6889037035 0.00249380124519
AMR_VOLUME_STAGE 3.76 202 0 40.526275993571097 -6.4300907608027363e-08
AMR_VOLUME_STAGE 3.76 202 1 40.526275993571097 -6.4300907608027363e-08
Q_CLEANUP 3.76 202 0 -0
AMR_VOLUME_STAGE 3.76 202 2 40.526275993571097 -6.4300907608027363e-08
POSTADAPT_REPROJECT 3.76 202 22 5.20162809805e-09 6.11602821316e-12 3.18459703053e-11 9.99432469653e-06 7.14545733176e-08 0.000648238466746 0.015997040212
AMR_VOLUME_STAGE 3.76 202 3 40.526275993571097 -6.4300907608027363e-08
RUN 3.78 203 40.5262759936 0.380605980543
Q_RUN 3.78 203 40.526275993571097 -6.43009079587e-08 -0 0 1.66533453694e-16 1.51788304148e-17 7
Q_CUTCELL_CFL 3.78 203 0.0273791048968 0.0273791048968 0.0990017366085 0 302
SHORE 3.78 203 45.0625 0.000651263706794 0.440494231073
Q_MOMENTUM 3.78 203 0.0249494005653 2.14562556977 2.10504766219 0.443832727593 0.433790976793 1.67378784616 0.00246501064447
AMR_VOLUME_STAGE 3.78 203 0 40.526275993569207 -6.430095424551154e-08
AMR_VOLUME_STAGE 3.78 203 1 40.526275993569207 -6.430095424551154e-08
Q_CLEANUP 3.78 203 0 -0
AMR_VOLUME_STAGE 3.78 203 2 40.526275993569207 -6.430095424551154e-08
POSTADAPT_REPROJECT 3.78 203 22 5.13626025025e-09 6.04552644312e-12 3.12753156706e-11 9.85981505459e-06 1.07120987694e-07 0.000639584702907 0.0157203047739
AMR_VOLUME_STAGE 3.78 203 3 40.526275993569207 -6.430095424551154e-08
RUN 3.8 204 40.5262759936 0.381532759054
Q_RUN 3.8 204 40.526275993569207 -6.43009545962e-08 -0 0 1.66533453694e-16 2.45876723929e-17 10
Q_CUTCELL_CFL 3.8 204 0.027581014187 0.027581014187 0.0996037157091 0 302
SHORE 3.8 204 45.0625 0.000648882071651 0.43996451106
Q_MOMENTUM 3.8 204 0.0228500715053 2.12659667458 2.08250874522 0.443975068262 0.433694096186 1.64388082636 0.00243761489129
AMR_VOLUME_STAGE 3.8 204 0 40.526275993567339 -6.4301000357009062e-08
AMR_VOLUME_STAGE 3.8 204 1 40.526275993567339 -6.4301000357009062e-08
Q_CLEANUP 3.8 204 0 -0
AMR_VOLUME_STAGE 3.8 204 2 40.526275993567339 -6.4301000357009062e-08
POSTADAPT_REPROJECT 3.8 204 22 5.25283849797e-09 6.09756270492e-12 3.181099828e-11 9.76674407181e-06 6.33195793843e-08 0.000631781541366 0.0154828243325
AMR_VOLUME_STAGE 3.8 204 3 40.526275993567339 -6.4301000357009062e-08
RUN 3.82 205 40.5262759936 0.380863556879
Q_RUN 3.82 205 40.526275993567339 -6.43010007077e-08 -0 0 1.66533453694e-16 8.89045781438e-18 4
Q_CUTCELL_CFL 3.82 205 0.0277838267759 0.0277838267759 0.100190831976 0 302
SHORE 3.82 205 45.0625 0.000638558577342 0.439000934208
Q_MOMENTUM 3.82 205 0.0254022300267 2.10241290711 2.07031023323 0.443367450524 0.433741191116 1.70249624649 0.00242359571275
AMR_VOLUME_STAGE 3.82 205 0 40.526275993565456 -6.4301046819164355e-08
AMR_VOLUME_STAGE 3.82 205 1 40.526275993565456 -6.4301046819164355e-08
Q_CLEANUP 3.82 205 0 -0
AMR_VOLUME_STAGE 3.82 205 2 40.526275993565456 -6.4301046819164355e-08
POSTADAPT_REPROJECT 3.82 205 22 5.29389199235e-09 6.12266058027e-12 3.18656212528e-11 9.67016841273e-06 1.34210034225e-07 0.00062511645064 0.0152672145423
AMR_VOLUME_STAGE 3.82 205 3 40.526275993565456 -6.4301046819164355e-08
RUN 3.84 206 40.5262759936 0.378698187537
Q_RUN 3.84 206 40.526275993565456 -6.43010471698e-08 -0 0 1.66533453694e-16 2.10335221462e-17 7
Q_CUTCELL_CFL 3.84 206 0.0279834351251 0.0279834351251 0.100680386893 0 302
SHORE 3.84 206 45.0625 0.000638106970724 0.437906687394
Q_MOMENTUM 3.84 206 0.0229356159891 2.07639883231 2.0599463249 0.444002801079 0.433823984523 1.63574915496 0.00241169712695
AMR_VOLUME_STAGE 3.84 206 0 40.52627599356363 -6.4301091878688541e-08
AMR_VOLUME_STAGE 3.84 206 1 40.52627599356363 -6.4301091878688541e-08
Q_CLEANUP 3.84 206 0 -0
AMR_VOLUME_STAGE 3.84 206 2 40.52627599356363 -6.4301091878688541e-08
POSTADAPT_REPROJECT 3.84 206 22 5.44836028626e-09 6.31123808794e-12 3.26433324815e-11 9.61494247945e-06 6.04581911896e-08 0.000619363168899 0.0150700231069
AMR_VOLUME_STAGE 3.84 206 3 40.52627599356363 -6.4301091878688541e-08
RUN 3.86 207 40.5262759936 0.376780919622
Q_RUN 3.86 207 40.52627599356363 -6.43010922293e-08 -0 0 1.66099772825e-16 5.85469173142e-18 3
Q_CUTCELL_CFL 3.86 207 0.0281839847175 0.0281839847175 0.101149305697 0 302
SHORE 3.86 207 45.0625 0.000636701665383 0.438012362225
Q_MOMENTUM 3.86 207 0.0214316589281 2.06568777219 2.03971311539 0.443178896756 0.433833341887 1.63568916555 0.00238792265845
AMR_VOLUME_STAGE 3.86 207 0 40.526275993561633 -6.4301141146106046e-08
AMR_VOLUME_STAGE 3.86 207 1 40.526275993561633 -6.4301141146106046e-08
Q_CLEANUP 3.86 207 0 -0
AMR_VOLUME_STAGE 3.86 207 2 40.526275993561633 -6.4301141146106046e-08
POSTADAPT_REPROJECT 3.86 207 22 5.52061893344e-09 6.2945926604e-12 3.29671845378e-11 9.55118347373e-06 6.98309469263e-08 0.000614375227128 0.0148798290483
AMR_VOLUME_STAGE 3.86 207 3 40.526275993561633 -6.4301141146106046e-08
RUN 3.88 208 40.5262759936 0.378124167152
Q_RUN 3.88 208 40.526275993561633 -6.43011414968e-08 -0 0 1.66533453694e-16 1.30104260698e-17 7
Q_CUTCELL_CFL 3.88 208 0.0283932553535 0.0283932553535 0.101642916045 0 302
SHORE 3.88 208 45.0625 0.000636245031316 0.438028726735
Q_MOMENTUM 3.88 208 0.0219525326198 2.05198041795 2.02029969372 0.443079552744 0.433795519939 1.62541716219 0.00236512064526
AMR_VOLUME_STAGE 3.88 208 0 40.526275993559636 -6.4301190413523552e-08
AMR_VOLUME_STAGE 3.88 208 1 40.526275993559636 -6.4301190413523552e-08
Q_CLEANUP 3.88 208 0 -0
AMR_VOLUME_STAGE 3.88 208 2 40.526275993559636 -6.4301190413523552e-08
POSTADAPT_REPROJECT 3.88 208 22 5.60782134804e-09 6.22406991933e-12 3.33768568339e-11 9.54983247565e-06 5.77042236332e-08 0.000611964336139 0.0148291091422
AMR_VOLUME_STAGE 3.88 208 3 40.526275993559636 -6.4301190413523552e-08
RUN 3.9 209 40.5262759936 0.378884346689
Q_RUN 3.9 209 40.526275993559636 -6.43011907642e-08 -0 0 1.66533453694e-16 1.79977560633e-17 8
Q_CUTCELL_CFL 3.9 209 0.0286160701168 0.0286160701168 0.102323792184 0 301
SHORE 3.9 209 45.0625 0.000635329795346 0.437772616994
Q_MOMENTUM 3.9 209 0.0221600523495 2.03647994666 2.02976785563 0.443075211877 0.4338575374 1.6981196053 0.00238195861174
AMR_VOLUME_STAGE 3.9 209 0 40.526275993557753 -6.4301236875678844e-08
AMR_VOLUME_STAGE 3.9 209 1 40.526275993557753 -6.4301236875678844e-08
Q_CLEANUP 3.9 209 0 -0
AMR_VOLUME_STAGE 3.9 209 2 40.526275993557753 -6.4301236875678844e-08
POSTADAPT_REPROJECT 3.9 209 22 5.61154932032e-09 6.22180516821e-12 3.32893712596e-11 9.48908819202e-06 8.63182581106e-08 0.000602458611186 0.0145490641349
AMR_VOLUME_STAGE 3.9 209 3 40.526275993557753 -6.4301236875678844e-08
RUN 3.92 210 40.5262759936 0.376829032311
Q_RUN 3.92 210 40.526275993557753 -6.43012372263e-08 -0 0 1.66533453694e-16 1.75640751943e-17 7
Q_CUTCELL_CFL 3.92 210 0.0288394524904 0.0288394524904 0.102963486131 0 300
SHORE 3.92 210 45.0625 0.000634479222793 0.437330938467
Q_MOMENTUM 3.92 210 0.0209192066434 2.04621033523 2.05561141854 0.443566269928 0.433960265604 1.62247045328 0.00240633891892
AMR_VOLUME_STAGE 3.92 210 0 40.526275993555821 -6.4301284565136345e-08
AMR_VOLUME_STAGE 3.92 210 1 40.526275993555821 -6.4301284565136345e-08
Q_CLEANUP 3.92 210 0 -0
AMR_VOLUME_STAGE 3.92 210 2 40.526275993555821 -6.4301284565136345e-08
POSTADAPT_REPROJECT 3.92 210 22 5.7165668998e-09 6.25411958561e-12 3.37984085164e-11 9.42267629458e-06 5.04033485758e-08 0.000591754613856 0.0142078947451
AMR_VOLUME_STAGE 3.92 210 3 40.526275993555821 -6.4301284565136345e-08
RUN 3.94 211 40.5262759936 0.374134122582
Q_RUN 3.94 211 40.526275993555821 -6.43012849158e-08 -0 0 1.66533453694e-16 1.80926237534e-17 8
Q_CUTCELL_CFL 3.94 211 0.0290148152662 0.0290148152662 0.103421787519 0 300
SHORE 3.94 211 45.0625 0.000632682245926 0.436762126884
Q_MOMENTUM 3.94 211 0.0200972097884 2.06604131633 2.07483333772 0.442829345305 0.434111351124 1.6168584583 0.00242812096198
AMR_VOLUME_STAGE 3.94 211 0 40.526275993553895 -6.4301332079264974e-08
AMR_VOLUME_STAGE 3.94 211 1 40.526275993553895 -6.4301332079264974e-08
Q_CLEANUP 3.94 211 0 -0
AMR_VOLUME_STAGE 3.94 211 2 40.526275993553895 -6.4301332079264974e-08
POSTADAPT_REPROJECT 3.94 211 22 5.63529624425e-09 5.94931835028e-12 3.46848105792e-11 1.05978545486e-05 6.19709160971e-08 0.000586597339473 0.013819294502
AMR_VOLUME_STAGE 3.94 211 3 40.526275993553895 -6.4301332079264974e-08
RUN 3.96 212 40.5262759936 0.375310471653
Q_RUN 3.96 212 40.526275993553895 -6.43013324299e-08 -0 0 1.66533453694e-16 2.77555756156e-17 10
Q_CUTCELL_CFL 3.96 212 0.0291501895384 0.0291501895384 0.103867784489 0 300
SHORE 3.96 212 45.3125 0.000619058717527 0.436051541271
Q_MOMENTUM 3.96 212 0.0228717338762 2.08159331882 2.09814272098 0.44270125023 0.434096026676 1.5930913743 0.00245843833917
AMR_VOLUME_STAGE 3.96 212 0 40.526275993552147 -6.4301375210171398e-08
AMR_VOLUME_STAGE 3.96 212 1 40.526275993552147 -6.4301375210171398e-08
Q_CLEANUP 3.96 212 0 -0
AMR_VOLUME_STAGE 3.96 212 2 40.526275993552147 -6.4301375210171398e-08
POSTADAPT_REPROJECT 3.96 212 22 3.71503190603e-09 6.49147034025e-12 4.18899359644e-11 9.51966712004e-06 5.23873359974e-08 0.000567097562598 0.0134022450799
AMR_VOLUME_STAGE 3.96 212 3 40.526275993552147 -6.4301375210171398e-08
RUN 3.98 213 40.5262759936 0.377933542288
Q_RUN 3.98 213 40.526275993552147 -6.43013755608e-08 -0 0 1.66533453694e-16 2.68882138776e-17 10
Q_CUTCELL_CFL 3.98 213 0.0292443836334 0.0292443836334 0.10414672987 0 300
SHORE 3.98 213 45.3125 0.000621882074464 0.434977005095
Q_MOMENTUM 3.98 213 0.0202429800751 2.09757971739 2.11551236534 0.442881711097 0.434211826424 1.68286491826 0.00248115104477
AMR_VOLUME_STAGE 3.98 213 0 40.526275993550136 -6.4301424828246674e-08
AMR_VOLUME_STAGE 3.98 213 1 40.526275993550136 -6.4301424828246674e-08
Q_CLEANUP 3.98 213 0 -0
AMR_VOLUME_STAGE 3.98 213 2 40.526275993550136 -6.4301424828246674e-08
POSTADAPT_REPROJECT 3.98 213 22 3.74533922552e-09 7.09799541235e-12 5.29032373464e-11 9.54945390728e-06 6.80035338528e-08 0.000555783394851 0.0129592513125
AMR_VOLUME_STAGE 3.98 213 3 40.526275993550136 -6.4301424828246674e-08
RUN 4 214 40.5262759936 0.375663522498
Q_RUN 4 214 40.526275993550136 -6.43014251789e-08 -0 0 1.66533453694e-16 2.01661604082e-17 8
Q_CUTCELL_CFL 4 214 0.0292996989545 0.0292996989545 0.104215178612 0 300
SHORE 4 214 45.3125 0.000621157069678 0.433802543118
Q_MOMENTUM 4 214 0.0195841401597 2.1152227797 2.13354649948 0.442738893717 0.434069605596 1.59729235513 0.00250401835319
AMR_VOLUME_STAGE 4 214 0 40.526275993547941 -6.4301479004873038e-08
AMR_VOLUME_STAGE 4 214 1 40.526275993547941 -6.4301479004873038e-08
Q_CLEANUP 4 214 0 -0
AMR_VOLUME_STAGE 4 214 2 40.526275993547941 -6.4301479004873038e-08
POSTADAPT_REPROJECT 4 214 22 3.83157885353e-09 7.548780596e-12 6.16730000402e-11 9.39458025191e-06 4.476868197e-08 0.000544131625497 0.0125027748779
AMR_VOLUME_STAGE 4 214 3 40.526275993547941 -6.4301479004873038e-08
RUN 4.02 215 40.5262759935 0.372413874727
Q_RUN 4.02 215 40.526275993547941 -6.43014793555e-08 -0 0 1.66533453694e-16 1.88651178012e-17 8
Q_CUTCELL_CFL 4.02 215 0.0293264575601 0.0293264575601 0.10436518113 0 300
SHORE 4.02 215 45.3125 0.000620356202011 0.432818374039
Q_MOMENTUM 4.02 215 0.0184592298607 2.13537538471 2.1451410411 0.441978664116 0.433965071366 1.59676235132 0.00251889163899
AMR_VOLUME_STAGE 4.02 215 0 40.526275993545475 -6.4301539843997139e-08
AMR_VOLUME_STAGE 4.02 215 1 40.526275993545475 -6.4301539843997139e-08
Q_CLEANUP 4.02 215 0 -0
AMR_VOLUME_STAGE 4.02 215 2 40.526275993545475 -6.4301539843997139e-08
POSTADAPT_REPROJECT 4.02 215 22 3.84541305635e-09 7.84370065543e-12 6.75967060104e-11 9.32681550138e-06 5.12591632668e-08 0.000532518731958 0.0120322734214
AMR_VOLUME_STAGE 4.02 215 3 40.526275993545475 -6.4301539843997139e-08
RUN 4.04 216 40.5262759935 0.373391120682
Q_RUN 4.04 216 40.526275993545475 -6.43015401947e-08 -0 0 1.66533453694e-16 9.10729824888e-18 5
Q_CUTCELL_CFL 4.04 216 0.0293305729275 0.0293305729275 0.104412417442 0 300
SHORE 4.04 216 45.3125 0.00062038148104 0.432860106266
Q_MOMENTUM 4.04 216 0.0225669119653 2.15173518861 2.14996772073 0.441864443655 0.433830939519 1.51780397718 0.00252532677627
AMR_VOLUME_STAGE 4.04 216 0 40.526275993542953 -6.4301602085752333e-08
AMR_VOLUME_STAGE 4.04 216 1 40.526275993542953 -6.4301602085752333e-08
Q_CLEANUP 4.04 216 0 -0
AMR_VOLUME_STAGE 4.04 216 2 40.526275993542953 -6.4301602085752333e-08
POSTADAPT_REPROJECT 4.04 216 22 3.90600900577e-09 8.17889118079e-12 7.28447302478e-11 9.29421606418e-06 3.75041932886e-08 0.000521076906589 0.0115567145746
AMR_VOLUME_STAGE 4.04 216 3 40.526275993542953 -6.4301602085752333e-08
RUN 4.06 217 40.5262759935 0.376439567494
Q_RUN 4.06 217 40.526275993542953 -6.43016024364e-08 -0 0 1.66533453694e-16 1.14925430283e-17 5
Q_CUTCELL_CFL 4.06 217 0.0291886412061 0.0291886412061 0.10390768901 0 300
SHORE 4.06 217 45.3125 0.000617564027942 0.432710615693
Q_MOMENTUM 4.06 217 0.0184786208554 2.16429045954 2.16616091898 0.441741517296 0.433776436642 1.65877963925 0.0025450853279
AMR_VOLUME_STAGE 4.06 217 0 40.526275993540338 -6.4301666606783085e-08
AMR_VOLUME_STAGE 4.06 217 1 40.526275993540338 -6.4301666606783085e-08
Q_CLEANUP 4.06 217 0 -0
AMR_VOLUME_STAGE 4.06 217 2 40.526275993540338 -6.4301666606783085e-08
POSTADAPT_REPROJECT 4.06 217 22 3.92868704218e-09 8.34910905738e-12 7.62255814024e-11 9.27372223491e-06 4.7497838983e-08 0.000509917908262 0.0110745375437
AMR_VOLUME_STAGE 4.06 217 3 40.526275993540338 -6.4301666606783085e-08
RUN 4.08 218 40.5262759935 0.375372239091
Q_RUN 4.08 218 40.526275993540338 -6.43016669574e-08 -0 0 1.66533453694e-16 1.88651178012e-17 7
Q_CUTCELL_CFL 4.08 218 0.0290328191207 0.0290328191207 0.103320574775 0 300
SHORE 4.08 218 45.3125 0.00060644312064 0.432360853913
Q_MOMENTUM 4.08 218 0.0187354140555 2.18100415015 2.18352849651 0.441785432949 0.433513237479 1.58477028084 0.00255966548832
AMR_VOLUME_STAGE 4.08 218 0 40.52627599353761 -6.4301733933076036e-08
AMR_VOLUME_STAGE 4.08 218 1 40.52627599353761 -6.4301733933076036e-08
Q_CLEANUP 4.08 218 0 -0
AMR_VOLUME_STAGE 4.08 218 2 40.52627599353761 -6.4301733933076036e-08
POSTADAPT_REPROJECT 4.08 218 22 3.96759789811e-09 8.6696906189e-12 7.91481324924e-11 9.27229669629e-06 2.9776978277e-08 0.000499121436596 0.0105925285273
AMR_VOLUME_STAGE 4.08 218 3 40.52627599353761 -6.4301733933076036e-08
RUN 4.1 219 40.5262759935 0.371384069041
Q_RUN 4.1 219 40.52627599353761 -6.43017342837e-08 -0 0 1.66533453694e-16 1.19262238973e-17 6
Q_CUTCELL_CFL 4.1 219 0.0289179417578 0.0289179417578 0.102841795194 0 300
SHORE 4.1 219 45.3125 0.000606178827122 0.431776142475
Q_MOMENTUM 4.1 219 0.0180016906912 2.18912028157 2.1940555121 0.441223463817 0.433381773057 1.59118969867 0.00257301297667
AMR_VOLUME_STAGE 4.1 219 0 40.526275993534838 -6.4301802311342324e-08
AMR_VOLUME_STAGE 4.1 219 1 40.526275993534838 -6.4301802311342324e-08
Q_CLEANUP 4.1 219 0 -0
AMR_VOLUME_STAGE 4.1 219 2 40.526275993534838 -6.4301802311342324e-08
POSTADAPT_REPROJECT 4.1 219 22 4.01462034912e-09 8.75785706633e-12 8.08736411173e-11 9.26583925583e-06 1.26110333855e-07 0.000488707511084 0.0101088844388
AMR_VOLUME_STAGE 4.1 219 3 40.526275993534838 -6.4301802311342324e-08
RUN 4.12 220 40.5262759935 0.372057702437
Q_RUN 4.12 220 40.526275993534838 -6.4301802662e-08 -0 0 1.66533453694e-16 1.04083408559e-17 3
Q_CUTCELL_CFL 4.12 220 0.0286943122564 0.0286943122564 0.102088252135 0 299
SHORE 4.12 220 45.3125 0.000606869999453 0.430968185091
Q_MOMENTUM 4.12 220 0.0233803893914 2.19798381145 2.2118276642 0.441197327862 0.433304616044 1.47613608509 0.00259467264275
AMR_VOLUME_STAGE 4.12 220 0 40.526275993532067 -6.4301870689608599e-08
AMR_VOLUME_STAGE 4.12 220 1 40.526275993532067 -6.4301870689608599e-08
Q_CLEANUP 4.12 220 0 -0
AMR_VOLUME_STAGE 4.12 220 2 40.526275993532067 -6.4301870689608599e-08
POSTADAPT_REPROJECT 4.12 220 22 4.07429534656e-09 8.86266132862e-12 8.24746937411e-11 9.29402888572e-06 1.3234074441e-08 0.000479084733011 0.00962881196795
AMR_VOLUME_STAGE 4.12 220 3 40.526275993532067 -6.4301870689608599e-08
RUN 4.14 221 40.5262759935 0.374358588996
Q_RUN 4.14 221 40.526275993532067 -6.43018710403e-08 -0 0 1.66533453694e-16 2.12503625807e-17 8
Q_CUTCELL_CFL 4.14 221 0.0284855236816 0.0284855236816 0.101450773526 0 299
SHORE 4.14 221 45.3125 0.000606079333699 0.429901711266
Q_MOMENTUM 4.14 221 0.0183798513163 2.21595170531 2.22515290407 0.440787823012 0.433276718032 1.61501107985 0.00261081632101
AMR_VOLUME_STAGE 4.14 221 0 40.526275993529246 -6.4301940295177095e-08
AMR_VOLUME_STAGE 4.14 221 1 40.526275993529246 -6.4301940295177095e-08
Q_CLEANUP 4.14 221 0 -0
AMR_VOLUME_STAGE 4.14 221 2 40.526275993529246 -6.4301940295177095e-08
POSTADAPT_REPROJECT 4.14 221 22 4.09082285182e-09 8.87057865566e-12 8.22579782067e-11 9.31782813928e-06 3.29298651808e-08 0.000469843592613 0.00915056956121
AMR_VOLUME_STAGE 4.14 221 3 40.526275993529246 -6.4301940295177095e-08
RUN 4.16 222 40.5262759935 0.374878492359
Q_RUN 4.16 222 40.526275993529246 -6.43019406458e-08 -0 0 1.66533453694e-16 2.05998412772e-17 10
Q_CUTCELL_CFL 4.16 222 0.028264897135 0.028264897135 0.100689598784 0 299
SHORE 4.16 222 45.3125 0.000604558400612 0.428846614056
Q_MOMENTUM 4.16 222 0.0185826491899 2.23278227831 2.23805057471 0.441712151226 0.43342094357 1.55880410139 0.00262715310965
AMR_VOLUME_STAGE 4.16 222 0 40.526275993526404 -6.430201042673226e-08
AMR_VOLUME_STAGE 4.16 222 1 40.526275993526404 -6.430201042673226e-08
Q_CLEANUP 4.16 222 0 -0
AMR_VOLUME_STAGE 4.16 222 2 40.526275993526404 -6.430201042673226e-08
POSTADAPT_REPROJECT 4.16 222 22 4.34337930133e-09 9.24445275267e-12 8.68476401905e-11 9.35457366934e-06 3.28466614483e-08 0.000461328926844 0.00867811046004
AMR_VOLUME_STAGE 4.16 222 3 40.526275993526404 -6.430201042673226e-08
RUN 4.18 223 40.5262759935 0.370785020381
Q_RUN 4.18 223 40.526275993526404 -6.43020107774e-08 -0 0 1.66533453694e-16 2.55871712707e-17 9
Q_CUTCELL_CFL 4.18 223 0.0281680010323 0.0281680010323 0.100386253855 0 299
SHORE 4.18 223 45.3125 0.000595793856383 0.427649263874
Q_MOMENTUM 4.18 223 0.017708278663 2.24271294411 2.23597619613 0.441245189173 0.433520993853 1.57034784661 0.00262537412298
AMR_VOLUME_STAGE 4.18 223 0 40.526275993523384 -6.4302084941509615e-08
AMR_VOLUME_STAGE 4.18 223 1 40.526275993523384 -6.4302084941509615e-08
Q_CLEANUP 4.18 223 0 -0
AMR_VOLUME_STAGE 4.18 223 2 40.526275993523384 -6.4302084941509615e-08
POSTADAPT_REPROJECT 4.18 223 22 4.46686349395e-09 9.25413576492e-12 8.59771143169e-11 9.40146329817e-06 3.83756338139e-08 0.000453191914593 0.00820990821241
AMR_VOLUME_STAGE 4.18 223 3 40.526275993523384 -6.4302084941509615e-08
RUN 4.2 224 40.5262759935 0.37115930712
Q_RUN 4.2 224 40.526275993523384 -6.43020852922e-08 -0 0 1.66533453694e-16 1.30104260698e-17 7
Q_CUTCELL_CFL 4.2 224 0.0281313183966 0.0281313183966 0.100249482868 0 299
SHORE 4.2 224 45.3125 0.000597425242143 0.427113561582
Q_MOMENTUM 4.2 224 0.0236424118531 2.24602965522 2.23767749689 0.441227112547 0.43344435373 1.48411725816 0.00262766083779
AMR_VOLUME_STAGE 4.2 224 0 40.526275993520514 -6.4302155774380333e-08
AMR_VOLUME_STAGE 4.2 224 1 40.526275993520514 -6.4302155774380333e-08
Q_CLEANUP 4.2 224 0 -0
AMR_VOLUME_STAGE 4.2 224 2 40.526275993520514 -6.4302155774380333e-08
POSTADAPT_REPROJECT 4.2 224 22 4.48104031707e-09 9.3307488132e-12 8.3083984137e-11 9.46687733626e-06 8.79994934768e-09 0.000446191399867 0.00774888167807
AMR_VOLUME_STAGE 4.2 224 3 40.526275993520514 -6.4302155774380333e-08
RUN 4.22 225 40.5262759935 0.373233361788
Q_RUN 4.22 225 40.526275993520514 -6.4302156125e-08 -0 0 1.66533453694e-16 6.40865127893e-18 5
Q_CUTCELL_CFL 4.22 225 0.0281313535252 0.0281313535252 0.100196919745 0 299
SHORE 4.22 225 45.3125 0.000595795366083 0.426814861092
Q_MOMENTUM 4.22 225 0.0177759067368 2.25323778592 2.25168263363 0.440809840109 0.433308627835 1.57098790286 0.00263834723977
AMR_VOLUME_STAGE 4.22 225 0 40.526275993517515 -6.430222976317102e-08
AMR_VOLUME_STAGE 4.22 225 1 40.526275993517515 -6.430222976317102e-08
Q_CLEANUP 4.22 225 0 -0
AMR_VOLUME_STAGE 4.22 225 2 40.526275993517515 -6.430222976317102e-08
POSTADAPT_REPROJECT 4.22 225 22 4.40633000684e-09 9.24857317478e-12 8.04583066838e-11 9.53259894977e-06 4.32535443938e-08 0.000439615530552 0.00729374771396
AMR_VOLUME_STAGE 4.22 225 3 40.526275993517515 -6.430222976317102e-08
RUN 4.24 226 40.5262759935 0.373975269098
Q_RUN 4.24 226 40.526275993517515 -6.43022301138e-08 -0 0 1.66533453694e-16 9.10729824888e-18 4
Q_CUTCELL_CFL 4.24 226 0.0280406283474 0.0280406283474 0.0997720665493 0 299
SHORE 4.24 226 45.3125 0.000596048168604 0.426401864179
Q_MOMENTUM 4.24 226 0.0195404138932 2.25308849689 2.2625276135 0.441264661512 0.433248301247 1.54473470692 0.00265181310182
AMR_VOLUME_STAGE 4.24 226 0 40.526275993514659 -6.4302300245383955e-08
AMR_VOLUME_STAGE 4.24 226 1 40.526275993514659 -6.4302300245383955e-08
Q_CLEANUP 4.24 226 0 -0
AMR_VOLUME_STAGE 4.24 226 2 40.526275993514659 -6.4302300245383955e-08
POSTADAPT_REPROJECT 4.24 226 22 4.3334099829e-09 9.10367042982e-12 7.71027686142e-11 9.62327102847e-06 8.69032357727e-09 0.000433899433344 0.00684655028081
AMR_VOLUME_STAGE 4.24 226 3 40.526275993514659 -6.4302300245383955e-08
RUN 4.26 227 40.5262759935 0.369250380875
Q_RUN 4.26 227 40.526275993514659 -6.4302300596e-08 -0 0 1.66533453694e-16 1.615461237e-17 7
Q_CUTCELL_CFL 4.26 227 0.0279005276898 0.0279005276898 0.09931213391 0 299
SHORE 4.26 227 45.3125 0.000595954803237 0.425812878223
Q_MOMENTUM 4.26 227 0.0176130962134 2.26147606234 2.26635710835 0.44091325623 0.433050083703 1.54220209783 0.00265642230347
AMR_VOLUME_STAGE 4.26 227 0 40.526275993511831 -6.4302370026281349e-08
AMR_VOLUME_STAGE 4.26 227 1 40.526275993511831 -6.4302370026281349e-08
Q_CLEANUP 4.26 227 0 -0
AMR_VOLUME_STAGE 4.26 227 2 40.526275993511831 -6.4302370026281349e-08
POSTADAPT_REPROJECT 4.26 227 22 4.3404624525e-09 9.15842786463e-12 7.50988160547e-11 9.70369368928e-06 2.36808262162e-08 0.000428637509329 0.00640631359147
AMR_VOLUME_STAGE 4.26 227 3 40.526275993511831 -6.4302370026281349e-08
RUN 4.28 228 40.5262759935 0.368600602213
Q_RUN 4.28 228 40.526275993511831 -6.43023703769e-08 -0 0 1.66533453694e-16 2.27411405679e-17 8
Q_CUTCELL_CFL 4.28 228 0.0278310946616 0.0278310946616 0.0992065374714 0 299
SHORE 4.28 228 45.3125 0.000595879955853 0.425079997386
Q_MOMENTUM 4.28 228 0.0232203377224 2.26915976257 2.2692341013 0.440621499218 0.432984993015 1.47190658855 0.00265979812026
AMR_VOLUME_STAGE 4.28 228 0 40.526275993508925 -6.4302441735796492e-08
AMR_VOLUME_STAGE 4.28 228 1 40.526275993508925 -6.4302441735796492e-08
Q_CLEANUP 4.28 228 0 -0
AMR_VOLUME_STAGE 4.28 228 2 40.526275993508925 -6.4302441735796492e-08
POSTADAPT_REPROJECT 4.28 228 22 5.06840367619e-09 9.11965127099e-12 7.25153270764e-11 9.80990515464e-06 6.44491712619e-10 0.000424253686791 0.00603082348794
AMR_VOLUME_STAGE 4.28 228 3 40.526275993508925 -6.4302441735796492e-08
RUN 4.3 229 40.5262759935 0.370130858022
Q_RUN 4.3 229 40.526275993508925 -6.43024420865e-08 -0 0 1.66533453694e-16 2.23345647532e-17 8
Q_CUTCELL_CFL 4.3 229 0.0277862371207 0.0277862371207 0.0991434426362 0 298
SHORE 4.3 229 45.3125 0.00059857250255 0.424046588662
Q_MOMENTUM 4.3 229 0.0175885552479 2.27425423324 2.26040000815 0.440582224982 0.432874264708 1.53049711448 0.0026487921416
AMR_VOLUME_STAGE 4.3 229 0 40.526275993506026 -6.4302513269982763e-08
AMR_VOLUME_STAGE 4.3 229 1 40.526275993506026 -6.4302513269982763e-08
Q_CLEANUP 4.3 229 0 -0
AMR_VOLUME_STAGE 4.3 229 2 40.526275993506026 -6.4302513269982763e-08
POSTADAPT_REPROJECT 4.3 229 22 4.45395834028e-09 9.39447358138e-12 7.27016224999e-11 9.91919183507e-06 1.38809065472e-08 0.000420395374648 0.00603813921488
AMR_VOLUME_STAGE 4.3 229 3 40.526275993506026 -6.4302513269982763e-08
RUN 4.32 230 40.5262759935 0.371181272334
Q_RUN 4.32 230 40.526275993506026 -6.43025136206e-08 -0 0 1.64798730218e-16 2.1470591147e-17 8
Q_CUTCELL_CFL 4.32 230 0.0277867488946 0.0277867488946 0.0991576083479 0 298
SHORE 4.32 230 45.3125 0.000595875735608 0.422929490444
Q_MOMENTUM 4.32 230 0.0192028580783 2.27185334002 2.25824990814 0.440874004141 0.432843170868 1.53891979937 0.00264561964832
AMR_VOLUME_STAGE 4.32 230 0 40.52627599350312 -6.4302584979497905e-08
AMR_VOLUME_STAGE 4.32 230 1 40.52627599350312 -6.4302584979497905e-08
Q_CLEANUP 4.32 230 0 -0
AMR_VOLUME_STAGE 4.32 230 2 40.52627599350312 -6.4302584979497905e-08
POSTADAPT_REPROJECT 4.32 230 22 4.42879397357e-09 9.35407342536e-12 7.06390501648e-11 1.00327749896e-05 2.48521978804e-09 0.000417376880132 0.00604517476801
AMR_VOLUME_STAGE 4.32 230 3 40.52627599350312 -6.4302584979497905e-08
RUN 4.34 231 40.5262759935 0.366692549889
Q_RUN 4.34 231 40.52627599350312 -6.43025853302e-08 -0 0 1.66216663372e-16 2.60208521397e-17 8
Q_CUTCELL_CFL 4.34 231 0.0277937803768 0.0277937803768 0.0991840508892 0 298
SHORE 4.34 231 45.3125 0.00059571492946 0.422514261007
Q_MOMENTUM 4.34 231 0.0174114158565 2.27368395442 2.24653612602 0.440739136114 0.432853559008 1.53274720198 0.00263096617852
AMR_VOLUME_STAGE 4.34 231 0 40.526275993500114 -6.4302659143617491e-08
AMR_VOLUME_STAGE 4.34 231 1 40.526275993500114 -6.4302659143617491e-08
Q_CLEANUP 4.34 231 0 -0
AMR_VOLUME_STAGE 4.34 231 2 40.526275993500114 -6.4302659143617491e-08
POSTADAPT_REPROJECT 4.34 231 22 4.49237578378e-09 9.4368930561e-12 6.98372470964e-11 1.01552625481e-05 2.62500886506e-08 0.000414797411719 0.0060521116732
AMR_VOLUME_STAGE 4.34 231 3 40.526275993500114 -6.4302659143617491e-08
RUN 4.36 232 40.5262759935 0.365403397238
Q_RUN 4.36 232 40.526275993500114 -6.43026594943e-08 -0 0 1.66533453694e-16 1.84314369323e-17 8
Q_CUTCELL_CFL 4.36 232 0.0278083158152 0.0278083158152 0.0991936229206 0 298
SHORE 4.36 232 45.3125 0.00059563695014 0.422271189754
Q_MOMENTUM 4.36 232 0.0235522306544 2.26685454658 2.25765288634 0.440554380188 0.432688727605 1.46240831667 0.00263759279622
AMR_VOLUME_STAGE 4.36 232 0 40.526275993497158 -6.4302732080434855e-08
AMR_VOLUME_STAGE 4.36 232 1 40.526275993497158 -6.4302732080434855e-08
Q_CLEANUP 4.36 232 0 -0
AMR_VOLUME_STAGE 4.36 232 2 40.526275993497158 -6.4302732080434855e-08
POSTADAPT_REPROJECT 4.36 232 22 4.58777245867e-09 9.57011911953e-12 6.95516977345e-11 1.02831977326e-05 6.85509542269e-09 0.000413342774624 0.00605876360976
AMR_VOLUME_STAGE 4.36 232 3 40.526275993497158 -6.4302732080434855e-08
RUN 4.38 233 40.5262759935 0.366488514637
Q_RUN 4.38 233 40.526275993497158 -6.43027324311e-08 -0 0 1.66533453694e-16 1.3241242548e-17 7
Q_CUTCELL_CFL 4.38 233 0.0278185612615 0.0278185612615 0.0991544074877 0 298
SHORE 4.38 233 45.3125 0.00059563952088 0.421861053626
Q_MOMENTUM 4.38 233 0.0172027699192 2.25552239487 2.25967890258 0.440339729821 0.43259522752 1.50163563936 0.00264041824749
AMR_VOLUME_STAGE 4.38 233 0 40.52627599349406 -6.4302808523829985e-08
AMR_VOLUME_STAGE 4.38 233 1 40.52627599349406 -6.4302808523829985e-08
Q_CLEANUP 4.38 233 0 -0
AMR_VOLUME_STAGE 4.38 233 2 40.52627599349406 -6.4302808523829985e-08
POSTADAPT_REPROJECT 4.38 233 22 4.71410855259e-09 9.71866427503e-12 6.97326640875e-11 1.0408357144e-05 1.99350340292e-08 0.000412180898454 0.00606531248776
AMR_VOLUME_STAGE 4.38 233 3 40.52627599349406 -6.4302808523829985e-08
RUN 4.4 234 40.5262759935 0.36754353304
Q_RUN 4.4 234 40.52627599349406 -6.43028088745e-08 -0 0 1.66533453694e-16 1.99493199737e-17 8
Q_CUTCELL_CFL 4.4 234 0.027828518198 0.027828518198 0.0990681075693 0 298
SHORE 4.4 234 45.3125 0.000595354469642 0.421338650967
Q_MOMENTUM 4.4 234 0.0196275679737 2.25930143374 2.25387866088 0.440558957957 0.432466526471 1.54211966766 0.00263370274141
AMR_VOLUME_STAGE 4.4 234 0 40.526275993490977 -6.4302884616567332e-08
AMR_VOLUME_STAGE 4.4 234 1 40.526275993490977 -6.4302884616567332e-08
Q_CLEANUP 4.4 234 0 -0
AMR_VOLUME_STAGE 4.4 234 2 40.526275993490977 -6.4302884616567332e-08
POSTADAPT_REPROJECT 4.4 234 22 4.87931448991e-09 9.96500016226e-12 7.04469815815e-11 1.05548615674e-05 9.13626587492e-09 0.00041161783943 0.0060715703305
AMR_VOLUME_STAGE 4.4 234 3 40.526275993490977 -6.4302884616567332e-08
RUN 4.42 235 40.5262759935 0.363276868048
Q_RUN 4.42 235 40.526275993490977 -6.43028849672e-08 -0 0 1.66533453694e-16 1.27935856353e-17 6
Q_CUTCELL_CFL 4.42 235 0.027845391243 0.027845391243 0.0991838577227 0 297
SHORE 4.42 235 45.3125 0.000595984069268 0.420687956837
Q_MOMENTUM 4.42 235 0.0173805964976 2.25737839963 2.24449094163 0.4401779354 0.432220092466 1.52077824113 0.0026225132984
AMR_VOLUME_STAGE 4.42 235 0 40.526275993487907 -6.4302960358646909e-08
AMR_VOLUME_STAGE 4.42 235 1 40.526275993487907 -6.4302960358646909e-08
Q_CLEANUP 4.42 235 0 -0
AMR_VOLUME_STAGE 4.42 235 2 40.526275993487907 -6.4302960358646909e-08
POSTADAPT_REPROJECT 4.42 235 22 5.09168745439e-09 1.02939029173e-11 7.41832428819e-11 1.06939511091e-05 1.03975521899e-08 0.000411382059353 0.00607772141615
AMR_VOLUME_STAGE 4.42 235 3 40.526275993487907 -6.4302960358646909e-08
RUN 4.44 236 40.5262759935 0.361470680272
Q_RUN 4.44 236 40.526275993487907 -6.43029607093e-08 -0 0 1.66533453694e-16 2.19008838842e-17 9
Q_CUTCELL_CFL 4.44 236 0.0278691446389 0.0278691446389 0.0994322923726 0 297
SHORE 4.44 236 45.3125 0.000596094107172 0.419912171458
Q_MOMENTUM 4.44 236 0.0239524040941 2.25344561515 2.23222363799 0.440043436786 0.432146196298 1.47146547808 0.00260767305226
AMR_VOLUME_STAGE 4.44 236 0 40.526275993484631 -6.4303041185264231e-08
AMR_VOLUME_STAGE 4.44 236 1 40.526275993484631 -6.4303041185264231e-08
Q_CLEANUP 4.44 236 0 -0
AMR_VOLUME_STAGE 4.44 236 2 40.526275993484631 -6.4303041185264231e-08
POSTADAPT_REPROJECT 4.44 236 22 5.33606797973e-09 1.07325155091e-11 8.47698300444e-11 1.08422307003e-05 1.0215905788e-08 0.000411814458793 0.00608358133318
AMR_VOLUME_STAGE 4.44 236 3 40.526275993484631 -6.4303041185264231e-08
RUN 4.46 237 40.5262759935 0.362445881531
Q_RUN 4.46 237 40.526275993484631 -6.43030415359e-08 -0 0 1.66533453694e-16 1.04083408559e-17 3
Q_CUTCELL_CFL 4.46 237 0.0279055543861 0.0279055543861 0.0996804419276 0 297
SHORE 4.46 237 45.3125 0.000595991555427 0.419447626368
Q_MOMENTUM 4.46 237 0.0172255577371 2.2447894975 2.21723619849 0.43962154855 0.431943716287 1.48956996691 0.00258914685951
AMR_VOLUME_STAGE 4.46 237 0 40.526275993481235 -6.430312499247265e-08
AMR_VOLUME_STAGE 4.46 237 1 40.526275993481235 -6.430312499247265e-08
Q_CLEANUP 4.46 237 0 -0
AMR_VOLUME_STAGE 4.46 237 2 40.526275993481235 -6.430312499247265e-08
POSTADAPT_REPROJECT 4.46 237 22 5.58718008213e-09 1.11616944813e-11 9.6916502601e-11 1.09741285682e-05 4.74585169892e-08 0.000412906925891 0.00608933506726
AMR_VOLUME_STAGE 4.46 237 3 40.526275993481235 -6.430312499247265e-08
RUN 4.48 238 40.5262759935 0.363541573626
Q_RUN 4.48 238 40.526275993481235 -6.43031253431e-08 -0 0 1.66533453694e-16 1.58293517183e-17 6
Q_CUTCELL_CFL 4.48 238 0.027954090545 0.027954090545 0.0998776058065 0 296
SHORE 4.48 238 45.3125 0.00059608165578 0.419469923214
Q_MOMENTUM 4.48 238 0.0220951421482 2.23565940412 2.20241306038 0.440004524356 0.431689624074 1.54367746498 0.00256859490374
AMR_VOLUME_STAGE 4.48 238 0 40.526275993477654 -6.4303213358232146e-08
AMR_VOLUME_STAGE 4.48 238 1 40.526275993477654 -6.4303213358232146e-08
Q_CLEANUP 4.48 238 0 -0
AMR_VOLUME_STAGE 4.48 238 2 40.526275993477654 -6.4303213358232146e-08
POSTADAPT_REPROJECT 4.48 238 22 5.67100555811e-09 1.13454574266e-11 1.07684916539e-10 1.11302416053e-05 1.93005913732e-08 0.000414359300563 0.00609479787128
AMR_VOLUME_STAGE 4.48 238 3 40.526275993477654 -6.4303213358232146e-08
RUN 4.5 239 40.5262759935 0.359589330044
Q_RUN 4.5 239 40.526275993477654 -6.43032137089e-08 -0 0 1.66533453694e-16 2.79724160501e-17 10
Q_CUTCELL_CFL 4.5 239 0.0280010450957 0.0280010450957 0.100075283645 0 296
SHORE 4.5 239 45.3125 0.000595985197644 0.419249147917
Q_MOMENTUM 4.5 239 0.017734817664 2.22349603059 2.1980536613 0.439863127335 0.431698285791 1.52288357896 0.00255817372715
AMR_VOLUME_STAGE 4.5 239 0 40.526275993474137 -6.4303300146031663e-08
AMR_VOLUME_STAGE 4.5 239 1 40.526275993474137 -6.4303300146031663e-08
Q_CLEANUP 4.5 239 0 -0
AMR_VOLUME_STAGE 4.5 239 2 40.526275993474137 -6.4303300146031663e-08
POSTADAPT_REPROJECT 4.5 239 22 6.050015344e-09 1.20047141289e-11 1.19131288168e-10 1.26451069461e-05 8.41344309492e-09 0.000421743990859 0.00610015468093
AMR_VOLUME_STAGE 4.5 239 3 40.526275993474137 -6.4303300146031663e-08
RUN 4.52 240 40.5262759935 0.357229540674
Q_RUN 4.52 240 40.526275993474137 -6.43033004967e-08 -0 0 1.66533453694e-16 4.51028103754e-17 13
Q_CUTCELL_CFL 4.52 240 0.0280517658419 0.0280517658419 0.100216741053 0 296
SHORE 4.52 240 45.3125 0.000595877600468 0.41890818113
Q_MOMENTUM 4.52 240 0.0243644849239 2.199865658 2.18844060393 0.439691522374 0.431546153952 1.48761651085 0.00254481666331
AMR_VOLUME_STAGE 4.52 240 0 40.5262759934703 -6.4303394823631124e-08
AMR_VOLUME_STAGE 4.52 240 1 40.5262759934703 -6.4303394823631124e-08
Q_CLEANUP 4.52 240 0 -0
AMR_VOLUME_STAGE 4.52 240 2 40.5262759934703 -6.4303394823631124e-08
POSTADAPT_REPROJECT 4.52 240 22 5.51957357162e-09 1.10045877644e-11 1.10786990692e-10 1.22713707352e-05 5.91179687295e-09 0.000414408454605 0.00610521887633
AMR_VOLUME_STAGE 4.52 240 3 40.5262759934703 -6.4303394823631124e-08
RUN 4.54 241 40.5262759935 0.358389888424
Q_RUN 4.54 241 40.5262759934703 -6.43033951743e-08 -0 0 1.66533453694e-16 1.92987986702e-17 6
Q_CUTCELL_CFL 4.54 241 0.028110863394 0.028110863394 0.100354718277 0 296
SHORE 4.54 241 45.6875 0.000595937201501 0.418421471567
Q_MOMENTUM 4.54 241 0.0176889245445 2.18285404905 2.17039343942 0.439253073133 0.431371187241 1.52518942684 0.00252169940162
AMR_VOLUME_STAGE 4.54 241 0 40.526275993466811 -6.4303480910115088e-08
AMR_VOLUME_STAGE 4.54 241 1 40.526275993466811 -6.4303480910115088e-08
Q_CLEANUP 4.54 241 0 -0
AMR_VOLUME_STAGE 4.54 241 2 40.526275993466811 -6.4303480910115088e-08
POSTADAPT_REPROJECT 4.54 241 22 5.48395276585e-09 1.09575620573e-11 1.07445885522e-10 1.23868559255e-05 4.83308087105e-08 0.000416654927752 0.00611017805717
AMR_VOLUME_STAGE 4.54 241 3 40.526275993466811 -6.4303480910115088e-08
RUN 4.56 242 40.5262759935 0.360182711996
Q_RUN 4.56 242 40.526275993466811 -6.43034812608e-08 -0 0 1.66533453694e-16 2.36356073602e-17 8
Q_CUTCELL_CFL 4.56 242 0.0281900494268 0.0281900494268 0.100520782593 0 296
SHORE 4.56 242 45.6875 0.00059593248664 0.417859239107
Q_MOMENTUM 4.56 242 0.0207097962251 2.19030456334 2.16539466489 0.439866457832 0.431178825923 1.55446297334 0.00251475669148
AMR_VOLUME_STAGE 4.56 242 0 40.526275993463457 -6.4303563665350171e-08
AMR_VOLUME_STAGE 4.56 242 1 40.526275993463457 -6.4303563665350171e-08
Q_CLEANUP 4.56 242 0 -0
AMR_VOLUME_STAGE 4.56 242 2 40.526275993463457 -6.4303563665350171e-08
POSTADAPT_REPROJECT 4.56 242 22 5.22781814763e-09 1.05517800123e-11 1.03905273274e-10 1.24985564905e-05 1.64060639607e-08 0.000419037774654 0.00611484462407
AMR_VOLUME_STAGE 4.56 242 3 40.526275993463457 -6.4303563665350171e-08
RUN 4.58 243 40.5262759935 0.355928014527
Q_RUN 4.58 243 40.526275993463457 -6.4303564016e-08 -0 0 1.66533453694e-16 1.32272665043e-17 6
Q_CUTCELL_CFL 4.58 243 0.0282730623585 0.0282730623585 0.100677478747 0 296
SHORE 4.58 243 45.6875 0.000595950521672 0.417139414832
Q_MOMENTUM 4.58 243 0.0179760178575 2.18002864984 2.14512222166 0.439415927601 0.43105929066 1.5269251636 0.00249079152083
AMR_VOLUME_STAGE 4.58 243 0 40.526275993460111 -6.4303646245256369e-08
AMR_VOLUME_STAGE 4.58 243 1 40.526275993460111 -6.4303646245256369e-08
Q_CLEANUP 4.58 243 0 -0
AMR_VOLUME_STAGE 4.58 243 2 40.526275993460111 -6.4303646245256369e-08
POSTADAPT_REPROJECT 4.58 243 22 5.056006134e-09 1.00642224256e-11 9.74821612321e-11 1.44675468586e-05 1.12565503806e-08 0.000476185728006 0.0067364872801
AMR_VOLUME_STAGE 4.58 243 3 40.526275993460111 -6.4303646245256369e-08
RUN 4.6 244 40.5262759935 0.353548609974
Q_RUN 4.6 244 40.526275993460111 -6.43036465959e-08 -0 0 1.66533453694e-16 2.25514051877e-17 10
Q_CUTCELL_CFL 4.6 244 0.0283783175098 0.0283783175098 0.101107173639 0 296
SHORE 4.6 244 45.6875 0.000596088904432 0.416429601635
Q_MOMENTUM 4.6 244 0.0243416903511 2.1643840424 2.12042293639 0.43914526465 0.430818699911 1.49155597296 0.0024613459702
AMR_VOLUME_STAGE 4.6 244 0 40.526275993457205 -6.4303717954771525e-08
AMR_VOLUME_STAGE 4.6 244 1 40.526275993457205 -6.4303717954771525e-08
Q_CLEANUP 4.6 244 0 -0
AMR_VOLUME_STAGE 4.6 244 2 40.526275993457205 -6.4303717954771525e-08
POSTADAPT_REPROJECT 4.6 244 22 4.88612084449e-09 9.98992299809e-12 9.42340649956e-11 1.0812894174e-05 2.53898906221e-08 0.000440565906023 0.00612368031361
AMR_VOLUME_STAGE 4.6 244 3 40.526275993457205 -6.4303717954771525e-08
RUN 4.62 245 40.5262759935 0.354897799037
Q_RUN 4.62 245 40.526275993457205 -6.43037183054e-08 -0 0 1.66533453694e-16 2.32019264912e-17 12
Q_CUTCELL_CFL 4.62 245 0.0284933440121 0.0284933440121 0.101672615134 0 296
SHORE 4.62 245 45.6875 0.000596043275091 0.416434472145
Q_MOMENTUM 4.62 245 0.0183147768963 2.14170544199 2.10084952933 0.438486594325 0.430473138033 1.59535665171 0.00243541358319
AMR_VOLUME_STAGE 4.62 245 0 40.526275993454227 -6.4303791417575557e-08
AMR_VOLUME_STAGE 4.62 245 1 40.526275993454227 -6.4303791417575557e-08
Q_CLEANUP 4.62 245 0 -0
AMR_VOLUME_STAGE 4.62 245 2 40.526275993454227 -6.4303791417575557e-08
POSTADAPT_REPROJECT 4.62 245 22 4.69210444187e-09 9.603927819e-12 8.66741123318e-11 1.29010657577e-05 3.44776979364e-08 0.000437234783761 0.00612786478168
AMR_VOLUME_STAGE 4.62 245 3 40.526275993454227 -6.4303791417575557e-08
RUN 4.64 246 40.5262759935 0.357532792366
Q_RUN 4.64 246 40.526275993454227 -6.43037917682e-08 -0 0 1.66533453694e-16 2.87584626252e-17 12
Q_CUTCELL_CFL 4.64 246 0.0286127359172 0.0286127359172 0.102160442297 0 295
SHORE 4.64 246 45.6875 0.000594808556528 0.41635573326
Q_MOMENTUM 4.64 246 0.0201566821137 2.11856770653 2.08933298262 0.439102056327 0.430095235851 1.57005900907 0.0024198560354
AMR_VOLUME_STAGE 4.64 246 0 40.526275993451279 -6.4303864179064037e-08
AMR_VOLUME_STAGE 4.64 246 1 40.526275993451279 -6.4303864179064037e-08
Q_CLEANUP 4.64 246 0 -0
AMR_VOLUME_STAGE 4.64 246 2 40.526275993451279 -6.4303864179064037e-08
POSTADAPT_REPROJECT 4.64 246 22 4.52276355718e-09 9.32663031585e-12 8.07379441081e-11 1.31794582423e-05 2.04583458991e-08 0.000439750809854 0.00613175246907
AMR_VOLUME_STAGE 4.64 246 3 40.526275993451279 -6.4303864179064037e-08
RUN 4.66 247 40.5262759935 0.352201782753
Q_RUN 4.66 247 40.526275993451279 -6.43038645297e-08 -0 0 1.66533453694e-16 3.16587034366e-17 13
Q_CUTCELL_CFL 4.66 247 0.0287394357312 0.0287394357312 0.102656246297 0 296
SHORE 4.66 247 45.6875 0.000595930445519 0.416021484868
Q_MOMENTUM 4.66 247 0.0181098493081 2.09024573401 2.06768592123 0.43795148085 0.429685564274 1.53193433937 0.00241683327724
AMR_VOLUME_STAGE 4.66 247 0 40.526275993448564 -6.4303931154699218e-08
AMR_VOLUME_STAGE 4.66 247 1 40.526275993448564 -6.4303931154699218e-08
Q_CLEANUP 4.66 247 0 -0
AMR_VOLUME_STAGE 4.66 247 2 40.526275993448564 -6.4303931154699218e-08
POSTADAPT_REPROJECT 4.66 247 22 4.19877715803e-09 8.75655036662e-12 6.88561985207e-11 1.33749980019e-05 1.52517768962e-08 0.000442552175567 0.00613554955741
AMR_VOLUME_STAGE 4.66 247 3 40.526275993448564 -6.4303931154699218e-08
RUN 4.68 248 40.5262759934 0.350005919993
Q_RUN 4.68 248 40.526275993448564 -6.43039315054e-08 -0 0 1.66533453694e-16 1.92987986702e-17 9
Q_CUTCELL_CFL 4.68 248 0.0288829188432 0.0288829188432 0.103132002018 0 296
SHORE 4.68 248 45.6875 0.000596076605673 0.415652347572
Q_MOMENTUM 4.68 248 0.0238165245459 2.07425605322 2.05285990133 0.437413163028 0.429239220178 1.49458139626 0.00241453487772
AMR_VOLUME_STAGE 4.68 248 0 40.52627599344595 -6.4303995675729957e-08
AMR_VOLUME_STAGE 4.68 248 1 40.52627599344595 -6.4303995675729957e-08
Q_CLEANUP 4.68 248 0 -0
AMR_VOLUME_STAGE 4.68 248 2 40.52627599344595 -6.4303995675729957e-08
POSTADAPT_REPROJECT 4.68 248 22 3.92334075476e-09 8.06092304067e-12 6.20472822427e-11 1.35460458052e-05 2.02780149644e-08 0.000445994113229 0.00613906789767
AMR_VOLUME_STAGE 4.68 248 3 40.52627599344595 -6.4303995675729957e-08
RUN 4.7 249 40.5262759934 0.351647311961
Q_RUN 4.7 249 40.52627599344595 -6.43039960264e-08 -0 0 1.66533453694e-16 2.03813067768e-17 9
Q_CUTCELL_CFL 4.7 249 0.0290245966659 0.0290245966659 0.103588841986 0 296
SHORE 4.7 249 45.6875 0.000595788092413 0.415069181559
Q_MOMENTUM 4.7 249 0.0206085849897 2.05945136903 2.05259360427 0.436798540504 0.428752170803 1.62200154087 0.00241406723035
AMR_VOLUME_STAGE 4.7 249 0 40.526275993443598 -6.4304053709591858e-08
AMR_VOLUME_STAGE 4.7 249 1 40.526275993443598 -6.4304053709591858e-08
Q_CLEANUP 4.7 249 0 -0
AMR_VOLUME_STAGE 4.7 249 2 40.526275993443598 -6.4304053709591858e-08
POSTADAPT_REPROJECT 4.7 249 22 4.55162496504e-09 7.44989778444e-12 6.38363702177e-11 1.3692641447e-05 1.68238138668e-08 0.000449446375018 0.00614250088528
AMR_VOLUME_STAGE 4.7 249 3 40.526275993443598 -6.4304053709591858e-08
RUN 4.72 250 40.5262759934 0.353927751252
Q_RUN 4.72 250 40.526275993443598 -6.43040540602e-08 -0 0 1.66533453694e-16 1.71303943253e-17 8
Q_CUTCELL_CFL 4.72 250 0.029168863631 0.029168863631 0.103992428131 0 296
SHORE 4.72 250 45.6875 0.000596317471138 0.414357895763
Q_MOMENTUM 4.72 250 0.0201492399455 2.05087360667 2.04164546482 0.437529912172 0.428557358932 1.57965935864 0.0024011936409
AMR_VOLUME_STAGE 4.72 250 0 40.526275993441466 -6.4304106308258231e-08
AMR_VOLUME_STAGE 4.72 250 1 40.526275993441466 -6.4304106308258231e-08
Q_CLEANUP 4.72 250 0 -0
AMR_VOLUME_STAGE 4.72 250 2 40.526275993441466 -6.4304106308258231e-08
POSTADAPT_REPROJECT 4.72 250 22 4.3157845159e-09 7.29674533718e-12 6.53536374323e-11 1.38289660887e-05 7.69242690266e-09 0.000453085898399 0.00618491836738
AMR_VOLUME_STAGE 4.72 250 3 40.526275993441466 -6.4304106308258231e-08
RUN 4.74 251 40.5262759934 0.349128836179
Q_RUN 4.74 251 40.526275993441466 -6.43041066589e-08 -0 0 1.66533453694e-16 3.24176449573e-17 13
Q_CUTCELL_CFL 4.74 251 0.0293259019352 0.0293259019352 0.104402960923 0 295
SHORE 4.74 251 45.6875 0.000595703055844 0.413456468385
Q_MOMENTUM 4.74 251 0.0186151803417 2.04255628286 2.03711420663 0.436596090812 0.42825371746 1.53488262323 0.00239655956983
AMR_VOLUME_STAGE 4.74 251 0 40.526275993439413 -6.4304156978306829e-08
AMR_VOLUME_STAGE 4.74 251 1 40.526275993439413 -6.4304156978306829e-08
Q_CLEANUP 4.74 251 0 -0
AMR_VOLUME_STAGE 4.74 251 2 40.526275993439413 -6.4304156978306829e-08
POSTADAPT_REPROJECT 4.74 251 22 3.78211376244e-09 7.46034116015e-12 6.89807794219e-11 1.39488397405e-05 4.54178743459e-08 0.000456804609015 0.00633131182166
AMR_VOLUME_STAGE 4.74 251 3 40.526275993439413 -6.4304156978306829e-08
RUN 4.76 252 40.5262759934 0.347172659178
Q_RUN 4.76 252 40.526275993439413 -6.4304157329e-08 -0 0 1.66533453694e-16 1.58293517183e-17 5
Q_CUTCELL_CFL 4.76 252 0.0294387905778 0.0294387905778 0.104598276359 0 295
SHORE 4.76 252 45.6875 0.000595528664334 0.412466570815
Q_MOMENTUM 4.76 252 0.022805576918 2.02385438897 2.03392158196 0.435967614787 0.427801101679 1.49387092118 0.00239241727004
AMR_VOLUME_STAGE 4.76 252 0 40.52627599343738 -6.4304207122368773e-08
AMR_VOLUME_STAGE 4.76 252 1 40.52627599343738 -6.4304207122368773e-08
Q_CLEANUP 4.76 252 0 -0
AMR_VOLUME_STAGE 4.76 252 2 40.52627599343738 -6.4304207122368773e-08
POSTADAPT_REPROJECT 4.76 252 22 3.44149874782e-09 7.53603390136e-12 7.15630610326e-11 1.40650105748e-05 9.5609806983e-09 0.000460745989163 0.00647800505415
AMR_VOLUME_STAGE 4.76 252 3 40.52627599343738 -6.4304207122368773e-08
RUN 4.78 253 40.5262759934 0.349668448197
Q_RUN 4.78 253 40.52627599343738 -6.4304207473e-08 -0 0 1.66533453694e-16 1.58293517183e-17 6
Q_CUTCELL_CFL 4.78 253 0.0295548504645 0.0295548504645 0.104774090417 0 295
SHORE 4.78 253 45.6875 0.000595549505175 0.411652217071
Q_MOMENTUM 4.78 253 0.0216354901259 2.03307266056 2.03733538902 0.435722907929 0.427313424283 1.63616470436 0.0023962747103
AMR_VOLUME_STAGE 4.78 253 0 40.526275993435235 -6.4304260071692916e-08
AMR_VOLUME_STAGE 4.78 253 1 40.526275993435235 -6.4304260071692916e-08
Q_CLEANUP 4.78 253 0 -0
AMR_VOLUME_STAGE 4.78 253 2 40.526275993435235 -6.4304260071692916e-08
POSTADAPT_REPROJECT 4.78 253 22 3.51252756824e-09 7.7522794728e-12 7.56845384975e-11 1.41443078775e-05 5.84251671724e-09 0.000464786246721 0.00662487810715
AMR_VOLUME_STAGE 4.78 253 3 40.526275993435235 -6.4304260071692916e-08
RUN 4.8 254 40.5262759934 0.350730417602
Q_RUN 4.8 254 40.526275993435235 -6.43042604224e-08 -0 0 1.66533453694e-16 6.3015016111e-18 5
Q_CUTCELL_CFL 4.8 254 0.0296652603869 0.0296652603869 0.105287456775 0 295
SHORE 4.8 254 45.6875 0.000595534710791 0.411750220405
Q_MOMENTUM 4.8 254 0.0199167789329 2.03702017994 2.03162027111 0.435737869927 0.426950864665 1.58724703273 0.00238940687088
AMR_VOLUME_STAGE 4.8 254 0 40.52627599343306 -6.4304313722332613e-08
AMR_VOLUME_STAGE 4.8 254 1 40.52627599343306 -6.4304313722332613e-08
Q_CLEANUP 4.8 254 0 -0
AMR_VOLUME_STAGE 4.8 254 2 40.52627599343306 -6.4304313722332613e-08
POSTADAPT_REPROJECT 4.8 254 22 3.56107301643e-09 7.80137596459e-12 7.81527655092e-11 1.42025653605e-05 1.2576330084e-08 0.000469032281654 0.00677137610412
AMR_VOLUME_STAGE 4.8 254 3 40.52627599343306 -6.4304313722332613e-08
RUN 4.82 255 40.5262759934 0.34811818357
Q_RUN 4.82 255 40.52627599343306 -6.4304314073e-08 -0 0 1.66533453694e-16 2.60208521397e-17 10
Q_CUTCELL_CFL 4.82 255 0.0297782600983 0.0297782600983 0.105808835857 0 294
SHORE 4.82 255 45.6875 0.000595653794918 0.411620712175
Q_MOMENTUM 4.82 255 0.0188816782001 2.02453799648 2.01287863972 0.434955986972 0.426659910591 1.54076550337 0.00236734356397
AMR_VOLUME_STAGE 4.82 255 0 40.526275993430765 -6.4304370353563407e-08
AMR_VOLUME_STAGE 4.82 255 1 40.526275993430765 -6.4304370353563407e-08
Q_CLEANUP 4.82 255 0 -0
AMR_VOLUME_STAGE 4.82 255 2 40.526275993430765 -6.4304370353563407e-08
POSTADAPT_REPROJECT 4.82 255 22 3.47269336142e-09 7.64165113222e-12 7.72476492494e-11 1.42392402304e-05 4.20312255865e-08 0.000472962154084 0.00691740430826
AMR_VOLUME_STAGE 4.82 255 3 40.526275993430765 -6.4304370353563407e-08
RUN 4.84 256 40.5262759934 0.34700889837
Q_RUN 4.84 256 40.526275993430765 -6.43043707042e-08 -0 0 1.66533453694e-16 1.19262238973e-17 6
Q_CUTCELL_CFL 4.84 256 0.0298932014312 0.0298932014312 0.106254401813 0 294
SHORE 4.84 256 45.6875 0.000595835876072 0.411329054838
Q_MOMENTUM 4.84 256 0.0231522039059 2.00168689974 2.00022413827 0.434527418421 0.426422513603 1.55286080521 0.00235301053271
AMR_VOLUME_STAGE 4.84 256 0 40.526275993428619 -6.4304423302887551e-08
AMR_VOLUME_STAGE 4.84 256 1 40.526275993428619 -6.4304423302887551e-08
Q_CLEANUP 4.84 256 0 -0
AMR_VOLUME_STAGE 4.84 256 2 40.526275993428619 -6.4304423302887551e-08
POSTADAPT_REPROJECT 4.84 256 22 3.45945913302e-09 7.59841281036e-12 7.74917352508e-11 1.42757832239e-05 2.37828979759e-10 0.000476715744882 0.00706237012785
AMR_VOLUME_STAGE 4.84 256 3 40.526275993428619 -6.4304423302887551e-08
RUN 4.86 257 40.5262759934 0.34855924972
Q_RUN 4.86 257 40.526275993428619 -6.43044236535e-08 -0 0 1.66533453694e-16 4.98732999343e-18 2
Q_CUTCELL_CFL 4.86 257 0.0300134370318 0.0300134370318 0.106680156441 0 294
SHORE 4.86 257 45.6875 0.000595738740215 0.410865371343
Q_MOMENTUM 4.86 257 0.0218144215637 1.99515777267 2.00530531928 0.434970547072 0.42623627091 1.64705971205 0.00235889861935
AMR_VOLUME_STAGE 4.86 257 0 40.526275993426466 -6.4304476427540579e-08
AMR_VOLUME_STAGE 4.86 257 1 40.526275993426466 -6.4304476427540579e-08
Q_CLEANUP 4.86 257 0 -0
AMR_VOLUME_STAGE 4.86 257 2 40.526275993426466 -6.4304476427540579e-08
POSTADAPT_REPROJECT 4.86 257 21 9.83146158304e-09 2.16604645258e-11 2.19415000058e-10 1.50551039319e-05 2.63636821546e-08 0.000480577747292 0.00720631375742
AMR_VOLUME_STAGE 4.86 257 3 40.526275993426466 -6.4304476427540579e-08
RUN 4.88 258 40.5262759934 0.348651273259
Q_RUN 4.88 258 40.526275993426466 -6.43044767782e-08 -0 0 1.66533453694e-16 5.20417042793e-18 3
Q_CUTCELL_CFL 4.88 258 0.0301207645342 0.0301207645342 0.107002436872 0 294
SHORE 4.88 258 45.6875 0.000596014905707 0.411365780546
Q_MOMENTUM 4.88 258 0.0200157500865 2.00507224513 2.005403705 0.434784045643 0.426013757923 1.6003214143 0.00235886234993
AMR_VOLUME_STAGE 4.88 258 0 40.526275993432364 -6.4304330904563621e-08
AMR_VOLUME_STAGE 4.88 258 1 40.526275993432364 -6.4304330904563621e-08
Q_CLEANUP 4.88 258 0 -0
AMR_VOLUME_STAGE 4.88 258 2 40.526275993432364 -6.4304330904563621e-08
POSTADAPT_REPROJECT 4.88 258 21 9.70648352212e-09 2.14165272081e-11 2.14880072069e-10 1.44025443314e-05 3.81159135735e-09 0.000484823359475 0.00734857317015
AMR_VOLUME_STAGE 4.88 258 3 40.526275993432364 -6.4304330904563621e-08
RUN 4.9 259 40.5262759934 0.34874860347
Q_RUN 4.9 259 40.526275993432364 -6.43043312552e-08 -0 0 1.66533453694e-16 1.97324795392e-17 7
Q_CUTCELL_CFL 4.9 259 0.030219775713 0.030219775713 0.107400019095 0 294
SHORE 4.9 259 45.6875 0.00059557486326 0.415197594586
Q_MOMENTUM 4.9 259 0.019494500343 2.00701677957 2.00026864534 0.434041524607 0.425966234295 1.55850011204 0.00235283700494
AMR_VOLUME_STAGE 4.9 259 0 40.52627599343797 -6.430419257007108e-08
AMR_VOLUME_STAGE 4.9 259 1 40.52627599343797 -6.430419257007108e-08
Q_CLEANUP 4.9 259 0 -0
AMR_VOLUME_STAGE 4.9 259 2 40.52627599343797 -6.430419257007108e-08
POSTADAPT_REPROJECT 4.9 259 21 9.4868590426e-09 2.12238360385e-11 2.06006905978e-10 1.44224658174e-05 1.69279097735e-08 0.00048825849662 0.00748910310627
AMR_VOLUME_STAGE 4.9 259 3 40.52627599343797 -6.430419257007108e-08
RUN 4.92 260 40.5262759934 0.350082177733
Q_RUN 4.92 260 40.52627599343797 -6.43041929207e-08 -0 0 1.66533453694e-16 1.01915004214e-17 5
Q_CUTCELL_CFL 4.92 260 0.0303226847921 0.0303226847921 0.108876959253 0 294
SHORE 4.92 260 45.6875 0.000595760822782 0.418179275937
Q_MOMENTUM 4.92 260 0.0231451254469 1.98346509786 1.97711724132 0.433808513375 0.425790979685 1.6452820846 0.00232587068357
AMR_VOLUME_STAGE 4.92 260 0 40.526275993443917 -6.43040458197919e-08
AMR_VOLUME_STAGE 4.92 260 1 40.526275993443917 -6.43040458197919e-08
Q_CLEANUP 4.92 260 0 -0
AMR_VOLUME_STAGE 4.92 260 2 40.526275993443917 -6.43040458197919e-08
POSTADAPT_REPROJECT 4.92 260 21 9.21875009999e-09 2.07914328902e-11 1.92716523295e-10 1.44140043656e-05 7.08519267271e-09 0.000491508366209 0.00762736062201
AMR_VOLUME_STAGE 4.92 260 3 40.526275993443917 -6.43040458197919e-08
RUN 4.94 261 40.5262759934 0.349838424993
Q_RUN 4.94 261 40.526275993443917 -6.43040461704e-08 -0 0 1.66533453694e-16 1.64798730218e-17 6
Q_CUTCELL_CFL 4.94 261 0.0304485931951 0.0304485931951 0.110235699217 0 294
SHORE 4.94 261 45.6875 0.000595519989717 0.421012143001
Q_MOMENTUM 4.94 261 0.0228186511442 1.97903343336 1.9765663901 0.434665494081 0.425767926725 1.66044021212 0.00231594565152
AMR_VOLUME_STAGE 4.94 261 0 40.526275993449488 -6.4303908361943784e-08
AMR_VOLUME_STAGE 4.94 261 1 40.526275993449488 -6.4303908361943784e-08
Q_CLEANUP 4.94 261 0 -0
AMR_VOLUME_STAGE 4.94 261 2 40.526275993449488 -6.4303908361943784e-08
POSTADAPT_REPROJECT 4.94 261 21 8.83810218165e-09 2.00201175175e-11 1.71974559593e-10 1.43784037436e-05 8.92837314269e-09 0.000494220999946 0.0077633747497
AMR_VOLUME_STAGE 4.94 261 3 40.526275993449488 -6.4303908361943784e-08
RUN 4.96 262 40.5262759934 0.348047881299
Q_RUN 4.96 262 40.526275993449488 -6.43039087126e-08 -0 0 1.66533453694e-16 0 0
Q_CUTCELL_CFL 4.96 262 0.0305671868829 0.0305671868829 0.111568632333 0 294
SHORE 4.96 262 45.6875 0.000596475878531 0.423137100826
Q_MOMENTUM 4.96 262 0.0204718144672 1.9797042877 1.97388973143 0.434750384922 0.425798123863 1.61578202172 0.00231693019699
AMR_VOLUME_STAGE 4.96 262 0 40.526275993454739 -6.4303778793895626e-08
AMR_VOLUME_STAGE 4.96 262 1 40.526275993454739 -6.4303778793895626e-08
Q_CLEANUP 4.96 262 0 -0
AMR_VOLUME_STAGE 4.96 262 2 40.526275993454739 -6.4303778793895626e-08
POSTADAPT_REPROJECT 4.96 262 22 3.64995703291e-09 6.38795857997e-12 5.29494226242e-11 1.43381815649e-05 1.07347410468e-08 0.000497055088299 0.00789665464148
AMR_VOLUME_STAGE 4.96 262 3 40.526275993454739 -6.4303778793895626e-08
RUN 4.98 263 40.5262759935 0.348388406617
Q_RUN 4.98 263 40.526275993454739 -6.43037791446e-08 -0 0 1.66533453694e-16 1.08420217249e-18 2
Q_CUTCELL_CFL 4.98 263 0.0306756397137 0.0306756397137 0.112723209833 0 294
SHORE 4.98 263 45.6875 0.000595631977895 0.424975186189
Q_MOMENTUM 4.98 263 0.0199520777772 1.97537891757 1.96943001108 0.433884474696 0.42580111673 1.57139906596 0.00231370198396
AMR_VOLUME_STAGE 4.98 263 0 40.526275993453034 -6.4303820872828727e-08
AMR_VOLUME_STAGE 4.98 263 1 40.526275993453034 -6.4303820872828727e-08
Q_CLEANUP 4.98 263 0 -0
AMR_VOLUME_STAGE 4.98 263 2 40.526275993453034 -6.4303820872828727e-08
POSTADAPT_REPROJECT 4.98 263 22 4.92071085177e-09 5.90790886291e-12 4.74847938747e-11 1.43106161863e-05 4.24483236055e-09 0.000499783328353 0.00802698683459
AMR_VOLUME_STAGE 4.98 263 3 40.526275993453034 -6.4303820872828727e-08
RUN 5 264 40.5262759935 0.352656365327
Q_RUN 5 264 40.526275993453034 -6.43038212235e-08 -0 0 1.66533453694e-16 3.03576608296e-18 3
Q_CUTCELL_CFL 5 264 0.0307791693238 0.0307791693238 0.113817988676 0 292
SHORE 5 264 45.6875 0.000595022058489 0.426192690439
Q_MOMENTUM 5 264 0.0213403535009 1.97271056225 1.97302067929 0.434281103387 0.425690328547 1.70627760804 0.00230871941366
AMR_VOLUME_STAGE 5 264 0 40.526275993451577 -6.4303856815250747e-08
AMR_VOLUME_STAGE 5 264 1 40.526275993451577 -6.4303856815250747e-08
Q_CLEANUP 5 264 0 -0
AMR_VOLUME_STAGE 5 264 2 40.526275993451577 -6.4303856815250747e-08
POSTADAPT_REPROJECT 5 264 22 5.26441411422e-09 5.30769245848e-12 4.10662615025e-11 2.06082460567e-05 1.01235988013e-08 0.000513535764639 0.00815422386935
AMR_VOLUME_STAGE 5 264 3 40.526275993451577 -6.4303856815250747e-08
RUN 5.02 265 40.5262759935 0.352979871622
Q_RUN 5.02 265 40.526275993451577 -6.43038571659e-08 -0 0 1.66533453694e-16 1.41081807695e-17 7
Q_CUTCELL_CFL 5.02 265 0.0308772737768 0.0308772737768 0.114790118378 0 292
SHORE 5.02 265 45.6875 0.000595500376065 0.426911639336
Q_MOMENTUM 5.02 265 0.0213160972199 1.97481419138 1.97956337809 0.434463762343 0.425656112253 1.68564909101 0.00231340925497
AMR_VOLUME_STAGE 5.02 265 0 40.526275993450263 -6.4303889251095002e-08
AMR_VOLUME_STAGE 5.02 265 1 40.526275993450263 -6.4303889251095002e-08
Q_CLEANUP 5.02 265 0 -0
AMR_VOLUME_STAGE 5.02 265 2 40.526275993450263 -6.4303889251095002e-08
POSTADAPT_REPROJECT 5.02 265 22 4.91112622102e-09 5.24111002344e-12 3.47151196678e-11 1.15224436852e-05 3.50529278196e-08 0.000514508262138 0.00827783428462
AMR_VOLUME_STAGE 5.02 265 3 40.526275993450263 -6.4303889251095002e-08
RUN 5.04 266 40.5262759935 0.350724108646
Q_RUN 5.04 266 40.526275993450263 -6.43038896018e-08 -0 0 1.66533453694e-16 1.73472347598e-18 4
Q_CUTCELL_CFL 5.04 266 0.0309709706934 0.0309709706934 0.115897866675 0 292
SHORE 5.04 266 45.6875 0.000590942158584 0.426957949075
Q_MOMENTUM 5.04 266 0.0210315480463 1.98191189349 1.98306360168 0.434600696945 0.425466430107 1.63206737292 0.00231670798701
AMR_VOLUME_STAGE 5.04 266 0 40.526275993449133 -6.430391712838818e-08
AMR_VOLUME_STAGE 5.04 266 1 40.526275993449133 -6.430391712838818e-08
Q_CLEANUP 5.04 266 0 -0
AMR_VOLUME_STAGE 5.04 266 2 40.526275993449133 -6.430391712838818e-08
POSTADAPT_REPROJECT 5.04 266 22 4.3724087363e-09 4.86962889847e-12 2.70992117635e-11 1.31072796564e-05 7.04605403327e-09 0.00051157589919 0.0083979914843
AMR_VOLUME_STAGE 5.04 266 3 40.526275993449133 -6.430391712838818e-08
RUN 5.06 267 40.5262759934 0.351129125747
Q_RUN 5.06 267 40.526275993449133 -6.4303917479e-08 -0 0 1.66533453694e-16 9.75781955237e-18 5
Q_CUTCELL_CFL 5.06 267 0.0310531551537 0.0310531551537 0.117387511294 0 292
SHORE 5.06 267 45.6875 0.000572129970055 0.426607676758
Q_MOMENTUM 5.06 267 0.0205188469366 1.98557825359 1.98428084634 0.433366795956 0.425131119498 1.64805141249 0.00231741616459
AMR_VOLUME_STAGE 5.06 267 0 40.526275993448046 -6.4303943953708035e-08
AMR_VOLUME_STAGE 5.06 267 1 40.526275993448046 -6.4303943953708035e-08
Q_CLEANUP 5.06 267 0 -0
AMR_VOLUME_STAGE 5.06 267 2 40.526275993448046 -6.4303943953708035e-08
POSTADAPT_REPROJECT 5.06 267 22 4.14862904576e-09 4.6798760392e-12 2.45820030997e-11 1.31670378119e-05 1.07508670076e-09 0.000513752645441 0.00851386360332
AMR_VOLUME_STAGE 5.06 267 3 40.526275993448046 -6.4303943953708035e-08
RUN 5.08 268 40.5262759934 0.352648879829
Q_RUN 5.08 268 40.526275993448046 -6.43039443044e-08 -0 0 1.66533453694e-16 9.97465998687e-18 5
Q_CUTCELL_CFL 5.08 268 0.0311233745674 0.0311233745674 0.118743953927 0 292
SHORE 5.08 268 45.6875 0.000553146893852 0.4256800163
Q_MOMENTUM 5.08 268 0.0206318991697 1.98621760446 1.98247744256 0.433733630876 0.424822379697 1.71589243919 0.00231452995649
AMR_VOLUME_STAGE 5.08 268 0 40.526275993446973 -6.4303970428370106e-08
AMR_VOLUME_STAGE 5.08 268 1 40.526275993446973 -6.4303970428370106e-08
Q_CLEANUP 5.08 268 0 -0
AMR_VOLUME_STAGE 5.08 268 2 40.526275993446973 -6.4303970428370106e-08
POSTADAPT_REPROJECT 5.08 268 22 4.1902328622e-09 4.73932510324e-12 2.51516585337e-11 1.31888056353e-05 2.60934521508e-08 0.000516446978169 0.00862598344222
AMR_VOLUME_STAGE 5.08 268 3 40.526275993446973 -6.4303970428370106e-08
RUN 5.1 269 40.5262759934 0.352497233831
Q_RUN 5.1 269 40.526275993446973 -6.4303970779e-08 -0 0 1.66533453694e-16 2.29850860567e-17 8
Q_CUTCELL_CFL 5.1 269 0.0311844059248 0.0311844059248 0.119964811392 0 292
SHORE 5.1 269 45.6875 0.000534779658768 0.42910962978
Q_MOMENTUM 5.1 269 0.0207761200904 1.98293507009 1.9785676495 0.433203658708 0.42448887795 1.68981453468 0.00230910964275
AMR_VOLUME_STAGE 5.1 269 0 40.52627599344585 -6.4303998130334386e-08
AMR_VOLUME_STAGE 5.1 269 1 40.52627599344585 -6.4303998130334386e-08
Q_CLEANUP 5.1 269 0 -0
AMR_VOLUME_STAGE 5.1 269 2 40.52627599344585 -6.4303998130334386e-08
POSTADAPT_REPROJECT 5.1 269 22 4.10721303226e-09 4.66631170316e-12 2.48695508631e-11 1.31779556418e-05 9.65505267919e-09 0.000518307439145 0.00873322352547
AMR_VOLUME_STAGE 5.1 269 3 40.52627599344585 -6.4303998130334386e-08
RUN 5.12 270 40.5262759934 0.353920182841
Q_RUN 5.12 270 40.52627599344585 -6.4303998481e-08 -0 0 1.66533453694e-16 1.51991592055e-17 7
Q_CUTCELL_CFL 5.12 270 0.0312432848933 0.0312432848933 0.121127143483 0 292
SHORE 5.12 270 45.6875 0.000516020502075 0.431725674292
Q_MOMENTUM 5.12 270 0.0253816549781 1.98305161064 1.98310094014 0.432715514849 0.424276700335 1.63737559331 0.00232025477676
AMR_VOLUME_STAGE 5.12 270 0 40.526275993444827 -6.430402337769425e-08
AMR_VOLUME_STAGE 5.12 270 1 40.526275993444827 -6.430402337769425e-08
Q_CLEANUP 5.12 270 0 -0
AMR_VOLUME_STAGE 5.12 270 2 40.526275993444827 -6.430402337769425e-08
POSTADAPT_REPROJECT 5.12 270 22 4.11502860081e-09 4.6351509031e-12 2.50673926061e-11 1.31425893289e-05 1.05558257468e-08 0.000520199341797 0.00883646686894
AMR_VOLUME_STAGE 5.12 270 3 40.526275993444827 -6.430402337769425e-08
RUN 5.14 271 40.5262759934 0.354611756914
Q_RUN 5.14 271 40.526275993444827 -6.43040237284e-08 -0 0 1.66533453694e-16 2.10335221462e-17 8
Q_CUTCELL_CFL 5.14 271 0.0312920119105 0.0312920119105 0.12202220127 0 292
SHORE 5.14 271 45.6875 0.000497035560531 0.434038053693
Q_MOMENTUM 5.14 271 0.0206712881556 1.98856843344 1.99495904712 0.432611128792 0.423740844757 1.68603893984 0.0023333372505
AMR_VOLUME_STAGE 5.14 271 0 40.526275993443875 -6.4304046871765223e-08
AMR_VOLUME_STAGE 5.14 271 1 40.526275993443875 -6.4304046871765223e-08
Q_CLEANUP 5.14 271 0 -0
AMR_VOLUME_STAGE 5.14 271 2 40.526275993443875 -6.4304046871765223e-08
POSTADAPT_REPROJECT 5.14 271 22 3.96676591108e-09 4.51388393468e-12 2.13168926955e-11 1.51979369695e-05 4.06957788508e-08 0.000533465882676 0.00893421356703
AMR_VOLUME_STAGE 5.14 271 3 40.526275993443875 -6.4304046871765223e-08
RUN 5.16 272 40.5262759934 0.354132606053
Q_RUN 5.16 272 40.526275993443875 -6.43040472224e-08 -0 0 1.66533453694e-16 2.12639151079e-17 9
Q_CUTCELL_CFL 5.16 272 0.0313275733708 0.0313275733708 0.122796628302 0 292
SHORE 5.16 272 45.6875 0.000478345989461 0.435705427475
Q_MOMENTUM 5.16 272 0.0210753489269 1.99515242279 1.99806356795 0.432516710021 0.423318916169 1.70539192212 0.00233620354287
AMR_VOLUME_STAGE 5.16 272 0 40.52627599344293 -6.4304070190507312e-08
AMR_VOLUME_STAGE 5.16 272 1 40.52627599344293 -6.4304070190507312e-08
Q_CLEANUP 5.16 272 0 -0
AMR_VOLUME_STAGE 5.16 272 2 40.52627599344293 -6.4304070190507312e-08
POSTADAPT_REPROJECT 5.16 272 22 3.99931644302e-09 4.51638964956e-12 2.12253825627e-11 1.44919364881e-05 2.39346816795e-08 0.000529005656329 0.00902845266994
AMR_VOLUME_STAGE 5.16 272 3 40.52627599344293 -6.4304070190507312e-08
RUN 5.18 273 40.5262759934 0.352014062752
Q_RUN 5.18 273 40.52627599344293 -6.43040705412e-08 -0 0 1.66533453694e-16 8.47032947254e-18 4
Q_CUTCELL_CFL 5.18 273 0.0313575915315 0.0313575915315 0.123409494172 0 291
SHORE 5.18 273 45.6875 0.000459336266145 0.437172068579
Q_MOMENTUM 5.18 273 0.021226470988 2.00098017403 2.00108202527 0.431475974384 0.422842537675 1.67771052395 0.00233912409865
AMR_VOLUME_STAGE 5.18 273 0 40.526275993442148 -6.4304089476684993e-08
AMR_VOLUME_STAGE 5.18 273 1 40.526275993442148 -6.4304089476684993e-08
Q_CLEANUP 5.18 273 0 -0
AMR_VOLUME_STAGE 5.18 273 2 40.526275993442148 -6.4304089476684993e-08
POSTADAPT_REPROJECT 5.18 273 22 4.00532267092e-09 4.50280611748e-12 2.24364971046e-11 1.43899574896e-05 3.10041441963e-08 0.000529700010833 0.0091152338624
AMR_VOLUME_STAGE 5.18 273 3 40.526275993442148 -6.4304089476684993e-08
RUN 5.2 274 40.5262759934 0.354346683291
Q_RUN 5.2 274 40.526275993442148 -6.43040898273e-08 -0 0 1.66533453694e-16 1.79977560633e-17 6
Q_CUTCELL_CFL 5.2 274 0.031384183187 0.031384183187 0.124131282922 0 291
SHORE 5.2 274 45.6875 0.000440779142783 0.438084488446
Q_MOMENTUM 5.2 274 0.0198232471063 2.00404289131 2.00209935271 0.431086760507 0.422659710563 1.61073709742 0.00233884555902
AMR_VOLUME_STAGE 5.2 274 0 40.526275993441253 -6.430411156812486e-08
AMR_VOLUME_STAGE 5.2 274 1 40.526275993441253 -6.430411156812486e-08
Q_CLEANUP 5.2 274 0 -0
AMR_VOLUME_STAGE 5.2 274 2 40.526275993441253 -6.430411156812486e-08
POSTADAPT_REPROJECT 5.2 274 22 4.04443650049e-09 4.50396762383e-12 2.42128539441e-11 1.42943039159e-05 1.65163489763e-08 0.000530598175934 0.00919712519396
AMR_VOLUME_STAGE 5.2 274 3 40.526275993441253 -6.430411156812486e-08
RUN 5.22 275 40.5262759934 0.355637706367
Q_RUN 5.22 275 40.526275993441253 -6.43041119188e-08 -0 0 1.66533453694e-16 2.32019264912e-17 8
Q_CUTCELL_CFL 5.22 275 0.0314075855959 0.0314075855959 0.125528901432 0 291
SHORE 5.22 275 45.6875 0.000421660441785 0.438619807634
Q_MOMENTUM 5.22 275 0.0194962699946 2.00639099472 2.00177351717 0.430968936459 0.422421635372 1.70496543331 0.00233796683115
AMR_VOLUME_STAGE 5.22 275 0 40.526275993440336 -6.4304134185551409e-08
AMR_VOLUME_STAGE 5.22 275 1 40.526275993440336 -6.4304134185551409e-08
Q_CLEANUP 5.22 275 0 -0
AMR_VOLUME_STAGE 5.22 275 2 40.526275993440336 -6.4304134185551409e-08
POSTADAPT_REPROJECT 5.22 275 21 8.92549606462e-09 1.28845464028e-11 7.36778416055e-11 1.41876903144e-05 5.49015240821e-08 0.000531297567283 0.00927245646613
AMR_VOLUME_STAGE 5.22 275 3 40.526275993440336 -6.4304134185551409e-08
RUN 5.24 276 40.5262759934 0.354400295135
Q_RUN 5.24 276 40.526275993440336 -6.43041345362e-08 -0 0 1.66533453694e-16 2.2273578381e-17 8
Q_CUTCELL_CFL 5.24 276 0.0314246561249 0.0314246561249 0.126772241032 0 291
SHORE 5.24 276 45.6875 0.000402827546739 0.438598953567
Q_MOMENTUM 5.24 276 0.0209644047654 2.00709561107 2.00342203674 0.430825708661 0.422167599593 1.69934842024 0.0023463864702
AMR_VOLUME_STAGE 5.24 276 0 40.526275993442574 -6.4304078956951708e-08
AMR_VOLUME_STAGE 5.24 276 1 40.526275993442574 -6.4304078956951708e-08
Q_CLEANUP 5.24 276 0 -0
AMR_VOLUME_STAGE 5.24 276 2 40.526275993442574 -6.4304078956951708e-08
POSTADAPT_REPROJECT 5.24 276 21 5.18142185581e-09 1.29657324138e-11 7.92351739776e-11 1.40902866367e-05 1.17827794152e-08 0.000532242395682 0.00934351111789
AMR_VOLUME_STAGE 5.24 276 3 40.526275993442574 -6.4304078956951708e-08
RUN 5.26 277 40.5262759934 0.352842118373
Q_RUN 5.26 277 40.526275993442574 -6.43040793076e-08 -0 0 1.66533453694e-16 2.32019264912e-17 8
Q_CUTCELL_CFL 5.26 277 0.0314300111618 0.0314300111618 0.127853392124 0 291
SHORE 5.26 277 45.6875 0.000383881764166 0.438235670523
Q_MOMENTUM 5.26 277 0.0208151091149 2.00357095817 2.01176312698 0.430113722855 0.421919107359 1.6661720956 0.00235546495847
AMR_VOLUME_STAGE 5.26 277 0 40.526275993444834 -6.4304023202365365e-08
AMR_VOLUME_STAGE 5.26 277 1 40.526275993444834 -6.4304023202365365e-08
Q_CLEANUP 5.26 277 0 -0
AMR_VOLUME_STAGE 5.26 277 2 40.526275993444834 -6.4304023202365365e-08
POSTADAPT_REPROJECT 5.26 277 21 5.5331196114e-09 1.37429817174e-11 9.06810182499e-11 1.39850078951e-05 2.10094189771e-08 0.000532782202306 0.0094076686793
AMR_VOLUME_STAGE 5.26 277 3 40.526275993444834 -6.4304023202365365e-08
RUN 5.28 278 40.5262759934 0.355544648639
Q_RUN 5.28 278 40.526275993444834 -6.4304023553e-08 -0 0 1.66533453694e-16 8.46016507718e-18 5
Q_CUTCELL_CFL 5.28 278 0.0313893332787 0.0313893332787 0.128643555537 0 291
SHORE 5.28 278 45.6875 0.000365669027517 0.437211005866
Q_MOMENTUM 5.28 278 0.0186732777775 2.0133039488 2.01855183384 0.430021085823 0.421801637701 1.62732335209 0.00236270844349
AMR_VOLUME_STAGE 5.28 278 0 40.526275993447435 -6.4303959031992396e-08
AMR_VOLUME_STAGE 5.28 278 1 40.526275993447435 -6.4303959031992396e-08
Q_CLEANUP 5.28 278 0 -0
AMR_VOLUME_STAGE 5.28 278 2 40.526275993447435 -6.4303959031992396e-08
POSTADAPT_REPROJECT 5.28 278 21 7.94078292993e-09 1.40368380513e-11 9.6854635423e-11 1.3867835953e-05 1.97146223023e-08 0.000533743942143 0.00946759423462
AMR_VOLUME_STAGE 5.28 278 3 40.526275993447435 -6.4303959031992396e-08
RUN 5.3 279 40.5262759934 0.357020534223
Q_RUN 5.3 279 40.526275993447435 -6.43039593827e-08 -0 0 1.66533453694e-16 1.21430643318e-17 4
Q_CUTCELL_CFL 5.3 279 0.0313048857582 0.0313048857582 0.129957793654 0 291
SHORE 5.3 279 45.6875 0.000346401011807 0.437620392231
Q_MOMENTUM 5.3 279 0.0186099178394 2.0159804791 2.01765540408 0.429768580224 0.421705088878 1.72278075202 0.00236081419128
AMR_VOLUME_STAGE 5.3 279 0 40.526275993450355 -6.4303886971819457e-08
AMR_VOLUME_STAGE 5.3 279 1 40.526275993450355 -6.4303886971819457e-08
Q_CLEANUP 5.3 279 0 -0
AMR_VOLUME_STAGE 5.3 279 2 40.526275993450355 -6.4303886971819457e-08
POSTADAPT_REPROJECT 5.3 279 22 3.7360387489e-09 4.647014247e-12 3.21953574911e-11 1.37325577365e-05 3.9971377805e-08 0.00053432583366 0.00952022074436
AMR_VOLUME_STAGE 5.3 279 3 40.526275993450355 -6.4303886971819457e-08
RUN 5.32 280 40.5262759935 0.356481652045
Q_RUN 5.32 280 40.526275993450355 -6.43038873225e-08 -0 0 1.66533453694e-16 3.13334427848e-17 10
Q_CUTCELL_CFL 5.32 280 0.0313093735241 0.0313093735241 0.131750754279 0 292
SHORE 5.32 280 45.6875 0.000327748256259 0.440754139263
Q_MOMENTUM 5.32 280 0.0204885875446 2.01221545785 2.00859600282 0.430152207344 0.421811224779 1.68201385577 0.00234922686296
AMR_VOLUME_STAGE 5.32 280 0 40.526275993449353 -6.4303911693192652e-08
AMR_VOLUME_STAGE 5.32 280 1 40.526275993449353 -6.4303911693192652e-08
Q_CLEANUP 5.32 280 0 -0
AMR_VOLUME_STAGE 5.32 280 2 40.526275993449353 -6.4303911693192652e-08
POSTADAPT_REPROJECT 5.32 280 22 3.9625089743e-09 4.62429680469e-12 3.13449266542e-11 1.68532576142e-05 1.53817898877e-08 0.000535800931727 0.00956867105169
AMR_VOLUME_STAGE 5.32 280 3 40.526275993449353 -6.4303911693192652e-08
RUN 5.34 281 40.5262759934 0.355265743299
Q_RUN 5.34 281 40.526275993449353 -6.43039120439e-08 -0 0 1.66533453694e-16 8.45677694539e-18 6
Q_CUTCELL_CFL 5.34 281 0.031327005584 0.031327005584 0.133548937914 0 292
SHORE 5.34 281 45.6875 0.000308639118042 0.442988697067
Q_MOMENTUM 5.34 281 0.0204659798806 2.01239196481 2.0038910586 0.429664489971 0.421927818837 1.65357016283 0.00234941744022
AMR_VOLUME_STAGE 5.34 281 0 40.526275993448387 -6.4303935537921409e-08
AMR_VOLUME_STAGE 5.34 281 1 40.526275993448387 -6.4303935537921409e-08
Q_CLEANUP 5.34 281 0 -0
AMR_VOLUME_STAGE 5.34 281 2 40.526275993448387 -6.4303935537921409e-08
POSTADAPT_REPROJECT 5.34 281 22 3.91534499458e-09 4.43178993046e-12 2.92657009737e-11 1.71069965458e-05 1.45707559911e-07 0.000548356407806 0.00960946195638
AMR_VOLUME_STAGE 5.34 281 3 40.526275993448387 -6.4303935537921409e-08
RUN 5.36 282 40.5262759934 0.357601303605
Q_RUN 5.36 282 40.526275993448387 -6.43039358886e-08 -0 0 1.66533453694e-16 3.46944695195e-18 1
Q_CUTCELL_CFL 5.36 282 0.031331167387 0.031331167387 0.135383395004 0 290
SHORE 5.36 282 45.6875 0.000288962122094 0.444743299043
Q_MOMENTUM 5.36 282 0.0180004146587 2.00978549183 2.01496608032 0.429775898527 0.421993507093 1.67499378153 0.00236172685995
AMR_VOLUME_STAGE 5.36 282 0 40.526275993447648 -6.4303953772125754e-08
AMR_VOLUME_STAGE 5.36 282 1 40.526275993447648 -6.4303953772125754e-08
Q_CLEANUP 5.36 282 0 -0
AMR_VOLUME_STAGE 5.36 282 2 40.526275993447648 -6.4303953772125754e-08
POSTADAPT_REPROJECT 5.36 282 22 3.6800101304e-09 4.3936856855e-12 2.39643860311e-11 1.49812783394e-05 9.87137437627e-09 0.000551952878285 0.00964631234537
AMR_VOLUME_STAGE 5.36 282 3 40.526275993447648 -6.4303953772125754e-08
RUN 5.38 283 40.5262759934 0.358391638158
Q_RUN 5.38 283 40.526275993447648 -6.43039541228e-08 -0 0 1.66533453694e-16 1.39862080251e-17 5
Q_CUTCELL_CFL 5.38 283 0.0312387339104 0.0312387339104 0.13759730038 0 290
SHORE 5.38 283 44.3125 0.000270840861608 0.446426560368
Q_MOMENTUM 5.38 283 0.0177316371269 2.00900240881 2.01548216925 0.4297414714 0.422076371553 1.72815730484 0.00236153530139
AMR_VOLUME_STAGE 5.38 283 0 40.526275993446788 -6.4303974986921183e-08
AMR_VOLUME_STAGE 5.38 283 1 40.526275993446788 -6.4303974986921183e-08
Q_CLEANUP 5.38 283 0 -0
AMR_VOLUME_STAGE 5.38 283 2 40.526275993446788 -6.4303974986921183e-08
POSTADAPT_REPROJECT 5.38 283 22 3.32530363559e-09 4.14482056914e-12 1.94117222296e-11 1.46319494621e-05 1.77871148618e-08 0.000543880981195 0.00967487877986
AMR_VOLUME_STAGE 5.38 283 3 40.526275993446788 -6.4303974986921183e-08
RUN 5.4 284 40.5262759934 0.357116034284
Q_RUN 5.4 284 40.526275993446788 -6.43039753376e-08 -0 0 1.66533453694e-16 1.19262238973e-17 5
Q_CUTCELL_CFL 5.4 284 0.0312400502139 0.0312400502139 0.140349069102 0 290
SHORE 5.4 284 44.3125 0.00025205050732 0.447498596172
Q_MOMENTUM 5.4 284 0.0193527572861 2.00869652238 2.00960193686 0.429630273652 0.421989514897 1.67566736661 0.00235370808241
AMR_VOLUME_STAGE 5.4 284 0 40.526275993446028 -6.4303993747112195e-08
AMR_VOLUME_STAGE 5.4 284 1 40.526275993446028 -6.4303993747112195e-08
Q_CLEANUP 5.4 284 0 -0
AMR_VOLUME_STAGE 5.4 284 2 40.526275993446028 -6.4303993747112195e-08
POSTADAPT_REPROJECT 5.4 284 21 9.52170060393e-09 1.23020592709e-11 5.62853097463e-11 1.95463273225e-05 1.60808403743e-08 0.00054137879511 0.00969992846268
AMR_VOLUME_STAGE 5.4 284 3 40.526275993446028 -6.4303993747112195e-08
RUN 5.42 285 40.5262759934 0.356319278757
Q_RUN 5.42 285 40.526275993446028 -6.43039940978e-08 -0 0 1.66533453694e-16 8.39579057318e-18 7
Q_CUTCELL_CFL 5.42 285 0.0312556067296 0.0312556067296 0.142916352548 0 290
SHORE 5.42 285 44.3125 0.000233444470369 0.448046794297
Q_MOMENTUM 5.42 285 0.02139006481 2.01126371692 2.00657361491 0.428976087561 0.421944278896 1.64484610357 0.00234890818165
AMR_VOLUME_STAGE 5.42 285 0 40.526275993448145 -6.4303941499103605e-08
AMR_VOLUME_STAGE 5.42 285 1 40.526275993448145 -6.4303941499103605e-08
Q_CLEANUP 5.42 285 0 -0
AMR_VOLUME_STAGE 5.42 285 2 40.526275993448145 -6.4303941499103605e-08
POSTADAPT_REPROJECT 5.42 285 21 9.37530639083e-09 1.2259614533e-11 5.75772762801e-11 1.77670393049e-05 6.99186125585e-08 0.00054635969361 0.00971604395504
AMR_VOLUME_STAGE 5.42 285 3 40.526275993448145 -6.4303941499103605e-08
RUN 5.44 286 40.5262759934 0.358057687851
Q_RUN 5.44 286 40.526275993448145 -6.43039418498e-08 -0 0 1.66533453694e-16 1.17093834628e-17 5
Q_CUTCELL_CFL 5.44 286 0.0312805762284 0.0312805762284 0.145201847892 0 290
SHORE 5.44 286 44.3125 0.000215003976526 0.447955758817
Q_MOMENTUM 5.44 286 0.0174419599211 2.01163597998 2.00334913157 0.429378596274 0.421977987931 1.69694463968 0.00234288173786
AMR_VOLUME_STAGE 5.44 286 0 40.526275993450518 -6.4303882939255036e-08
AMR_VOLUME_STAGE 5.44 286 1 40.526275993450518 -6.4303882939255036e-08
Q_CLEANUP 5.44 286 0 -0
AMR_VOLUME_STAGE 5.44 286 2 40.526275993450518 -6.4303882939255036e-08
POSTADAPT_REPROJECT 5.44 286 21 8.83713716329e-09 1.21275409381e-11 7.16624259933e-11 1.46384551452e-05 2.58558894042e-08 0.000541712851677 0.00972911048351
AMR_VOLUME_STAGE 5.44 286 3 40.526275993450518 -6.4303882939255036e-08
RUN 5.46 287 40.5262759935 0.358401987062
Q_RUN 5.46 287 40.526275993450518 -6.43038832899e-08 -0 0 1.66533453694e-16 2.96021140581e-17 13
Q_CUTCELL_CFL 5.46 287 0.031307710617 0.031307710617 0.147361469198 0 290
SHORE 5.46 287 44.3125 0.000195649855126 0.447582743373
Q_MOMENTUM 5.46 287 0.0177013850325 2.00825280276 1.99986655407 0.429293764403 0.421998743249 1.71715361483 0.00234517673742
AMR_VOLUME_STAGE 5.46 287 0 40.526275993452792 -6.430382683401091e-08
AMR_VOLUME_STAGE 5.46 287 1 40.526275993452792 -6.430382683401091e-08
Q_CLEANUP 5.46 287 0 -0
AMR_VOLUME_STAGE 5.46 287 2 40.526275993452792 -6.430382683401091e-08
POSTADAPT_REPROJECT 5.46 287 21 9.24606602102e-09 1.24685815482e-11 8.2560375203e-11 1.41992714018e-05 2.43341865369e-08 0.00054219890522 0.00973275314876
AMR_VOLUME_STAGE 5.46 287 3 40.526275993452792 -6.430382683401091e-08
RUN 5.48 288 40.5262759935 0.35714621269
Q_RUN 5.48 288 40.526275993452792 -6.43038271847e-08 -0 0 1.66533453694e-16 1.68051336735e-17 8
Q_CUTCELL_CFL 5.48 288 0.0313225918147 0.0313225918147 0.149273904174 0 290
SHORE 5.48 288 44.3125 0.000176875690398 0.447021181481
Q_MOMENTUM 5.48 288 0.0193275374236 2.00068649115 2.00271335827 0.429299232652 0.42209129244 1.67286875315 0.00234638965178
AMR_VOLUME_STAGE 5.48 288 0 40.526275993455108 -6.430376967679346e-08
AMR_VOLUME_STAGE 5.48 288 1 40.526275993455108 -6.430376967679346e-08
Q_CLEANUP 5.48 288 0 -0
AMR_VOLUME_STAGE 5.48 288 2 40.526275993455108 -6.430376967679346e-08
POSTADAPT_REPROJECT 5.48 288 21 9.65057650745e-09 1.28070440923e-11 9.21077381033e-11 1.39163962766e-05 2.25446859173e-08 0.000542579415003 0.00973404134962
AMR_VOLUME_STAGE 5.48 288 3 40.526275993455108 -6.430376967679346e-08
RUN 5.5 289 40.5262759935 0.357006230949
Q_RUN 5.5 289 40.526275993455108 -6.43037700275e-08 -0 0 1.66533453694e-16 2.34187669257e-17 10
Q_CUTCELL_CFL 5.5 289 0.031333355888 0.031333355888 0.151307598065 0 291
SHORE 5.5 289 44.3125 0.00015966699707 0.445742613947
Q_MOMENTUM 5.5 289 0.0229443339214 2.0016258425 2.01042624178 0.428887279851 0.422210057553 1.6327227075 0.00235336578057
AMR_VOLUME_STAGE 5.5 289 0 40.526275993457631 -6.4303707435038253e-08
AMR_VOLUME_STAGE 5.5 289 1 40.526275993457631 -6.4303707435038253e-08
Q_CLEANUP 5.5 289 0 -0
AMR_VOLUME_STAGE 5.5 289 2 40.526275993457631 -6.4303707435038253e-08
POSTADAPT_REPROJECT 5.5 289 22 3.3088717146e-09 4.36410836147e-12 3.40593109271e-11 1.35467169642e-05 1.19148505308e-08 0.000542416869 0.00972518997072
AMR_VOLUME_STAGE 5.5 289 3 40.526275993457631 -6.4303707435038253e-08
RUN 5.52 290 40.5262759935 0.358728122134
Q_RUN 5.52 290 40.526275993457631 -6.43037077857e-08 -0 0 1.66533453694e-16 1.33594036441e-17 9
Q_CUTCELL_CFL 5.52 290 0.0313335838541 0.0313335838541 0.152920182545 0 291
SHORE 5.52 290 44.0625 0.000143069206109 0.447737094849
Q_MOMENTUM 5.52 290 0.0188564118234 2.01497876522 2.01650740106 0.429620077189 0.422289241814 1.72440133366 0.00235868325721
AMR_VOLUME_STAGE 5.52 290 0 40.5262759934568 -6.4303727948518142e-08
AMR_VOLUME_STAGE 5.52 290 1 40.5262759934568 -6.4303727948518142e-08
Q_CLEANUP 5.52 290 0 -0
AMR_VOLUME_STAGE 5.52 290 2 40.5262759934568 -6.4303727948518142e-08
POSTADAPT_REPROJECT 5.52 290 22 3.40389475503e-09 4.43967522115e-12 3.61731200549e-11 1.32927747275e-05 2.17076694913e-08 0.000542186214721 0.00971477026706
AMR_VOLUME_STAGE 5.52 290 3 40.5262759934568 -6.4303727948518142e-08
RUN 5.54 291 40.5262759935 0.35799137976
Q_RUN 5.54 291 40.5262759934568 -6.43037282992e-08 -0 0 1.66533453694e-16 1.09919465565e-17 8
Q_CUTCELL_CFL 5.54 291 0.0313342376448 0.0313342376448 0.154122705165 0 291
SHORE 5.54 291 44.0625 0.000127023154037 0.449822072201
Q_MOMENTUM 5.54 291 0.0185472526972 2.01786690353 2.01125717056 0.430079618937 0.422421740722 1.70640979657 0.00235030529493
AMR_VOLUME_STAGE 5.54 291 0 40.526275993455911 -6.4303749864629124e-08
AMR_VOLUME_STAGE 5.54 291 1 40.526275993455911 -6.4303749864629124e-08
Q_CLEANUP 5.54 291 0 -0
AMR_VOLUME_STAGE 5.54 291 2 40.526275993455911 -6.4303749864629124e-08
POSTADAPT_REPROJECT 5.54 291 21 9.6616244633e-09 1.35990173829e-11 1.18850818076e-10 1.54849703118e-05 1.99137915258e-07 0.00054811646247 0.00969362705767
AMR_VOLUME_STAGE 5.54 291 3 40.526275993455911 -6.4303749864629124e-08
RUN 5.56 292 40.5262759935 0.356666099121
Q_RUN 5.56 292 40.526275993455911 -6.43037502153e-08 -0 0 1.66533453694e-16 1.5720931501e-17 7
Q_CUTCELL_CFL 5.56 292 0.0313588255319 0.0313588255319 0.155484660578 0 291
SHORE 5.56 292 44.0625 0.000115319897422 0.451433448834
Q_MOMENTUM 5.56 292 0.0182925607301 2.01394079308 2.0005382459 0.430101965868 0.422526387894 1.66979183516 0.00233551022357
AMR_VOLUME_STAGE 5.56 292 0 40.526275993458462 -6.4303686921558364e-08
AMR_VOLUME_STAGE 5.56 292 1 40.526275993458462 -6.4303686921558364e-08
Q_CLEANUP 5.56 292 0 -0
AMR_VOLUME_STAGE 5.56 292 2 40.526275993458462 -6.4303686921558364e-08
POSTADAPT_REPROJECT 5.56 292 21 8.76445106918e-09 1.45464264867e-11 1.22299642635e-10 1.53588690333e-05 2.21168641512e-08 0.000567467867247 0.00967178778922
AMR_VOLUME_STAGE 5.56 292 3 40.526275993458462 -6.4303686921558364e-08
RUN 5.58 293 40.5262759935 0.357115251956
Q_RUN 5.58 293 40.526275993458462 -6.43036872722e-08 -0 0 1.66533453694e-16 5.96311194867e-18 4
Q_CUTCELL_CFL 5.58 293 0.0313803642948 0.0313803642948 0.156741300946 0 290
SHORE 5.58 293 44.0625 0.000100937415829 0.452620468639
Q_MOMENTUM 5.58 293 0.0237646267146 2.00606627967 2.00187657953 0.42958241724 0.422726954688 1.70014080055 0.00234698692629
AMR_VOLUME_STAGE 5.58 293 0 40.526275993461411 -6.4303614160069885e-08
AMR_VOLUME_STAGE 5.58 293 1 40.526275993461411 -6.4303614160069885e-08
Q_CLEANUP 5.58 293 0 -0
AMR_VOLUME_STAGE 5.58 293 2 40.526275993461411 -6.4303614160069885e-08
POSTADAPT_REPROJECT 5.58 293 21 6.93460001392e-09 1.44827825667e-11 1.18385634629e-10 1.42615450275e-05 6.91511838055e-08 0.000542891454305 0.00963865212744
AMR_VOLUME_STAGE 5.58 293 3 40.526275993461411 -6.4303614160069885e-08
RUN 5.6 294 40.5262759935 0.358345619329
Q_RUN 5.6 294 40.526275993461411 -6.43036145107e-08 -0 0 1.66533453694e-16 1.11687646843e-17 7
Q_CUTCELL_CFL 5.6 294 0.0313876783311 0.0313876783311 0.157754695869 0 290
SHORE 5.6 294 44.0625 9.46641779685e-05 0.453595798583
Q_MOMENTUM 5.6 294 0.0209518155894 1.99326797183 2.00333266713 0.430419647539 0.422687280356 1.71900291049 0.00234722385554
AMR_VOLUME_STAGE 5.6 294 0 40.526275993464338 -6.4303541924568074e-08
AMR_VOLUME_STAGE 5.6 294 1 40.526275993464338 -6.4303541924568074e-08
Q_CLEANUP 5.6 294 0 -0
AMR_VOLUME_STAGE 5.6 294 2 40.526275993464338 -6.4303541924568074e-08
POSTADAPT_REPROJECT 5.6 294 21 6.12751394633e-09 1.4926691481e-11 1.19355553219e-10 1.39024193081e-05 1.34877827814e-08 0.000541701277383 0.00960581057863
AMR_VOLUME_STAGE 5.6 294 3 40.526275993464338 -6.4303541924568074e-08
RUN 5.62 295 40.5262759935 0.355428863377
Q_RUN 5.62 295 40.526275993464338 -6.43035422752e-08 -0 0 1.66533453694e-16 1.77944681559e-17 9
Q_CUTCELL_CFL 5.62 295 0.0313987076792 0.0313987076792 0.158805289917 0 289
SHORE 5.62 295 44.0625 8.61696794363e-05 0.453909571565
Q_MOMENTUM 5.62 295 0.0182451548532 1.999681508 1.99759053193 0.430349989147 0.422640657803 1.69417120609 0.00233924503239
AMR_VOLUME_STAGE 5.62 295 0 40.526275993467557 -6.4303462500581859e-08
AMR_VOLUME_STAGE 5.62 295 1 40.526275993467557 -6.4303462500581859e-08
Q_CLEANUP 5.62 295 0 -0
AMR_VOLUME_STAGE 5.62 295 2 40.526275993467557 -6.4303462500581859e-08
POSTADAPT_REPROJECT 5.62 295 21 6.02466223175e-09 1.47141596905e-11 1.12242076744e-10 1.34490231469e-05 6.90856576179e-08 0.000540480298314 0.00956118085363
AMR_VOLUME_STAGE 5.62 295 3 40.526275993467557 -6.4303462500581859e-08
RUN 5.64 296 40.5262759935 0.354283063711
Q_RUN 5.64 296 40.526275993467557 -6.43034628512e-08 -0 0 1.66533453694e-16 1.81061762805e-17 9
Q_CUTCELL_CFL 5.64 296 0.0314283221066 0.0314283221066 0.159631398222 0 289
SHORE 5.64 296 44.0625 7.90625812202e-05 0.453698298888
Q_MOMENTUM 5.64 296 0.017819734559 2.00178005653 1.99547500442 0.430036905251 0.422489006137 1.65350511343 0.00233335048348
AMR_VOLUME_STAGE 5.64 296 0 40.526275993470577 -6.430338798580449e-08
AMR_VOLUME_STAGE 5.64 296 1 40.526275993470577 -6.430338798580449e-08
Q_CLEANUP 5.64 296 0 -0
AMR_VOLUME_STAGE 5.64 296 2 40.526275993470577 -6.430338798580449e-08
POSTADAPT_REPROJECT 5.64 296 21 5.64038665503e-09 1.41016330392e-11 9.70552527235e-11 1.3109768897e-05 1.11564965442e-08 0.000539499946639 0.00951792023229
AMR_VOLUME_STAGE 5.64 296 3 40.526275993470577 -6.430338798580449e-08
RUN 5.66 297 40.5262759935 0.355437048656
Q_RUN 5.66 297 40.526275993470577 -6.43033883365e-08 -0 0 1.66533453694e-16 1.14925430283e-17 7
Q_CUTCELL_CFL 5.66 297 0.0314618053694 0.0314618053694 0.16037003349 0 291
SHORE 5.66 297 44.0625 7.0590659832e-05 0.453187986268
Q_MOMENTUM 5.66 297 0.0196283420225 1.99865031805 1.9854094923 0.429311073838 0.42238819587 1.73113770544 0.0023229597384
AMR_VOLUME_STAGE 5.66 297 0 40.526275993473213 -6.4303322938787083e-08
AMR_VOLUME_STAGE 5.66 297 1 40.526275993473213 -6.4303322938787083e-08
Q_CLEANUP 5.66 297 0 -0
AMR_VOLUME_STAGE 5.66 297 2 40.526275993473213 -6.4303322938787083e-08
POSTADAPT_REPROJECT 5.66 297 21 5.88256654079e-09 1.35584260423e-11 8.79076811344e-11 1.26770508949e-05 1.0281870374e-08 0.000538364650423 0.00946230811081
AMR_VOLUME_STAGE 5.66 297 3 40.526275993473213 -6.4303322938787083e-08
RUN 5.68 298 40.5262759935 0.355063507266
Q_RUN 5.68 298 40.526275993473213 -6.43033232894e-08 -0 0 1.66533453694e-16 1.71303943253e-17 7
Q_CUTCELL_CFL 5.68 298 0.0314872953012 0.0314872953012 0.160951163427 0 289
SHORE 5.68 298 44.0625 6.21521978945e-05 0.452197927851
Q_MOMENTUM 5.68 298 0.0203342150077 1.9901558445 1.98580086163 0.429699775424 0.422096654175 1.69758140697 0.00233098273232
AMR_VOLUME_STAGE 5.68 298 0 40.526275993475707 -6.430326139834743e-08
AMR_VOLUME_STAGE 5.68 298 1 40.526275993475707 -6.430326139834743e-08
Q_CLEANUP 5.68 298 0 -0
AMR_VOLUME_STAGE 5.68 298 2 40.526275993475707 -6.430326139834743e-08
POSTADAPT_REPROJECT 5.68 298 21 7.97982932586e-09 1.31509788065e-11 7.8721806851e-11 1.23463072239e-05 1.66128006383e-08 0.000537217130062 0.00940922674947
AMR_VOLUME_STAGE 5.68 298 3 40.526275993475707 -6.430326139834743e-08
RUN 5.7 299 40.5262759935 0.350906409673
Q_RUN 5.7 299 40.526275993475707 -6.4303261749e-08 -0 0 1.66533453694e-16 7.5894152074e-18 5
Q_CUTCELL_CFL 5.7 299 0.0315096193132 0.0315096193132 0.161424571447 0 289
SHORE 5.7 299 44.0625 5.49624139392e-05 0.450863199244
Q_MOMENTUM 5.7 299 0.0174155372702 1.97970719788 1.98756677033 0.429140349844 0.421740135627 1.67367220525 0.0023318927066
AMR_VOLUME_STAGE 5.7 299 0 40.526275993478158 -6.4303200909881112e-08
AMR_VOLUME_STAGE 5.7 299 1 40.526275993478158 -6.4303200909881112e-08
Q_CLEANUP 5.7 299 0 -0
AMR_VOLUME_STAGE 5.7 299 2 40.526275993478158 -6.4303200909881112e-08
POSTADAPT_REPROJECT 5.7 299 21 8.68448320735e-09 1.19333811146e-11 6.0489502296e-11 1.19245009852e-05 1.17640001417e-08 0.000535856805973 0.00934331320975
AMR_VOLUME_STAGE 5.7 299 3 40.526275993478158 -6.4303200909881112e-08
RUN 5.72 300 40.5262759935 0.349874620486
Q_RUN 5.72 300 40.526275993478158 -6.43032012605e-08 -0 0 1.66533453694e-16 7.3725747729e-18 4
Q_CUTCELL_CFL 5.72 300 0.0315329801587 0.0315329801587 0.161777195113 0 289
SHORE 5.72 300 44.0625 4.80030431006e-05 0.45201754877
Q_MOMENTUM 5.72 300 0.0181071166969 1.98026364209 1.9813887152 0.428739931589 0.421478586228 1.62596889308 0.00232270304816
AMR_VOLUME_STAGE 5.72 300 0 40.526275993479878 -6.4303158480290241e-08
AMR_VOLUME_STAGE 5.72 300 1 40.526275993479878 -6.4303158480290241e-08
Q_CLEANUP 5.72 300 0 -0
AMR_VOLUME_STAGE 5.72 300 2 40.526275993479878 -6.4303158480290241e-08
POSTADAPT_REPROJECT 5.72 300 21 8.90370267049e-09 1.17778464971e-11 5.38993294441e-11 1.1607496557e-05 1.51242370971e-08 0.000534782292331 0.00928122810248
AMR_VOLUME_STAGE 5.72 300 3 40.526275993479878 -6.4303158480290241e-08
RUN 5.74 301 40.5262759935 0.351044318598
Q_RUN 5.74 301 40.526275993479878 -6.43031588309e-08 -0 0 1.66533453694e-16 2.75387351811e-17 10
Q_CUTCELL_CFL 5.74 301 0.0315688844742 0.0315688844742 0.162177191258 0 288
SHORE 5.74 301 44.0625 3.94511055227e-05 0.453751853061
Q_MOMENTUM 5.74 301 0.0177958019761 1.97580022048 1.96763285586 0.428466491289 0.42137775555 1.7289343665 0.00230409785849
AMR_VOLUME_STAGE 5.74 301 0 40.526275993481732 -6.4303112719450488e-08
AMR_VOLUME_STAGE 5.74 301 1 40.526275993481732 -6.4303112719450488e-08
Q_CLEANUP 5.74 301 0 -0
AMR_VOLUME_STAGE 5.74 301 2 40.526275993481732 -6.4303112719450488e-08
POSTADAPT_REPROJECT 5.74 301 21 8.72232072696e-09 1.15529879833e-11 5.39172040348e-11 1.11941227736e-05 4.63405471957e-08 0.000533517987705 0.00920586687301
AMR_VOLUME_STAGE 5.74 301 3 40.526275993481732 -6.4303112719450488e-08
RUN 5.76 302 40.5262759935 0.350079657189
Q_RUN 5.76 302 40.526275993481732 -6.43031130701e-08 -0 0 1.66533453694e-16 1.62071284128e-17 9
Q_CUTCELL_CFL 5.76 302 0.0316258702708 0.0316258702708 0.162550528372 0 287
SHORE 5.76 302 44.0625 3.2069542429e-05 0.45498188241
Q_MOMENTUM 5.76 302 0.0196444397974 1.96732715349 1.95590188256 0.428683223276 0.421287039485 1.68674825549 0.00229843333963
AMR_VOLUME_STAGE 5.76 302 0 40.526275993483338 -6.430307309512183e-08
AMR_VOLUME_STAGE 5.76 302 1 40.526275993483338 -6.430307309512183e-08
Q_CLEANUP 5.76 302 0 -0
AMR_VOLUME_STAGE 5.76 302 2 40.526275993483338 -6.430307309512183e-08
POSTADAPT_REPROJECT 5.76 302 21 8.75462909486e-09 1.15532085906e-11 5.4102278213e-11 1.08823544473e-05 1.60987394853e-08 0.000532391302633 0.00913567065649
AMR_VOLUME_STAGE 5.76 302 3 40.526275993483338 -6.430307309512183e-08
RUN 5.78 303 40.5262759935 0.347327919281
Q_RUN 5.78 303 40.526275993483338 -6.43030734458e-08 -0 0 1.66533453694e-16 1.40946282423e-17 7
Q_CUTCELL_CFL 5.78 303 0.0316720188174 0.0316720188174 0.162734027994 0 287
SHORE 5.78 303 44.0625 2.38351498353e-05 0.455862403824
Q_MOMENTUM 5.78 303 0.0168871865514 1.96059607399 1.95899570755 0.428862957776 0.421580816876 1.66556561901 0.00230230443827
AMR_VOLUME_STAGE 5.78 303 0 40.526275993484973 -6.4303032769477605e-08
AMR_VOLUME_STAGE 5.78 303 1 40.526275993484973 -6.4303032769477605e-08
Q_CLEANUP 5.78 303 0 -0
AMR_VOLUME_STAGE 5.78 303 2 40.526275993484973 -6.4303032769477605e-08
POSTADAPT_REPROJECT 5.78 303 21 7.70776985867e-09 1.17442553432e-11 5.67447200339e-11 1.04300160314e-05 1.70659989119e-08 0.000531167732319 0.00905171170892
AMR_VOLUME_STAGE 5.78 303 3 40.526275993484973 -6.4303032769477605e-08
RUN 5.8 304 40.5262759935 0.347298292423
Q_RUN 5.8 304 40.526275993484973 -6.43030331201e-08 -0 0 1.66533453694e-16 1.88574945047e-17 9
Q_CUTCELL_CFL 5.8 304 0.0317130481032 0.0317130481032 0.162792152171 0 286
SHORE 5.8 304 44.0625 1.64950124152e-05 0.456443394319
Q_MOMENTUM 5.8 304 0.0191513019506 1.9515921176 1.95885933154 0.428662536764 0.421614119433 1.62108035321 0.00230101460913
AMR_VOLUME_STAGE 5.8 304 0 40.526275993486813 -6.4302987359295649e-08
AMR_VOLUME_STAGE 5.8 304 1 40.526275993486813 -6.4302987359295649e-08
Q_CLEANUP 5.8 304 0 -0
AMR_VOLUME_STAGE 5.8 304 2 40.526275993486813 -6.4302987359295649e-08
POSTADAPT_REPROJECT 5.8 304 21 8.18064119304e-09 1.21109367633e-11 6.11225514646e-11 1.01055943996e-05 8.72077376889e-09 0.000530014589344 0.00897439167152
AMR_VOLUME_STAGE 5.8 304 3 40.526275993486813 -6.4302987359295649e-08
RUN 5.82 305 40.5262759935 0.349041445487
Q_RUN 5.82 305 40.526275993486813 -6.430298771e-08 -0 0 1.66533453694e-16 2.67764055286e-17 11
Q_CUTCELL_CFL 5.82 305 0.0317548355566 0.0317548355566 0.162829818331 0 286
SHORE 5.82 305 44.0625 8.82861092366e-06 0.45671158344
Q_MOMENTUM 5.82 305 0.017733023375 1.95557746417 1.95371786521 0.4289168282 0.421661799519 1.73193155611 0.00229358394925
AMR_VOLUME_STAGE 5.82 305 0 40.526275993488753 -6.430293949450925e-08
AMR_VOLUME_STAGE 5.82 305 1 40.526275993488753 -6.430293949450925e-08
Q_CLEANUP 5.82 305 0 -0
AMR_VOLUME_STAGE 5.82 305 2 40.526275993488753 -6.430293949450925e-08
POSTADAPT_REPROJECT 5.82 305 21 8.85071924565e-09 1.25655840177e-11 6.84902412562e-11 9.68346701308e-06 1.11496291227e-08 0.00052886338052 0.00888284754356
AMR_VOLUME_STAGE 5.82 305 3 40.526275993488753 -6.430293949450925e-08
RUN 5.84 306 40.5262759935 0.348342449327
Q_RUN 5.84 306 40.526275993488753 -6.43029398452e-08 -0 0 1.66533453694e-16 3.01408203951e-17 13
Q_CUTCELL_CFL 5.84 306 0.0318033036642 0.0318033036642 0.162811732992 0 286
SHORE 5.84 306 44.0625 3.46372974228e-07 0.456478532016
Q_MOMENTUM 5.84 306 0.0198547101082 1.95689199837 1.9464616932 0.429093068034 0.421737457394 1.68626248224 0.00228344277646
AMR_VOLUME_STAGE 5.84 306 0 40.526275993490778 -6.4302889525776192e-08
AMR_VOLUME_STAGE 5.84 306 1 40.526275993490778 -6.4302889525776192e-08
Q_CLEANUP 5.84 306 0 -0
AMR_VOLUME_STAGE 5.84 306 2 40.526275993490778 -6.4302889525776192e-08
POSTADAPT_REPROJECT 5.84 306 21 9.53662342694e-09 1.30955817147e-11 7.66011698516e-11 9.35504307408e-06 8.12829596665e-09 0.00052785533094 0.00879936294964
AMR_VOLUME_STAGE 5.84 306 3 40.526275993490778 -6.4302889525776192e-08
RUN 5.86 307 40.5262759935 0.346695400446
Q_RUN 5.86 307 40.526275993490778 -6.43028898764e-08 -0 0 1.66533453694e-16 8.89045781438e-18 5
Q_CUTCELL_CFL 5.86 307 0.0318613167703 0.0318613167703 0.162726877232 0 286
SHORE 5.86 307 44.0625 7.3532621824e-06 0.456061754322
Q_MOMENTUM 5.86 307 0.0168159629428 1.95878306331 1.93919373509 0.4288874446 0.421693673984 1.65765945076 0.0022811439555
AMR_VOLUME_STAGE 5.86 307 0 40.526275993493101 -6.4302832193229857e-08
AMR_VOLUME_STAGE 5.86 307 1 40.526275993493101 -6.4302832193229857e-08
Q_CLEANUP 5.86 307 0 -0
AMR_VOLUME_STAGE 5.86 307 2 40.526275993493101 -6.4302832193229857e-08
POSTADAPT_REPROJECT 5.86 307 21 9.65519970051e-09 1.3672177597e-11 1.10946085652e-10 8.89348758006e-06 2.54325154068e-08 0.000529358734569 0.00870120555718
AMR_VOLUME_STAGE 5.86 307 3 40.526275993493101 -6.4302832193229857e-08
RUN 5.88 308 40.5262759935 0.347431053201
Q_RUN 5.88 308 40.526275993493101 -6.43028325439e-08 -0 0 1.66533453694e-16 1.08420217249e-17 6
Q_CUTCELL_CFL 5.88 308 0.0319040161618 0.0319040161618 0.162549963066 0 286
SHORE 5.88 308 44.0625 1.43381029899e-05 0.455033668539
Q_MOMENTUM 5.88 308 0.0212329716164 1.94236043031 1.95225689805 0.428317243469 0.421623853708 1.66176495341 0.00228752644785
AMR_VOLUME_STAGE 5.88 308 0 40.526275993495865 -6.4302763990292454e-08
AMR_VOLUME_STAGE 5.88 308 1 40.526275993495865 -6.4302763990292454e-08
Q_CLEANUP 5.88 308 0 -0
AMR_VOLUME_STAGE 5.88 308 2 40.526275993495865 -6.4302763990292454e-08
POSTADAPT_REPROJECT 5.88 308 21 9.71068274331e-09 1.41506379055e-11 1.16201492872e-10 8.59474676921e-06 2.1114298694e-09 0.000532696268199 0.00861262658746
AMR_VOLUME_STAGE 5.88 308 3 40.526275993495865 -6.4302763990292454e-08
RUN 5.9 309 40.5262759935 0.348813648812
Q_RUN 5.9 309 40.526275993495865 -6.4302764341e-08 -0 0 1.66533453694e-16 2.14672030152e-17 10
Q_CUTCELL_CFL 5.9 309 0.0319450764782 0.0319450764782 0.162201547421 0 286
SHORE 5.9 309 44.0625 2.28044310324e-05 0.453584932612
Q_MOMENTUM 5.9 309 0.0182068956201 1.96572289639 1.96089760916 0.428792918926 0.421575776259 1.71963305228 0.00230117112533
AMR_VOLUME_STAGE 5.9 309 0 40.526275993498615 -6.4302696138012834e-08
AMR_VOLUME_STAGE 5.9 309 1 40.526275993498615 -6.4302696138012834e-08
Q_CLEANUP 5.9 309 0 -0
AMR_VOLUME_STAGE 5.9 309 2 40.526275993498615 -6.4302696138012834e-08
POSTADAPT_REPROJECT 5.9 309 21 8.65050870898e-09 1.41814358544e-11 1.14903697668e-10 8.2455045383e-06 5.98276130205e-08 0.000536418737865 0.00850887480492
AMR_VOLUME_STAGE 5.9 309 3 40.526275993498615 -6.4302696138012834e-08
RUN 5.92 310 40.5262759935 0.348298106066
Q_RUN 5.92 310 40.526275993498615 -6.43026964887e-08 -0 0 1.66533453694e-16 1.04083408559e-17 3
Q_CUTCELL_CFL 5.92 310 0.0319935374791 0.0319935374791 0.161776706102 0 286
SHORE 5.92 310 44.0625 3.04617764426e-05 0.452638263879
Q_MOMENTUM 5.92 310 0.0197113753686 1.9659120484 1.95099233576 0.428605555901 0.421635321005 1.67498866696 0.00229305472665
AMR_VOLUME_STAGE 5.92 310 0 40.526275993501471 -6.43026256557999e-08
AMR_VOLUME_STAGE 5.92 310 1 40.526275993501471 -6.43026256557999e-08
Q_CLEANUP 5.92 310 0 -0
AMR_VOLUME_STAGE 5.92 310 2 40.526275993501471 -6.43026256557999e-08
POSTADAPT_REPROJECT 5.92 310 21 7.90758089403e-09 1.45814699898e-11 1.15013443214e-10 7.96447883222e-06 1.99434633601e-09 0.000541308820458 0.00841639776994
AMR_VOLUME_STAGE 5.92 310 3 40.526275993501471 -6.43026256557999e-08
RUN 5.94 311 40.5262759935 0.348242064977
Q_RUN 5.94 311 40.526275993501471 -6.43026260065e-08 -0 0 1.66533453694e-16 1.12689263303e-17 5
Q_CUTCELL_CFL 5.94 311 0.0320490232461 0.0320490232461 0.161324521427 0 286
SHORE 5.94 311 44.0625 3.83253267456e-05 0.453948973984
Q_MOMENTUM 5.94 311 0.0171922382121 1.96677596189 1.94400107295 0.428907652641 0.421920912792 1.64625252259 0.00228683763305
AMR_VOLUME_STAGE 5.94 311 0 40.526275993504392 -6.4302553595626974e-08
AMR_VOLUME_STAGE 5.94 311 1 40.526275993504392 -6.4302553595626974e-08
Q_CLEANUP 5.94 311 0 -0
AMR_VOLUME_STAGE 5.94 311 2 40.526275993504392 -6.4302553595626974e-08
POSTADAPT_REPROJECT 5.94 311 21 6.57906178959e-09 1.45652407955e-11 1.07152064999e-10 4.03613104044e-05 3.62917177291e-08 0.00070450679332 0.0143112701349
AMR_VOLUME_STAGE 5.94 311 3 40.526275993504392 -6.4302553595626974e-08
RUN 5.96 312 40.5262759935 0.349794761818
Q_RUN 5.96 312 40.526275993504392 -6.43025539463e-08 -0 0 1.66533453694e-16 2.01661604082e-17 8
Q_CUTCELL_CFL 5.96 312 0.032086590781 0.032086590781 0.160736683203 0 286
SHORE 5.96 312 44.0625 4.61381526633e-05 0.454908355215
Q_MOMENTUM 5.96 312 0.0192601982543 1.95574880836 1.96499858917 0.428462999045 0.421855777836 1.67269156835 0.00230402200172
AMR_VOLUME_STAGE 5.96 312 0 40.526275993507468 -6.4302477678218512e-08
AMR_VOLUME_STAGE 5.96 312 1 40.526275993507468 -6.4302477678218512e-08
Q_CLEANUP 5.96 312 0 -0
AMR_VOLUME_STAGE 5.96 312 2 40.526275993507468 -6.4302477678218512e-08
POSTADAPT_REPROJECT 5.96 312 21 5.53339436425e-09 1.41524003483e-11 9.39348043794e-11 1.16656485442e-05 2.32711466789e-08 0.000564636044684 0.00821570274068
AMR_VOLUME_STAGE 5.96 312 3 40.526275993507468 -6.4302477678218512e-08
RUN 5.98 313 40.5262759935 0.35043766612
Q_RUN 5.98 313 40.526275993507468 -6.43024780289e-08 -0 0 1.66533453694e-16 1.5720931501e-17 7
Q_CUTCELL_CFL 5.98 313 0.0321093482826 0.0321093482826 0.159992495451 0 286
SHORE 5.98 313 44.0625 5.39280174548e-05 0.455792403883
Q_MOMENTUM 5.98 313 0.0180231582649 1.97730168792 1.97383392444 0.429064530685 0.422008855547 1.71529325838 0.00231801813562
AMR_VOLUME_STAGE 5.98 313 0 40.526275993510218 -6.4302409825938892e-08
AMR_VOLUME_STAGE 5.98 313 1 40.526275993510218 -6.4302409825938892e-08
Q_CLEANUP 5.98 313 0 -0
AMR_VOLUME_STAGE 5.98 313 2 40.526275993510218 -6.4302409825938892e-08
POSTADAPT_REPROJECT 5.98 313 21 7.0348757275e-09 1.37506375348e-11 8.42564906733e-11 1.03889121464e-05 1.03829679717e-08 0.000567702869402 0.00810798207255
AMR_VOLUME_STAGE 5.98 313 3 40.526275993510218 -6.4302409825938892e-08
RUN 6 314 40.5262759935 0.349398796598
Q_RUN 6 314 40.526275993510218 -6.43024101766e-08 -0 0 1.66533453694e-16 1.32272665043e-17 6
Q_CUTCELL_CFL 6 314 0.0321224299344 0.0321224299344 0.159219552238 0 286
SHORE 6 314 44.0625 6.17183107871e-05 0.456195887946
