Q_CONSERVATIVE_REMAP 40.526278599457697 40.488406380853263 40.526278599447593 0.037872218604718448 0.047107488926113689
Q_INITIAL_MASS_REPAIR 0.037872218594587323 0.00093451014757381531
INIT_RECEIVER_CORRECTION 0 0 7.08511854028e-09 7.08511854028e-09 0 0 0 0 1.35829596717 -0.00725462165344 1.35829596717 -0.00725462165344
TRANSFER 0 0 40.5262785994 1.35829596717 -0.00725462165344 0.000325688638326 0.0303602415262 0.00444790868965 0.145870054701 10030
RUN 0 0 40.5262785994 0.404074636904
Q_RUN 0 0 40.526278599447402 0 -0 0 0 0 0
Q_CUTCELL_CFL 0 0 0.000620356124928 0.000620356124928 0.00438326804674 0 587
SHORE 0 0 45.96875 0 0.497752627102
Q_MOMENTUM 0 0 0.00171263808164 7.3327439477 7.33027401273 0.419669426017 0.419527089862 1.16860218163 0.00862385177946
AMR_VOLUME_STAGE 0 0 0 40.526278369759382 -5.6676363954296697e-09
AMR_VOLUME_STAGE 0 0 1 40.526278369759382 -5.6676363954296697e-09
Q_CLEANUP 0 0 0 -0
AMR_VOLUME_STAGE 0 0 2 40.526278369759382 -5.6676363954296697e-09
POSTADAPT_REPROJECT 0 0 27 8.0524606669e-09 3.50837466496e-12 2.38417962131e-11 1.9423415993e-05 2.613681042e-07 0.00166640327024 0.0621570139784
AMR_VOLUME_STAGE 0 0 3 40.526278369759382 -5.6676363954296697e-09
PROJECTED 0 0 40.5262783698 1.35829982112 -0.00682985156991 0.00427332061198 0.932582677746 3.35745606782e-12 2.38417962131e-11 7018
TRANSFER 0.000620356124928 1 40.5262783698 1.35829982112 -0.00682985156991 0.00427332061198 0.932582677746 3.35745606782e-12 2.38417962131e-11 7018
Q_MOMENTUM 0.000620356124928 1 0.00232775490008 7.32626511153 7.31963375521 0.419706391193 0.419431935887 1.16461684463 0.00861129620553
AMR_VOLUME_STAGE 0.000620356124928 1 0 40.526278369759467 -5.667634291483015e-09
AMR_VOLUME_STAGE 0.000620356124928 1 1 40.526278369759467 -5.667634291483015e-09
Q_CLEANUP 0.000620356124928 1 0 -0
AMR_VOLUME_STAGE 0.000620356124928 1 2 40.526278369759467 -5.667634291483015e-09
POSTADAPT_REPROJECT 0.000620356124928 1 22 9.90895648184e-09 4.32148452779e-12 2.97628378106e-11 1.78834771381e-05 2.48581802707e-07 0.00182328616529 0.058558308197
AMR_VOLUME_STAGE 0.000620356124928 1 3 40.526278369759467 -5.667634291483015e-09
PROJECTED 0.000620356124928 1 40.5262783698 1.35821664473 -0.00804333678736 0.00501027415391 0.938299304196 4.13580627741e-12 2.97628378106e-11 6710
TRANSFER 0.00183158386712 2 40.5262783698 1.35821664473 -0.00804333678736 0.00501027415391 0.938299304196 4.13580627741e-12 2.97628378106e-11 6710
Q_MOMENTUM 0.00183158386712 2 0.00235176576557 7.31764653639 7.30804918061 0.419747425946 0.419402272414 1.16346137873 0.00859741016418
AMR_VOLUME_STAGE 0.00183158386712 2 0 40.526278369759382 -5.6676363954296697e-09
AMR_VOLUME_STAGE 0.00183158386712 2 1 40.526278369759382 -5.6676363954296697e-09
Q_CLEANUP 0.00183158386712 2 0 -0
AMR_VOLUME_STAGE 0.00183158386712 2 2 40.526278369759382 -5.6676363954296697e-09
POSTADAPT_REPROJECT 0.00183158386712 2 20 3.11213073638e-09 1.34054616804e-12 8.53110073903e-12 1.14431831305e-05 3.00615733921e-06 0.00187540866044 0.0511699311266
AMR_VOLUME_STAGE 0.00183158386712 2 3 40.526278369759382 -5.6676363954296697e-09
PROJECTED 0.00183158386712 2 40.5262783698 1.35811308524 -0.00963546100013 0.00523524194761 0.938370121751 1.28294784379e-12 8.53110073903e-12 6695
Q_MOMENTUM 0.00334561854486 3 0.00246387857848 7.30224868494 7.29408323319 0.419750611227 0.419373236774 1.16360824546 0.00858049379148
AMR_VOLUME_STAGE 0.00334561854486 3 0 40.526278369759275 -5.6676390253629885e-09
AMR_VOLUME_STAGE 0.00334561854486 3 1 40.526278369759275 -5.6676390253629885e-09
Q_CLEANUP 0.00334561854486 3 0 -0
AMR_VOLUME_STAGE 0.00334561854486 3 2 40.526278369759275 -5.6676390253629885e-09
POSTADAPT_REPROJECT 0.00334561854486 3 20 3.23516556784e-09 1.38701798379e-12 8.94961296911e-12 1.62594819466e-05 1.7615052295e-07 0.00165669001372 0.0490487725924
AMR_VOLUME_STAGE 0.00334561854486 3 3 40.526278369759275 -5.6676390253629885e-09
Q_MOMENTUM 0.00501105669037 4 0.0026908552679 7.28228465306 7.28293168066 0.41976818741 0.419346608258 1.1640147929 0.00856732173265
AMR_VOLUME_STAGE 0.00501105669037 4 0 40.526278369759275 -5.6676390253629885e-09
AMR_VOLUME_STAGE 0.00501105669037 4 1 40.526278369759275 -5.6676390253629885e-09
Q_CLEANUP 0.00501105669037 4 0 -0
AMR_VOLUME_STAGE 0.00501105669037 4 2 40.526278369759275 -5.6676390253629885e-09
POSTADAPT_REPROJECT 0.00501105669037 4 22 5.7329975204e-09 2.48251016411e-12 1.78075874359e-11 1.22562110103e-05 4.82650002433e-07 0.00146682111066 0.0469153815345
AMR_VOLUME_STAGE 0.00501105669037 4 3 40.526278369759275 -5.6676390253629885e-09
Q_MOMENTUM 0.00688467460408 5 0.00306184708783 7.25702168994 7.27560041819 0.419807886299 0.419320596832 1.20300167724 0.00855317596793
AMR_VOLUME_STAGE 0.00688467460408 5 0 40.526278369759261 -5.6676393760207643e-09
AMR_VOLUME_STAGE 0.00688467460408 5 1 40.526278369759261 -5.6676393760207643e-09
Q_CLEANUP 0.00688467460408 5 0 -0
AMR_VOLUME_STAGE 0.00688467460408 5 2 40.526278369759261 -5.6676393760207643e-09
POSTADAPT_REPROJECT 0.00688467460408 5 21 7.66826711493e-09 3.29665030679e-12 2.30677412935e-11 7.67850912571e-06 4.47934499462e-07 0.00128099938787 0.0155559117495
AMR_VOLUME_STAGE 0.00688467460408 5 3 40.526278369759261 -5.6676393760207643e-09
Q_MOMENTUM 0.00907056217006 6 0.003582917737 7.2323642916 7.28095450478 0.41981314252 0.419304959794 1.21010003221 0.008558810843
AMR_VOLUME_STAGE 0.00907056217006 6 0 40.526278369759346 -5.6676372720741096e-09
AMR_VOLUME_STAGE 0.00907056217006 6 1 40.526278369759346 -5.6676372720741096e-09
Q_CLEANUP 0.00907056217006 6 0 -0
AMR_VOLUME_STAGE 0.00907056217006 6 2 40.526278369759346 -5.6676372720741096e-09
POSTADAPT_REPROJECT 0.00907056217006 6 19 4.67265496781e-09 1.97481434564e-12 1.28897179388e-11 8.54707064363e-06 5.33657804988e-07 0.00125824482569 0.0152608179463
AMR_VOLUME_STAGE 0.00907056217006 6 3 40.526278369759346 -5.6676372720741096e-09
Q_MOMENTUM 0.0112564497361 7 0.00300680781654 7.23723089672 7.28010371076 0.419794891906 0.419296515197 1.20384499486 0.00855712385179
AMR_VOLUME_STAGE 0.0112564497361 7 0 40.52627836975946 -5.6676344668119033e-09
AMR_VOLUME_STAGE 0.0112564497361 7 1 40.52627836975946 -5.6676344668119033e-09
Q_CLEANUP 0.0112564497361 7 0 -0
AMR_VOLUME_STAGE 0.0112564497361 7 2 40.52627836975946 -5.6676344668119033e-09
POSTADAPT_REPROJECT 0.0112564497361 7 18 2.86511212325e-09 1.19473066987e-12 7.32484038701e-12 6.61371368846e-06 4.76641598385e-07 0.00124485791513 0.0150526343519
AMR_VOLUME_STAGE 0.0112564497361 7 3 40.52627836975946 -5.6676344668119033e-09
Q_MOMENTUM 0.013442337302 8 0.00297717801558 7.23714229641 7.27717271902 0.419788781899 0.419293648098 1.19190835671 0.00855296610135
AMR_VOLUME_STAGE 0.013442337302 8 0 40.52627836975936 -5.6676369214163338e-09
AMR_VOLUME_STAGE 0.013442337302 8 1 40.52627836975936 -5.6676369214163338e-09
Q_CLEANUP 0.013442337302 8 0 -0
AMR_VOLUME_STAGE 0.013442337302 8 2 40.52627836975936 -5.6676369214163338e-09
POSTADAPT_REPROJECT 0.013442337302 8 18 2.80797590908e-09 1.16281578264e-12 7.15058828121e-12 6.42009327838e-06 5.15317253232e-07 0.00122996365418 0.0148740562176
AMR_VOLUME_STAGE 0.013442337302 8 3 40.52627836975936 -5.6676369214163338e-09
Q_MOMENTUM 0.015628224868 9 0.00294178574228 7.23531517152 7.27447573885 0.419788907642 0.41929986293 1.18455646984 0.0085432306985
AMR_VOLUME_STAGE 0.015628224868 9 0 40.52627836975924 -5.6676399020074276e-09
AMR_VOLUME_STAGE 0.015628224868 9 1 40.52627836975924 -5.6676399020074276e-09
Q_CLEANUP 0.015628224868 9 0 -0
AMR_VOLUME_STAGE 0.015628224868 9 2 40.52627836975924 -5.6676399020074276e-09
POSTADAPT_REPROJECT 0.015628224868 9 21 7.76077199467e-09 3.23743558453e-12 2.31234970408e-11 5.39525702981e-06 5.14753065841e-07 0.00121873917387 0.0148937341192
AMR_VOLUME_STAGE 0.015628224868 9 3 40.52627836975924 -5.6676399020074276e-09
Q_MOMENTUM 0.017814112434 10 0.00291409698256 7.23423179784 7.28534353666 0.419796943668 0.419309670534 1.1756229565 0.00855532099198
AMR_VOLUME_STAGE 0.017814112434 10 0 40.526278369759439 -5.6676349927985666e-09
AMR_VOLUME_STAGE 0.017814112434 10 1 40.526278369759439 -5.6676349927985666e-09
Q_CLEANUP 0.017814112434 10 0 -0
AMR_VOLUME_STAGE 0.017814112434 10 2 40.526278369759439 -5.6676349927985666e-09
POSTADAPT_REPROJECT 0.017814112434 10 21 6.99816433362e-09 3.18193134845e-12 2.26206397363e-11 1.02722439244e-05 5.71611577195e-07 0.00121824339404 0.0149970936535
AMR_VOLUME_STAGE 0.017814112434 10 3 40.526278369759439 -5.6676349927985666e-09
RUN 0.02 11 40.5262783698 0.404605001361
Q_RUN 0.02 11 40.526278369759439 -5.66763025892e-09 -0 0 1.66533453694e-16 2.54107766594e-17 42
Q_CUTCELL_CFL 0.02 11 0.00301830859864 0.00301830859864 0.0163643331471 0 651
SHORE 0.02 11 45.96875 0.000759257647445 0.498054063487
Q_MOMENTUM 0.02 11 0.00381291427207 7.24646242726 7.30731255751 0.419950460556 0.419319995944 1.16577948783 0.00858082311713
AMR_VOLUME_STAGE 0.02 11 0 40.526278369759574 -5.6676316615496962e-09
AMR_VOLUME_STAGE 0.02 11 1 40.526278369759574 -5.6676316615496962e-09
Q_CLEANUP 0.02 11 0 -0
AMR_VOLUME_STAGE 0.02 11 2 40.526278369759574 -5.6676316615496962e-09
POSTADAPT_REPROJECT 0.02 11 21 6.31616022505e-09 3.05174629572e-12 2.12362610136e-11 9.54532785539e-06 6.622453884e-07 0.00118296437988 0.0143002180791
AMR_VOLUME_STAGE 0.02 11 3 40.526278369759574 -5.6676316615496962e-09
Q_MOMENTUM 0.0228571428571 12 0.0038177389738 7.26267628489 7.31161168586 0.419990141498 0.419350809345 1.15759896878 0.0085839582091
AMR_VOLUME_STAGE 0.0228571428571 12 0 40.526278369759574 -5.6676316615496962e-09
AMR_VOLUME_STAGE 0.0228571428571 12 1 40.526278369759574 -5.6676316615496962e-09
Q_CLEANUP 0.0228571428571 12 0 -0
AMR_VOLUME_STAGE 0.0228571428571 12 2 40.526278369759574 -5.6676316615496962e-09
POSTADAPT_REPROJECT 0.0228571428571 12 19 9.25378359161e-09 4.23210708399e-12 2.81676214471e-11 8.76961963364e-06 5.92688395643e-07 0.00116892771013 0.0141331555749
AMR_VOLUME_STAGE 0.0228571428571 12 3 40.526278369759574 -5.6676316615496962e-09
Q_MOMENTUM 0.0257142857143 13 0.00377336163134 7.28783677425 7.33581505306 0.420030128498 0.419390148506 1.17574710154 0.00861210013468
AMR_VOLUME_STAGE 0.0257142857143 13 0 40.526278369759758 -5.6676271029986109e-09
AMR_VOLUME_STAGE 0.0257142857143 13 1 40.526278369759758 -5.6676271029986109e-09
Q_CLEANUP 0.0257142857143 13 0 -0
AMR_VOLUME_STAGE 0.0257142857143 13 2 40.526278369759758 -5.6676271029986109e-09
POSTADAPT_REPROJECT 0.0257142857143 13 19 9.17981639835e-09 4.17027033979e-12 2.59287708491e-11 7.63596182708e-06 5.68200843511e-07 0.00115790258048 0.0141994538065
AMR_VOLUME_STAGE 0.0257142857143 13 3 40.526278369759758 -5.6676271029986109e-09
Q_MOMENTUM 0.0285714285714 14 0.0037635028579 7.31771969616 7.36221326569 0.420079308087 0.419438445788 1.18790574581 0.00864207793907
AMR_VOLUME_STAGE 0.0285714285714 14 0 40.526278369759957 -5.6676221937897498e-09
AMR_VOLUME_STAGE 0.0285714285714 14 1 40.526278369759957 -5.6676221937897498e-09
Q_CLEANUP 0.0285714285714 14 0 -0
AMR_VOLUME_STAGE 0.0285714285714 14 2 40.526278369759957 -5.6676221937897498e-09
POSTADAPT_REPROJECT 0.0285714285714 14 19 9.29765654571e-09 4.22852915772e-12 2.63470220033e-11 7.76876482737e-06 5.33572650854e-07 0.00114560456856 0.01431311213
AMR_VOLUME_STAGE 0.0285714285714 14 3 40.526278369759957 -5.6676221937897498e-09
Q_MOMENTUM 0.0314285714286 15 0.0037920125905 7.3522892153 7.39559191875 0.420130366019 0.419495669233 1.19417179362 0.0086816529464
AMR_VOLUME_STAGE 0.0314285714286 15 0 40.526278369760036 -5.6676202651719826e-09
AMR_VOLUME_STAGE 0.0314285714286 15 1 40.526278369760036 -5.6676202651719826e-09
Q_CLEANUP 0.0314285714286 15 0 -0
AMR_VOLUME_STAGE 0.0314285714286 15 2 40.526278369760036 -5.6676202651719826e-09
POSTADAPT_REPROJECT 0.0314285714286 15 19 9.4913243584e-09 4.32249750428e-12 2.68787605021e-11 9.87513707495e-06 3.83141801669e-06 0.00132766399409 0.0337355730559
AMR_VOLUME_STAGE 0.0314285714286 15 3 40.526278369760036 -5.6676202651719826e-09
Q_MOMENTUM 0.0342857142857 16 0.00461002816235 7.39153828902 7.42476751418 0.420186346226 0.41955338815 1.19423913105 0.00871637467025
AMR_VOLUME_STAGE 0.0342857142857 16 0 40.526278369760121 -5.6676181612253279e-09
AMR_VOLUME_STAGE 0.0342857142857 16 1 40.526278369760121 -5.6676181612253279e-09
Q_CLEANUP 0.0342857142857 16 0 -0
AMR_VOLUME_STAGE 0.0342857142857 16 2 40.526278369760121 -5.6676181612253279e-09
POSTADAPT_REPROJECT 0.0342857142857 16 19 9.56325440366e-09 4.3488235586e-12 2.70250215435e-11 8.16829289472e-06 3.70133091791e-07 0.00113928518002 0.0140548493468
AMR_VOLUME_STAGE 0.0342857142857 16 3 40.526278369760121 -5.6676181612253279e-09
Q_MOMENTUM 0.0371428571429 17 0.00391914538256 7.42125621593 7.44077744094 0.420254943427 0.419624202136 1.18253984733 0.00873549244711
AMR_VOLUME_STAGE 0.0371428571429 17 0 40.526278369760178 -5.6676167585942247e-09
AMR_VOLUME_STAGE 0.0371428571429 17 1 40.526278369760178 -5.6676167585942247e-09
Q_CLEANUP 0.0371428571429 17 0 -0
AMR_VOLUME_STAGE 0.0371428571429 17 2 40.526278369760178 -5.6676167585942247e-09
POSTADAPT_REPROJECT 0.0371428571429 17 19 9.28109984005e-09 4.2921351562e-12 2.84070729721e-11 6.08083995812e-06 3.71179769172e-07 0.00113954220513 0.0139603710538
AMR_VOLUME_STAGE 0.0371428571429 17 3 40.526278369760178 -5.6676167585942247e-09
RUN 0.04 18 40.5262783698 0.403692000224
Q_RUN 0.04 18 40.526278369760178 -5.66761202471e-09 -0 0 1.66533453694e-16 1.07200489805e-17 22
Q_CUTCELL_CFL 0.04 18 0.00362865344393 0.00362865344393 0.0226382675019 0 651
SHORE 0.04 18 45.96875 0.000781138850267 0.496150992791
Q_MOMENTUM 0.04 18 0.00463791402024 7.44487141239 7.47091212006 0.420436513918 0.419698743844 1.17441548378 0.00877056110559
AMR_VOLUME_STAGE 0.04 18 0 40.526278369760384 -5.6676116740564762e-09
AMR_VOLUME_STAGE 0.04 18 1 40.526278369760384 -5.6676116740564762e-09
Q_CLEANUP 0.04 18 0 -0
AMR_VOLUME_STAGE 0.04 18 2 40.526278369760384 -5.6676116740564762e-09
POSTADAPT_REPROJECT 0.04 18 19 9.41514817672e-09 4.47930096785e-12 2.74200284874e-11 4.62902643179e-06 4.82366371419e-07 0.00111125331173 0.013663168066
AMR_VOLUME_STAGE 0.04 18 3 40.526278369760384 -5.6676116740564762e-09
Q_MOMENTUM 0.0433333333333 19 0.0046118910114 7.45914774207 7.49777561477 0.420537760188 0.419800406338 1.16618122383 0.00880286019196
AMR_VOLUME_STAGE 0.0433333333333 19 0 40.526278369760632 -5.6676055375453995e-09
AMR_VOLUME_STAGE 0.0433333333333 19 1 40.526278369760632 -5.6676055375453995e-09
Q_CLEANUP 0.0433333333333 19 0 -0
AMR_VOLUME_STAGE 0.0433333333333 19 2 40.526278369760632 -5.6676055375453995e-09
POSTADAPT_REPROJECT 0.0433333333333 19 19 9.63247812936e-09 4.57663631304e-12 2.80889946719e-11 5.12577478439e-06 3.27478089286e-07 0.00110950730089 0.0134582881873
AMR_VOLUME_STAGE 0.0433333333333 19 3 40.526278369760632 -5.6676055375453995e-09
Q_MOMENTUM 0.0466666666667 20 0.00466083401102 7.48816489442 7.51470237013 0.4206507906 0.419908014765 1.15817469126 0.00882343645323
AMR_VOLUME_STAGE 0.0466666666667 20 0 40.526278369760846 -5.6676002776787626e-09
AMR_VOLUME_STAGE 0.0466666666667 20 1 40.526278369760846 -5.6676002776787626e-09
Q_CLEANUP 0.0466666666667 20 0 -0
AMR_VOLUME_STAGE 0.0466666666667 20 2 40.526278369760846 -5.6676002776787626e-09
POSTADAPT_REPROJECT 0.0466666666667 20 19 9.54888904926e-09 4.54779502433e-12 2.78992610264e-11 4.07962208021e-06 1.52219052965e-07 0.00109834163609 0.0134669713698
AMR_VOLUME_STAGE 0.0466666666667 20 3 40.526278369760846 -5.6676002776787626e-09
Q_MOMENTUM 0.05 21 0.00542917305306 7.50874429521 7.51429699982 0.420771836543 0.42002652632 1.15115132601 0.00882337385917
AMR_VOLUME_STAGE 0.05 21 0 40.526278369760952 -5.6675976477454438e-09
AMR_VOLUME_STAGE 0.05 21 1 40.526278369760952 -5.6675976477454438e-09
Q_CLEANUP 0.05 21 0 -0
AMR_VOLUME_STAGE 0.05 21 2 40.526278369760952 -5.6675976477454438e-09
POSTADAPT_REPROJECT 0.05 21 19 9.54745045002e-09 4.57459737791e-12 2.81105329986e-11 3.99897070385e-06 7.28428620201e-08 0.00109266466201 0.0135157804095
AMR_VOLUME_STAGE 0.05 21 3 40.526278369760952 -5.6675976477454438e-09
Q_MOMENTUM 0.0533333333333 22 0.00486217706473 7.51531580344 7.51842913252 0.420891721875 0.42014834767 1.14756039091 0.00882993735071
AMR_VOLUME_STAGE 0.0533333333333 22 0 40.526278369761073 -5.6675946671543492e-09
AMR_VOLUME_STAGE 0.0533333333333 22 1 40.526278369761073 -5.6675946671543492e-09
Q_CLEANUP 0.0533333333333 22 0 -0
AMR_VOLUME_STAGE 0.0533333333333 22 2 40.526278369761073 -5.6675946671543492e-09
POSTADAPT_REPROJECT 0.0533333333333 22 19 9.47726014333e-09 4.53784937227e-12 2.78958412359e-11 3.26374268036e-06 7.38593026728e-08 0.0010918094618 0.0137322625236
AMR_VOLUME_STAGE 0.0533333333333 22 3 40.526278369761073 -5.6675946671543492e-09
Q_MOMENTUM 0.0566666666667 23 0.00483297369288 7.50571833081 7.52344092441 0.421012565758 0.420272576789 1.14335972895 0.00883640518204
AMR_VOLUME_STAGE 0.0566666666667 23 0 40.526278369761286 -5.6675894072877123e-09
AMR_VOLUME_STAGE 0.0566666666667 23 1 40.526278369761286 -5.6675894072877123e-09
Q_CLEANUP 0.0566666666667 23 0 -0
AMR_VOLUME_STAGE 0.0566666666667 23 2 40.526278369761286 -5.6675894072877123e-09
POSTADAPT_REPROJECT 0.0566666666667 23 21 8.11482591713e-09 4.02105810213e-12 2.63741467901e-11 4.65904610685e-06 3.45363797232e-08 0.00106459998974 0.0126682655981
AMR_VOLUME_STAGE 0.0566666666667 23 3 40.526278369761286 -5.6675894072877123e-09
RUN 0.06 24 40.5262783698 0.40484893391
Q_RUN 0.06 24 40.526278369761286 -5.66758467341e-09 -0 0 1.66533453694e-16 1.70490791623e-17 31
Q_CUTCELL_CFL 0.06 24 0.0038723175429 0.0038723175429 0.0268675176264 0 650
SHORE 0.06 24 45.96875 0.000794001176571 0.494591091054
Q_MOMENTUM 0.06 24 0.00505766781944 7.51336775967 7.51591314602 0.42115225464 0.420402015629 1.13856753622 0.00882796658091
AMR_VOLUME_STAGE 0.06 24 0 40.526278369761464 -5.6675850240655146e-09
AMR_VOLUME_STAGE 0.06 24 1 40.526278369761464 -5.6675850240655146e-09
Q_CLEANUP 0.06 24 0 -0
AMR_VOLUME_STAGE 0.06 24 2 40.526278369761464 -5.6675850240655146e-09
POSTADAPT_REPROJECT 0.06 24 21 8.38902073329e-09 4.16149872057e-12 2.71797209305e-11 8.20715833009e-06 3.95805740428e-06 0.0012505921272 0.04398817914
AMR_VOLUME_STAGE 0.06 24 3 40.526278369761464 -5.6675850240655146e-09
Q_MOMENTUM 0.0633333333333 25 0.00500253038582 7.50967797198 7.49152233253 0.421288385947 0.420528750378 1.17410347964 0.00880293705703
AMR_VOLUME_STAGE 0.0633333333333 25 0 40.526278369761506 -5.6675839720921872e-09
AMR_VOLUME_STAGE 0.0633333333333 25 1 40.526278369761506 -5.6675839720921872e-09
Q_CLEANUP 0.0633333333333 25 0 -0
AMR_VOLUME_STAGE 0.0633333333333 25 2 40.526278369761506 -5.6675839720921872e-09
POSTADAPT_REPROJECT 0.0633333333333 25 21 8.26318331489e-09 4.10832885766e-12 2.69313542821e-11 3.70231120693e-06 2.87100546988e-07 0.00107893178633 0.0172754127306
AMR_VOLUME_STAGE 0.0633333333333 25 3 40.526278369761506 -5.6675839720921872e-09
Q_MOMENTUM 0.0666666666667 26 0.00497103354 7.48883097686 7.49155305137 0.4214359383 0.420668063764 1.2045182162 0.00880334581313
AMR_VOLUME_STAGE 0.0666666666667 26 0 40.526278369761741 -5.6675781862388871e-09
AMR_VOLUME_STAGE 0.0666666666667 26 1 40.526278369761741 -5.6675781862388871e-09
Q_CLEANUP 0.0666666666667 26 0 -0
AMR_VOLUME_STAGE 0.0666666666667 26 2 40.526278369761741 -5.6675781862388871e-09
POSTADAPT_REPROJECT 0.0666666666667 26 19 6.14044249475e-09 5.07006980503e-12 3.10377340149e-11 2.75617231979e-06 8.14036897412e-08 0.00110521182398 0.0201658963585
AMR_VOLUME_STAGE 0.0666666666667 26 3 40.526278369761741 -5.6675781862388871e-09
Q_MOMENTUM 0.07 27 0.00499635420886 7.47963385167 7.47002423003 0.42158474035 0.420811822379 1.22308980779 0.00877821628191
AMR_VOLUME_STAGE 0.07 27 0 40.526278369761897 -5.6675743290033526e-09
AMR_VOLUME_STAGE 0.07 27 1 40.526278369761897 -5.6675743290033526e-09
Q_CLEANUP 0.07 27 0 -0
AMR_VOLUME_STAGE 0.07 27 2 40.526278369761897 -5.6675743290033526e-09
POSTADAPT_REPROJECT 0.07 27 19 6.2845329999e-09 5.183189193e-12 3.15621808203e-11 7.64939104255e-06 3.31710607867e-06 0.00126706278492 0.0354572789203
AMR_VOLUME_STAGE 0.07 27 3 40.526278369761897 -5.6675743290033526e-09
Q_MOMENTUM 0.0733333333333 28 0.00536917349467 7.46558817506 7.44749321339 0.421724564903 0.420944003407 1.22995686287 0.0087564246458
AMR_VOLUME_STAGE 0.0733333333333 28 0 40.52627836976221 -5.6675666145322852e-09
AMR_VOLUME_STAGE 0.0733333333333 28 1 40.52627836976221 -5.6675666145322852e-09
Q_CLEANUP 0.0733333333333 28 0 -0
AMR_VOLUME_STAGE 0.0733333333333 28 2 40.52627836976221 -5.6675666145322852e-09
POSTADAPT_REPROJECT 0.0733333333333 28 19 6.21071884026e-09 5.23076578748e-12 3.19719359494e-11 3.79019258219e-06 3.34876597142e-07 0.00111203385766 0.021191521564
AMR_VOLUME_STAGE 0.0733333333333 28 3 40.52627836976221 -5.6675666145322852e-09
Q_MOMENTUM 0.0766666666667 29 0.00512060753129 7.434446996 7.43398238455 0.421876611311 0.421096725423 1.22144934836 0.00874066667533
AMR_VOLUME_STAGE 0.0766666666667 29 0 40.526278369762423 -5.6675613546656484e-09
AMR_VOLUME_STAGE 0.0766666666667 29 1 40.526278369762423 -5.6675613546656484e-09
Q_CLEANUP 0.0766666666667 29 0 -0
AMR_VOLUME_STAGE 0.0766666666667 29 2 40.526278369762423 -5.6675613546656484e-09
POSTADAPT_REPROJECT 0.0766666666667 29 19 3.57006031345e-09 5.24717718091e-12 3.19616863358e-11 8.66230332182e-06 3.90232771169e-06 0.00127733433808 0.042796722786
AMR_VOLUME_STAGE 0.0766666666667 29 3 40.526278369762423 -5.6675613546656484e-09
RUN 0.08 30 40.5262783698 0.405636427988
Q_RUN 0.08 30 40.526278369762423 -5.66755662079e-09 -0 0 1.66533453694e-16 2.45825901952e-17 40
Q_CUTCELL_CFL 0.08 30 0.00401162709346 0.00401162709346 0.0300173804366 0 651
SHORE 0.08 30 45.96875 0.000777000962051 0.492991449367
Q_MOMENTUM 0.08 30 0.00651236356111 7.42539870376 7.4038321752 0.422181004263 0.421227620023 1.21183606721 0.00870624849583
AMR_VOLUME_STAGE 0.08 30 0 40.526278369762679 -5.6675550428256842e-09
AMR_VOLUME_STAGE 0.08 30 1 40.526278369762679 -5.6675550428256842e-09
Q_CLEANUP 0.08 30 0 -0
AMR_VOLUME_STAGE 0.08 30 2 40.526278369762679 -5.6675550428256842e-09
POSTADAPT_REPROJECT 0.08 30 19 3.63616943337e-09 5.34816666036e-12 3.25873199952e-11 1.03803356776e-05 2.35039023497e-06 0.00132321895799 0.0472472985392
AMR_VOLUME_STAGE 0.08 30 3 40.526278369762679 -5.6675550428256842e-09
Q_MOMENTUM 0.084 31 0.0062600184188 7.39864495664 7.39276330464 0.422388553794 0.421413016781 1.20250007738 0.00869588214141
AMR_VOLUME_STAGE 0.084 31 0 40.526278369762849 -5.6675508349323739e-09
AMR_VOLUME_STAGE 0.084 31 1 40.526278369762849 -5.6675508349323739e-09
Q_CLEANUP 0.084 31 0 -0
AMR_VOLUME_STAGE 0.084 31 2 40.526278369762849 -5.6675508349323739e-09
POSTADAPT_REPROJECT 0.084 31 19 3.74054338903e-09 5.36495522549e-12 3.26120194218e-11 5.08388851725e-06 2.05673965545e-07 0.00109006568347 0.0165749364951
AMR_VOLUME_STAGE 0.084 31 3 40.526278369762849 -5.6675508349323739e-09
Q_MOMENTUM 0.088 32 0.0062445451397 7.38146356578 7.36771696715 0.422592229826 0.421594546646 1.19335386879 0.0086663959346
AMR_VOLUME_STAGE 0.088 32 0 40.526278369763055 -5.6675457503946254e-09
AMR_VOLUME_STAGE 0.088 32 1 40.526278369763055 -5.6675457503946254e-09
Q_CLEANUP 0.088 32 0 -0
AMR_VOLUME_STAGE 0.088 32 2 40.526278369763055 -5.6675457503946254e-09
POSTADAPT_REPROJECT 0.088 32 19 4.32339294053e-09 6.11492263862e-12 3.71853038812e-11 4.23143922846e-06 2.86901189721e-08 0.00113229056936 0.0292826539807
AMR_VOLUME_STAGE 0.088 32 3 40.526278369763055 -5.6675457503946254e-09
Q_MOMENTUM 0.092 33 0.00622776242825 7.36117490827 7.35792280643 0.422780309414 0.421775781029 1.18376811179 0.00865636392208
AMR_VOLUME_STAGE 0.092 33 0 40.526278369763368 -5.6675380359235572e-09
AMR_VOLUME_STAGE 0.092 33 1 40.526278369763368 -5.6675380359235572e-09
Q_CLEANUP 0.092 33 0 -0
AMR_VOLUME_STAGE 0.092 33 2 40.526278369763368 -5.6675380359235572e-09
POSTADAPT_REPROJECT 0.092 33 19 4.59318958909e-09 6.24110655919e-12 3.79389757457e-11 2.54072926125e-06 4.03979092097e-08 0.00125350170825 0.033459974772
AMR_VOLUME_STAGE 0.092 33 3 40.526278369763368 -5.6675380359235572e-09
Q_MOMENTUM 0.096 34 0.006267438343 7.34477307054 7.34620449408 0.422966115163 0.421949138118 1.17402664735 0.00864256841784
AMR_VOLUME_STAGE 0.096 34 0 40.526278369763794 -5.6675275161902835e-09
AMR_VOLUME_STAGE 0.096 34 1 40.526278369763794 -5.6675275161902835e-09
Q_CLEANUP 0.096 34 0 -0
AMR_VOLUME_STAGE 0.096 34 2 40.526278369763794 -5.6675275161902835e-09
POSTADAPT_REPROJECT 0.096 34 19 4.49606868581e-09 6.2826406941e-12 3.81649412594e-11 7.12072720302e-06 1.16746628888e-07 0.00111655768193 0.0174226931087
AMR_VOLUME_STAGE 0.096 34 3 40.526278369763794 -5.6675275161902835e-09
RUN 0.1 35 40.5262783698 0.405488278546
Q_RUN 0.1 35 40.526278369763794 -5.66752278231e-09 -0 0 1.66533453694e-16 1.98824043709e-17 30
Q_CUTCELL_CFL 0.1 35 0.00410050035035 0.00410050035035 0.0322210800563 0 651
SHORE 0.1 35 45.96875 0.000910261929484 0.491133378052
Q_MOMENTUM 0.1 35 0.00689174307353 7.33786970654 7.31996433023 0.423143105858 0.4221223461 1.16657421327 0.00860944012563
AMR_VOLUME_STAGE 0.1 35 0 40.526278369763979 -5.6675229576391982e-09
AMR_VOLUME_STAGE 0.1 35 1 40.526278369763979 -5.6675229576391982e-09
Q_CLEANUP 0.1 35 0 -0
AMR_VOLUME_STAGE 0.1 35 2 40.526278369763979 -5.6675229576391982e-09
POSTADAPT_REPROJECT 0.1 35 22 4.23302726205e-09 5.69544259065e-12 3.61223095706e-11 1.62896964015e-05 7.68799800152e-06 0.00140645604146 0.036691794149
AMR_VOLUME_STAGE 0.1 35 3 40.526278369763979 -5.6675229576391982e-09
Q_MOMENTUM 0.104 36 0.00622457251334 7.30341470914 7.31393798534 0.423318396791 0.422293773542 1.16213092307 0.00860202802129
AMR_VOLUME_STAGE 0.104 36 0 40.526278369763737 -5.6675289188213867e-09
AMR_VOLUME_STAGE 0.104 36 1 40.526278369763737 -5.6675289188213867e-09
Q_CLEANUP 0.104 36 0 -0
AMR_VOLUME_STAGE 0.104 36 2 40.526278369763737 -5.6675289188213867e-09
POSTADAPT_REPROJECT 0.104 36 22 4.33101698591e-09 5.82263443977e-12 3.69617203597e-11 2.20306204781e-05 9.30859079004e-06 0.00157105166439 0.0453530489792
AMR_VOLUME_STAGE 0.104 36 3 40.526278369763737 -5.6675289188213867e-09
Q_MOMENTUM 0.108 37 0.00611378239361 7.30440717232 7.28031640829 0.423499874465 0.42247651214 1.2044543193 0.00856233400345
AMR_VOLUME_STAGE 0.108 37 0 40.526278369763531 -5.667534003359136e-09
AMR_VOLUME_STAGE 0.108 37 1 40.526278369763531 -5.667534003359136e-09
Q_CLEANUP 0.108 37 0 -0
AMR_VOLUME_STAGE 0.108 37 2 40.526278369763531 -5.667534003359136e-09
POSTADAPT_REPROJECT 0.108 37 22 4.38623747035e-09 5.82946612737e-12 3.70722497839e-11 1.46307919227e-05 1.38061701455e-06 0.00126709961593 0.0282715682203
AMR_VOLUME_STAGE 0.108 37 3 40.526278369763531 -5.667534003359136e-09
Q_MOMENTUM 0.112 38 0.00608076394478 7.28199430753 7.25612400628 0.423672716889 0.422644584965 1.23876140311 0.0085281814126
AMR_VOLUME_STAGE 0.112 38 0 40.52627836976307 -5.6675453997368496e-09
AMR_VOLUME_STAGE 0.112 38 1 40.52627836976307 -5.6675453997368496e-09
Q_CLEANUP 0.112 38 0 -0
AMR_VOLUME_STAGE 0.112 38 2 40.52627836976307 -5.6675453997368496e-09
POSTADAPT_REPROJECT 0.112 38 22 4.43098775726e-09 5.88105839543e-12 3.75328383824e-11 1.15998382111e-05 4.60708407369e-08 0.00114540991048 0.023124155866
AMR_VOLUME_STAGE 0.112 38 3 40.52627836976307 -5.6675453997368496e-09
Q_MOMENTUM 0.116 39 0.00631497384118 7.24494318602 7.23633387743 0.423843597327 0.422807730495 1.25276756016 0.0085040032649
AMR_VOLUME_STAGE 0.116 39 0 40.526278369762913 -5.6675492569723832e-09
AMR_VOLUME_STAGE 0.116 39 1 40.526278369762913 -5.6675492569723832e-09
Q_CLEANUP 0.116 39 0 -0
AMR_VOLUME_STAGE 0.116 39 2 40.526278369762913 -5.6675492569723832e-09
POSTADAPT_REPROJECT 0.116 39 19 5.37443315459e-09 7.90854308829e-12 4.82445836752e-11 1.14830574468e-05 3.41909867274e-08 0.00118351230886 0.0251006439015
AMR_VOLUME_STAGE 0.116 39 3 40.526278369762913 -5.6675492569723832e-09
RUN 0.12 40 40.5262783698 0.406428627889
Q_RUN 0.12 40 40.526278369762913 -5.66754452309e-09 -0 0 1.66533453694e-16 1.16280682999e-17 19
Q_CUTCELL_CFL 0.12 40 0.00417647987017 0.00417647987017 0.0339244155696 0 651
SHORE 0.12 40 45.96875 0.000703217532887 0.491289164561
Q_MOMENTUM 0.12 40 0.00747030002641 7.23728226764 7.18945112344 0.424013076711 0.422969804591 1.25263142492 0.00844824179209
AMR_VOLUME_STAGE 0.12 40 0 40.526278369763261 -5.667540665856876e-09
AMR_VOLUME_STAGE 0.12 40 1 40.526278369763261 -5.667540665856876e-09
Q_CLEANUP 0.12 40 0 -0
AMR_VOLUME_STAGE 0.12 40 2 40.526278369763261 -5.667540665856876e-09
POSTADAPT_REPROJECT 0.12 40 19 5.35819539177e-09 7.92444696008e-12 4.78355098588e-11 1.01625004345e-05 1.52515934756e-08 0.00122597355572 0.0295678245557
AMR_VOLUME_STAGE 0.12 40 3 40.526278369763261 -5.667540665856876e-09
Q_MOMENTUM 0.124 41 0.00610011631926 7.19745241899 7.15932893497 0.42418255616 0.423146173975 1.23834068256 0.00840593879055
AMR_VOLUME_STAGE 0.124 41 0 40.52627836976361 -5.6675320747413688e-09
AMR_VOLUME_STAGE 0.124 41 1 40.52627836976361 -5.6675320747413688e-09
Q_CLEANUP 0.124 41 0 -0
AMR_VOLUME_STAGE 0.124 41 2 40.52627836976361 -5.6675320747413688e-09
POSTADAPT_REPROJECT 0.124 41 19 5.54322669453e-09 8.24747873482e-12 4.99871502697e-11 9.97514178653e-06 2.94093331435e-06 0.00133175053402 0.0392252301961
AMR_VOLUME_STAGE 0.124 41 3 40.52627836976361 -5.6675320747413688e-09
Q_MOMENTUM 0.128 42 0.00614221716691 7.15696401731 7.13214455204 0.424360622205 0.42331227159 1.22945722103 0.00837190538059
AMR_VOLUME_STAGE 0.128 42 0 40.526278369763794 -5.6675275161902835e-09
AMR_VOLUME_STAGE 0.128 42 1 40.526278369763794 -5.6675275161902835e-09
Q_CLEANUP 0.128 42 0 -0
AMR_VOLUME_STAGE 0.128 42 2 40.526278369763794 -5.6675275161902835e-09
POSTADAPT_REPROJECT 0.128 42 19 5.57423817341e-09 8.33473818396e-12 5.06158669665e-11 5.47218889259e-06 2.19722725038e-07 0.00124216787752 0.0294749511454
AMR_VOLUME_STAGE 0.128 42 3 40.526278369763794 -5.6675275161902835e-09
Q_MOMENTUM 0.132 43 0.00605451688132 7.13769542539 7.0771952384 0.424521378142 0.423469741875 1.22045217417 0.00830571774638
AMR_VOLUME_STAGE 0.132 43 0 40.526278369764334 -5.6675141911948027e-09
AMR_VOLUME_STAGE 0.132 43 1 40.526278369764334 -5.6675141911948027e-09
Q_CLEANUP 0.132 43 0 -0
AMR_VOLUME_STAGE 0.132 43 2 40.526278369764334 -5.6675141911948027e-09
POSTADAPT_REPROJECT 0.132 43 19 5.6154006275e-09 8.36060929921e-12 5.07215736426e-11 1.67470880766e-05 1.06484869789e-06 0.00152828342 0.0438493349477
AMR_VOLUME_STAGE 0.132 43 3 40.526278369764334 -5.6675141911948027e-09
Q_MOMENTUM 0.136 44 0.00599123724565 7.0950042795 7.0499166742 0.424700817761 0.423638086149 1.21070667832 0.00826905134308
AMR_VOLUME_STAGE 0.136 44 0 40.526278369764718 -5.6675047234348564e-09
AMR_VOLUME_STAGE 0.136 44 1 40.526278369764718 -5.6675047234348564e-09
Q_CLEANUP 0.136 44 0 -0
AMR_VOLUME_STAGE 0.136 44 2 40.526278369764718 -5.6675047234348564e-09
POSTADAPT_REPROJECT 0.136 44 19 5.66438735093e-09 8.53532221265e-12 5.12483167882e-11 5.63643287287e-06 7.1867338819e-08 0.00123344241188 0.0260659716685
AMR_VOLUME_STAGE 0.136 44 3 40.526278369764718 -5.6675047234348564e-09
RUN 0.14 45 40.5262783698 0.406817059129
Q_RUN 0.14 45 40.526278369764718 -5.66749998955e-09 -0 0 1.66018457662e-16 1.38168014356e-17 25
Q_CUTCELL_CFL 0.14 45 0.00425754901028 0.00425754901028 0.0352789839037 0 655
SHORE 0.14 45 45.96875 0.000541191903734 0.496206664899
Q_MOMENTUM 0.14 45 0.00653065185955 7.04784853485 7.00582779194 0.424893479282 0.423788163346 1.20081161337 0.0082138481928
AMR_VOLUME_STAGE 0.14 45 0 40.526278369765059 -5.6674963076482366e-09
AMR_VOLUME_STAGE 0.14 45 1 40.526278369765059 -5.6674963076482366e-09
Q_CLEANUP 0.14 45 0 -0
AMR_VOLUME_STAGE 0.14 45 2 40.526278369765059 -5.6674963076482366e-09
POSTADAPT_REPROJECT 0.14 45 19 5.77981740338e-09 8.5269234733e-12 5.17032037843e-11 1.21282225241e-05 5.82271390802e-06 0.00153918635436 0.0355710517462
AMR_VOLUME_STAGE 0.14 45 3 40.526278369765059 -5.6674963076482366e-09
Q_MOMENTUM 0.144 46 0.00589939788974 7.01851840279 6.95305018784 0.42504346272 0.423943387893 1.19285667929 0.00815286339793
AMR_VOLUME_STAGE 0.144 46 0 40.526278369765528 -5.6674847359416356e-09
AMR_VOLUME_STAGE 0.144 46 1 40.526278369765528 -5.6674847359416356e-09
Q_CLEANUP 0.144 46 0 -0
AMR_VOLUME_STAGE 0.144 46 2 40.526278369765528 -5.6674847359416356e-09
POSTADAPT_REPROJECT 0.144 46 19 5.94673205562e-09 8.62061462959e-12 5.22585807093e-11 6.98261114895e-06 1.95765555336e-07 0.00135570318686 0.0386982533212
AMR_VOLUME_STAGE 0.144 46 3 40.526278369765528 -5.6674847359416356e-09
Q_MOMENTUM 0.148 47 0.00585738240665 6.9730358161 6.91703571485 0.425186834324 0.42409120073 1.18377023193 0.00810787721782
AMR_VOLUME_STAGE 0.148 47 0 40.526278369765954 -5.6674742162083619e-09
AMR_VOLUME_STAGE 0.148 47 1 40.526278369765954 -5.6674742162083619e-09
Q_CLEANUP 0.148 47 0 -0
AMR_VOLUME_STAGE 0.148 47 2 40.526278369765954 -5.6674742162083619e-09
POSTADAPT_REPROJECT 0.148 47 19 4.83866169354e-09 7.02291067161e-12 4.25529073783e-11 7.07859941855e-06 2.94796961528e-07 0.00126512622032 0.0273671297776
AMR_VOLUME_STAGE 0.148 47 3 40.526278369765954 -5.6674742162083619e-09
Q_MOMENTUM 0.152 48 0.00698152187324 6.91971802145 6.88087968602 0.425353018984 0.4242392109 1.18458208704 0.00806040600642
AMR_VOLUME_STAGE 0.152 48 0 40.526278369766054 -5.6674717616039306e-09
AMR_VOLUME_STAGE 0.152 48 1 40.526278369766054 -5.6674717616039306e-09
Q_CLEANUP 0.152 48 0 -0
AMR_VOLUME_STAGE 0.152 48 2 40.526278369766054 -5.6674717616039306e-09
POSTADAPT_REPROJECT 0.152 48 22 4.3087227657e-09 5.39536514095e-12 3.44725233602e-11 8.97846981702e-06 2.62329116242e-06 0.00147853704847 0.0380370664693
AMR_VOLUME_STAGE 0.152 48 3 40.526278369766054 -5.6674717616039306e-09
Q_MOMENTUM 0.156 49 0.00579135079482 6.89052377594 6.82161808138 0.425482841504 0.424381595502 1.23929697994 0.00800123066924
AMR_VOLUME_STAGE 0.156 49 0 40.526278369766004 -5.6674729889061462e-09
AMR_VOLUME_STAGE 0.156 49 1 40.526278369766004 -5.6674729889061462e-09
Q_CLEANUP 0.156 49 0 -0
AMR_VOLUME_STAGE 0.156 49 2 40.526278369766004 -5.6674729889061462e-09
POSTADAPT_REPROJECT 0.156 49 22 4.30614693558e-09 5.50642222085e-12 3.5026480414e-11 5.70176545731e-06 6.53436129928e-07 0.0014307028524 0.0422992141748
AMR_VOLUME_STAGE 0.156 49 3 40.526278369766004 -5.6674729889061462e-09
RUN 0.16 50 40.5262783698 0.406711136836
Q_RUN 0.16 50 40.526278369766004 -5.66746825503e-09 -0 0 1.66533453694e-16 1.5720931501e-17 27
Q_CUTCELL_CFL 0.16 50 0.0043559911028 0.0043559911028 0.0365437671216 0 656
SHORE 0.16 50 45.96875 0.000456751799589 0.500867561755
Q_MOMENTUM 0.16 50 0.00573099632588 6.83883594571 6.79991134313 0.425621889342 0.42451886931 1.26687171496 0.00797005011573
AMR_VOLUME_STAGE 0.16 50 0 40.526278369765777 -5.6674785994305589e-09
AMR_VOLUME_STAGE 0.16 50 1 40.526278369765777 -5.6674785994305589e-09
Q_CLEANUP 0.16 50 0 -0
AMR_VOLUME_STAGE 0.16 50 2 40.526278369765777 -5.6674785994305589e-09
POSTADAPT_REPROJECT 0.16 50 22 4.21445659716e-09 5.40016717355e-12 3.42276458912e-11 6.87891549334e-06 7.09453899581e-07 0.00126343514031 0.0270383944019
AMR_VOLUME_STAGE 0.16 50 3 40.526278369765777 -5.6674785994305589e-09
Q_MOMENTUM 0.164 51 0.00568762003849 6.79564344301 6.7425655457 0.425759730573 0.424657056064 1.27238296937 0.00789809585838
AMR_VOLUME_STAGE 0.164 51 0 40.526278369765343 -5.6674892944927208e-09
AMR_VOLUME_STAGE 0.164 51 1 40.526278369765343 -5.6674892944927208e-09
Q_CLEANUP 0.164 51 0 -0
AMR_VOLUME_STAGE 0.164 51 2 40.526278369765343 -5.6674892944927208e-09
POSTADAPT_REPROJECT 0.164 51 22 4.18645791728e-09 5.3912050238e-12 3.41716733035e-11 9.47577341688e-06 3.18695806623e-06 0.00164601941383 0.0419625242814
AMR_VOLUME_STAGE 0.164 51 3 40.526278369765343 -5.6674892944927208e-09
Q_MOMENTUM 0.168 52 0.00670186588288 6.75419223115 6.71979474234 0.425917467032 0.424817467556 1.26046647499 0.00788624883523
AMR_VOLUME_STAGE 0.168 52 0 40.526278369765194 -5.667492976399367e-09
AMR_VOLUME_STAGE 0.168 52 1 40.526278369765194 -5.667492976399367e-09
Q_CLEANUP 0.168 52 0 -0
AMR_VOLUME_STAGE 0.168 52 2 40.526278369765194 -5.667492976399367e-09
POSTADAPT_REPROJECT 0.168 52 19 6.26660788506e-09 8.80966909183e-12 5.3154279589e-11 1.78576038181e-06 2.40709585747e-07 0.00145764484267 0.0434516289645
AMR_VOLUME_STAGE 0.168 52 3 40.526278369765194 -5.667492976399367e-09
Q_MOMENTUM 0.172 53 0.00573880594922 6.70755917398 6.67334478241 0.426070724484 0.424977455331 1.24560367875 0.00782647434506
AMR_VOLUME_STAGE 0.172 53 0 40.526278369765542 -5.6674843852838598e-09
AMR_VOLUME_STAGE 0.172 53 1 40.526278369765542 -5.6674843852838598e-09
Q_CLEANUP 0.172 53 0 -0
AMR_VOLUME_STAGE 0.172 53 2 40.526278369765542 -5.6674843852838598e-09
POSTADAPT_REPROJECT 0.172 53 19 6.29004739711e-09 8.86243502005e-12 5.34280666584e-11 6.07327253539e-06 1.58443416687e-08 0.00134247414304 0.0311446525087
AMR_VOLUME_STAGE 0.172 53 3 40.526278369765542 -5.6674843852838598e-09
Q_MOMENTUM 0.176 54 0.00571269023974 6.66915294374 6.63397025949 0.426228776584 0.425118661502 1.23881706624 0.00779516678127
AMR_VOLUME_STAGE 0.176 54 0 40.526278369765897 -5.6674756188394651e-09
AMR_VOLUME_STAGE 0.176 54 1 40.526278369765897 -5.6674756188394651e-09
Q_CLEANUP 0.176 54 0 -0
AMR_VOLUME_STAGE 0.176 54 2 40.526278369765897 -5.6674756188394651e-09
POSTADAPT_REPROJECT 0.176 54 19 6.44536997656e-09 8.91402334713e-12 5.3573763481e-11 3.07083374769e-06 1.34326348607e-08 0.00146690236817 0.0418217298146
AMR_VOLUME_STAGE 0.176 54 3 40.526278369765897 -5.6674756188394651e-09
RUN 0.18 55 40.5262783698 0.407204878721
Q_RUN 0.18 55 40.526278369765897 -5.66747088496e-09 -0 0 1.66533453694e-16 7.83336069621e-18 14
Q_CUTCELL_CFL 0.18 55 0.00447046076121 0.00447046076121 0.0378358546277 0 655
SHORE 0.18 55 45.96875 0.000433589609492 0.505182695664
Q_MOMENTUM 0.18 55 0.00556113452527 6.63633395103 6.60994401782 0.426357849789 0.42525822428 1.23170838372 0.00776440091203
AMR_VOLUME_STAGE 0.18 55 0 40.526278369766452 -5.6674619431862085e-09
AMR_VOLUME_STAGE 0.18 55 1 40.526278369766452 -5.6674619431862085e-09
Q_CLEANUP 0.18 55 0 -0
AMR_VOLUME_STAGE 0.18 55 2 40.526278369766452 -5.6674619431862085e-09
POSTADAPT_REPROJECT 0.18 55 19 6.17022283798e-09 8.70296306302e-12 5.24310620961e-11 5.8717597483e-06 6.11690681648e-08 0.00151149670507 0.04649508196
AMR_VOLUME_STAGE 0.18 55 3 40.526278369766452 -5.6674619431862085e-09
Q_MOMENTUM 0.184 56 0.00537796340712 6.58964600692 6.5869109838 0.426497877203 0.425398644149 1.22331353416 0.00773306203837
AMR_VOLUME_STAGE 0.184 56 0 40.5262783697668 -5.6674533520707012e-09
AMR_VOLUME_STAGE 0.184 56 1 40.5262783697668 -5.6674533520707012e-09
Q_CLEANUP 0.184 56 0 -0
AMR_VOLUME_STAGE 0.184 56 2 40.5262783697668 -5.6674533520707012e-09
POSTADAPT_REPROJECT 0.184 56 19 6.08860507509e-09 8.64419911086e-12 5.19799221027e-11 4.85962081782e-06 2.13884875642e-06 0.00145612012813 0.0343018380168
AMR_VOLUME_STAGE 0.184 56 3 40.5262783697668 -5.6674533520707012e-09
Q_MOMENTUM 0.188 57 0.0053154706872 6.57310653975 6.54076443759 0.426621486142 0.42553053426 1.21383263303 0.00769197781818
AMR_VOLUME_STAGE 0.188 57 0 40.526278369767212 -5.6674431829952033e-09
AMR_VOLUME_STAGE 0.188 57 1 40.526278369767212 -5.6674431829952033e-09
Q_CLEANUP 0.188 57 0 -0
AMR_VOLUME_STAGE 0.188 57 2 40.526278369767212 -5.6674431829952033e-09
POSTADAPT_REPROJECT 0.188 57 19 6.16648132773e-09 8.77681507039e-12 5.28277378439e-11 7.2469745702e-06 4.42681860634e-06 0.00157615407487 0.042075172805
AMR_VOLUME_STAGE 0.188 57 3 40.526278369767212 -5.6674431829952033e-09
Q_MOMENTUM 0.192 58 0.00542315749739 6.5269804072 6.53390858391 0.426768111091 0.425661667847 1.20463413698 0.00768186899372
AMR_VOLUME_STAGE 0.192 58 0 40.526278369767581 -5.667434065893032e-09
AMR_VOLUME_STAGE 0.192 58 1 40.526278369767581 -5.667434065893032e-09
Q_CLEANUP 0.192 58 0 -0
AMR_VOLUME_STAGE 0.192 58 2 40.526278369767581 -5.667434065893032e-09
POSTADAPT_REPROJECT 0.192 58 19 6.28759333357e-09 8.90876797978e-12 5.37332357428e-11 2.54347787863e-06 7.24996633499e-07 0.00161746384131 0.0454527022577
AMR_VOLUME_STAGE 0.192 58 3 40.526278369767581 -5.667434065893032e-09
Q_MOMENTUM 0.196 59 0.00536457779987 6.5065497546 6.49769902841 0.426921154492 0.425791717897 1.1972069791 0.00763671413211
AMR_VOLUME_STAGE 0.196 59 0 40.526278369767951 -5.6674249487908615e-09
AMR_VOLUME_STAGE 0.196 59 1 40.526278369767951 -5.6674249487908615e-09
Q_CLEANUP 0.196 59 0 -0
AMR_VOLUME_STAGE 0.196 59 2 40.526278369767951 -5.6674249487908615e-09
POSTADAPT_REPROJECT 0.196 59 19 6.22810011766e-09 8.85045465512e-12 5.3264921987e-11 2.9941830214e-06 6.22856294492e-07 0.00147207144722 0.0303040713575
AMR_VOLUME_STAGE 0.196 59 3 40.526278369767951 -5.6674249487908615e-09
RUN 0.2 60 40.5262783698 0.40758969392
Q_RUN 0.2 60 40.526278369767951 -5.66742021491e-09 -0 0 1.66533453694e-16 1.0069527677e-17 20
Q_CUTCELL_CFL 0.2 60 0.00458923191533 0.00458923191533 0.0390866805141 0 654
SHORE 0.2 60 45.96875 0.000402827088202 0.509137195523
Q_MOMENTUM 0.2 60 0.00526226233405 6.48290278609 6.46517243002 0.427060350259 0.425930512242 1.18893263208 0.00760585218136
AMR_VOLUME_STAGE 0.2 60 0 40.526278369768427 -5.6674132017553721e-09
AMR_VOLUME_STAGE 0.2 60 1 40.526278369768427 -5.6674132017553721e-09
Q_CLEANUP 0.2 60 0 -0
AMR_VOLUME_STAGE 0.2 60 2 40.526278369768427 -5.6674132017553721e-09
POSTADAPT_REPROJECT 0.2 60 19 5.27595904682e-09 7.43028657158e-12 4.49848856082e-11 6.0364973429e-06 6.60412091161e-07 0.00161486373178 0.0424066163813
AMR_VOLUME_STAGE 0.2 60 3 40.526278369768427 -5.6674132017553721e-09
Q_MOMENTUM 0.204 61 0.00543658770107 6.45551300071 6.45865916511 0.427183028452 0.426061483826 1.24014342933 0.00759757507582
AMR_VOLUME_STAGE 0.204 61 0 40.526278369768782 -5.6674044353109766e-09
AMR_VOLUME_STAGE 0.204 61 1 40.526278369768782 -5.6674044353109766e-09
Q_CLEANUP 0.204 61 0 -0
AMR_VOLUME_STAGE 0.204 61 2 40.526278369768782 -5.6674044353109766e-09
POSTADAPT_REPROJECT 0.204 61 22 4.05111263329e-09 5.53775141916e-12 3.5004475013e-11 4.66272217107e-06 5.71546286244e-07 0.00171112806516 0.0458718832047
AMR_VOLUME_STAGE 0.204 61 3 40.526278369768782 -5.6674044353109766e-09
Q_MOMENTUM 0.208 62 0.00610989776327 6.43130119236 6.43811839981 0.427347397953 0.426201116248 1.28362460178 0.00757249489349
AMR_VOLUME_STAGE 0.208 62 0 40.526278369768598 -5.6674089938620627e-09
AMR_VOLUME_STAGE 0.208 62 1 40.526278369768598 -5.6674089938620627e-09
Q_CLEANUP 0.208 62 0 -0
AMR_VOLUME_STAGE 0.208 62 2 40.526278369768598 -5.6674089938620627e-09
POSTADAPT_REPROJECT 0.208 62 19 6.28127157058e-09 8.75478816697e-12 5.23903451004e-11 7.84445947076e-06 1.84144631033e-07 0.00163572322358 0.0405784445546
AMR_VOLUME_STAGE 0.208 62 3 40.526278369768598 -5.6674089938620627e-09
Q_MOMENTUM 0.212 63 0.00530183882104 6.41694941865 6.3960745764 0.427477605209 0.426332121388 1.28981014668 0.00752172743418
AMR_VOLUME_STAGE 0.212 63 0 40.526278369768931 -5.6674007534043312e-09
AMR_VOLUME_STAGE 0.212 63 1 40.526278369768931 -5.6674007534043312e-09
Q_CLEANUP 0.212 63 0 -0
AMR_VOLUME_STAGE 0.212 63 2 40.526278369768931 -5.6674007534043312e-09
POSTADAPT_REPROJECT 0.212 63 19 6.28747354506e-09 8.78678142831e-12 5.25628520744e-11 4.65084931062e-06 2.75384905612e-07 0.00152353353758 0.0415592088974
AMR_VOLUME_STAGE 0.212 63 3 40.526278369768931 -5.6674007534043312e-09
Q_MOMENTUM 0.216 64 0.00640987981305 6.38613807724 6.39233022756 0.427606919372 0.426460645881 1.27250429948 0.007520229087
AMR_VOLUME_STAGE 0.216 64 0 40.526278369769344 -5.6673905843288325e-09
AMR_VOLUME_STAGE 0.216 64 1 40.526278369769344 -5.6673905843288325e-09
Q_CLEANUP 0.216 64 0 -0
AMR_VOLUME_STAGE 0.216 64 2 40.526278369769344 -5.6673905843288325e-09
POSTADAPT_REPROJECT 0.216 64 19 6.24096927783e-09 8.72236480397e-12 5.30172615879e-11 4.34048720847e-06 3.09960683115e-07 0.001666793166 0.0442864639414
AMR_VOLUME_STAGE 0.216 64 3 40.526278369769344 -5.6673905843288325e-09
RUN 0.22 65 40.5262783698 0.407542923464
Q_RUN 0.22 65 40.526278369769344 -5.66738585045e-09 -0 0 1.66533453694e-16 9.54944944734e-18 17
Q_CUTCELL_CFL 0.22 65 0.00470012893821 0.00470012893821 0.0402816000954 0 653
SHORE 0.22 65 45.96875 0.000418728930691 0.512747199661
Q_MOMENTUM 0.22 65 0.00554888842458 6.36220907448 6.37750531326 0.427739743749 0.426606232435 1.26216702829 0.007502939204
AMR_VOLUME_STAGE 0.22 65 0 40.526278369769813 -5.6673790126222315e-09
AMR_VOLUME_STAGE 0.22 65 1 40.526278369769813 -5.6673790126222315e-09
Q_CLEANUP 0.22 65 0 -0
AMR_VOLUME_STAGE 0.22 65 2 40.526278369769813 -5.6673790126222315e-09
POSTADAPT_REPROJECT 0.22 65 19 6.27324560007e-09 8.69964038299e-12 5.27105616099e-11 1.79976543048e-05 2.42024711831e-06 0.00193602186671 0.0468485622163
AMR_VOLUME_STAGE 0.22 65 3 40.526278369769813 -5.6673790126222315e-09
Q_MOMENTUM 0.224 66 0.00523396359217 6.35680437178 6.34960043539 0.427912735475 0.426776956302 1.25013828694 0.00747008492837
AMR_VOLUME_STAGE 0.224 66 0 40.526278369770139 -5.6673709474933883e-09
AMR_VOLUME_STAGE 0.224 66 1 40.526278369770139 -5.6673709474933883e-09
Q_CLEANUP 0.224 66 0 -0
AMR_VOLUME_STAGE 0.224 66 2 40.526278369770139 -5.6673709474933883e-09
POSTADAPT_REPROJECT 0.224 66 22 4.06654538038e-09 5.48627514101e-12 3.53697184388e-11 2.23308535222e-06 1.78507871683e-07 0.00173366991549 0.0431497833984
AMR_VOLUME_STAGE 0.224 66 3 40.526278369770139 -5.6673709474933883e-09
Q_MOMENTUM 0.228 67 0.00521410248543 6.33459300389 6.32809753424 0.4280491098 0.42692667138 1.24142640583 0.00744265618291
AMR_VOLUME_STAGE 0.228 67 0 40.526278369769813 -5.6673790126222315e-09
AMR_VOLUME_STAGE 0.228 67 1 40.526278369769813 -5.6673790126222315e-09
Q_CLEANUP 0.228 67 0 -0
AMR_VOLUME_STAGE 0.228 67 2 40.526278369769813 -5.6673790126222315e-09
POSTADAPT_REPROJECT 0.228 67 22 4.05883136996e-09 5.48608692649e-12 3.53432205377e-11 6.33102908196e-06 1.3465213438e-07 0.00177099159632 0.045989535146
AMR_VOLUME_STAGE 0.228 67 3 40.526278369769813 -5.6673790126222315e-09
Q_MOMENTUM 0.232 68 0.00553855104304 6.30139503897 6.32317919068 0.428203156525 0.427065175368 1.23248516786 0.0074372761574
AMR_VOLUME_STAGE 0.232 68 0 40.52627836976955 -5.667385499791084e-09
AMR_VOLUME_STAGE 0.232 68 1 40.52627836976955 -5.667385499791084e-09
Q_CLEANUP 0.232 68 0 -0
AMR_VOLUME_STAGE 0.232 68 2 40.52627836976955 -5.667385499791084e-09
POSTADAPT_REPROJECT 0.232 68 26 8.20171113317e-09 1.05227493247e-11 7.22227720337e-11 3.34480256083e-06 2.91623312991e-07 0.0017371700797 0.0349476639866
AMR_VOLUME_STAGE 0.232 68 3 40.52627836976955 -5.667385499791084e-09
Q_MOMENTUM 0.236 69 0.00522961916558 6.29957338692 6.30255022664 0.428312655029 0.427176855561 1.22936164919 0.0074133772004
AMR_VOLUME_STAGE 0.236 69 0 40.526278369768917 -5.667401104062107e-09
AMR_VOLUME_STAGE 0.236 69 1 40.526278369768917 -5.667401104062107e-09
Q_CLEANUP 0.236 69 0 -0
AMR_VOLUME_STAGE 0.236 69 2 40.526278369768917 -5.667401104062107e-09
POSTADAPT_REPROJECT 0.236 69 26 9.6860526197e-09 1.25290371637e-11 8.61062948374e-11 1.49278156563e-05 9.0604588502e-08 0.00215025052604 0.0486594087522
AMR_VOLUME_STAGE 0.236 69 3 40.526278369768917 -5.667401104062107e-09
RUN 0.24 70 40.5262783698 0.408654604923
Q_RUN 0.24 70 40.526278369768917 -5.66739637018e-09 -0 0 1.66533453694e-16 1.00153175683e-17 18
Q_CUTCELL_CFL 0.24 70 0.00479690463084 0.00479690463084 0.0412519130824 0 653
SHORE 0.24 70 45.96875 0.000748337995457 0.51606063154
Q_MOMENTUM 0.24 70 0.00509059807993 6.28802256899 6.27158409761 0.428464891998 0.427320895334 1.22163130842 0.00737721295821
AMR_VOLUME_STAGE 0.24 70 0 40.526278369768249 -5.6674175849775699e-09
AMR_VOLUME_STAGE 0.24 70 1 40.526278369768249 -5.6674175849775699e-09
Q_CLEANUP 0.24 70 0 -0
AMR_VOLUME_STAGE 0.24 70 2 40.526278369768249 -5.6674175849775699e-09
POSTADAPT_REPROJECT 0.24 70 26 9.90504843423e-09 1.27201679867e-11 8.72842093741e-11 1.48570771673e-06 3.25775817076e-07 0.00177272752047 0.0466447754681
AMR_VOLUME_STAGE 0.24 70 3 40.526278369768249 -5.6674175849775699e-09
Q_MOMENTUM 0.244 71 0.00555897086234 6.2621969269 6.26609697409 0.428609271973 0.427440916327 1.2141413113 0.00736725957141
AMR_VOLUME_STAGE 0.244 71 0 40.526278369767553 -5.6674347672085836e-09
AMR_VOLUME_STAGE 0.244 71 1 40.526278369767553 -5.6674347672085836e-09
Q_CLEANUP 0.244 71 0 -0
AMR_VOLUME_STAGE 0.244 71 2 40.526278369767553 -5.6674347672085836e-09
POSTADAPT_REPROJECT 0.244 71 27 4.12374167441e-09 5.06406528692e-12 3.44693136881e-11 1.25472995905e-05 4.53183610311e-06 0.00197641048191 0.0391311186514
AMR_VOLUME_STAGE 0.244 71 3 40.526278369767553 -5.6674347672085836e-09
Q_MOMENTUM 0.248 72 0.00514369679379 6.243182789 6.25736715118 0.42875708485 0.427567944047 1.21085630422 0.00735695730205
AMR_VOLUME_STAGE 0.248 72 0 40.526278369767873 -5.6674268774086279e-09
AMR_VOLUME_STAGE 0.248 72 1 40.526278369767873 -5.6674268774086279e-09
Q_CLEANUP 0.248 72 0 -0
AMR_VOLUME_STAGE 0.248 72 2 40.526278369767873 -5.6674268774086279e-09
POSTADAPT_REPROJECT 0.248 72 27 4.14023427337e-09 5.10841930721e-12 3.47941293832e-11 4.33856180047e-06 1.64723558815e-07 0.00183895411419 0.0451917487359
AMR_VOLUME_STAGE 0.248 72 3 40.526278369767873 -5.6674268774086279e-09
Q_MOMENTUM 0.252 73 0.00546969427306 6.23931750762 6.23347559173 0.428875914041 0.427703464931 1.20845086701 0.00732876489913
AMR_VOLUME_STAGE 0.252 73 0 40.526278369768185 -5.6674191629375606e-09
AMR_VOLUME_STAGE 0.252 73 1 40.526278369768185 -5.6674191629375606e-09
Q_CLEANUP 0.252 73 0 -0
AMR_VOLUME_STAGE 0.252 73 2 40.526278369768185 -5.6674191629375606e-09
POSTADAPT_REPROJECT 0.252 73 27 4.35358906727e-09 5.17938291647e-12 3.49301594593e-11 4.64101255183e-06 5.79117818703e-10 0.00217913682205 0.0496007761213
AMR_VOLUME_STAGE 0.252 73 3 40.526278369768185 -5.6674191629375606e-09
Q_MOMENTUM 0.256 74 0.00505678363229 6.22428368681 6.20836364001 0.429049042725 0.427867887339 1.24060186103 0.00729783596847
AMR_VOLUME_STAGE 0.256 74 0 40.526278369768512 -5.6674110978087174e-09
AMR_VOLUME_STAGE 0.256 74 1 40.526278369768512 -5.6674110978087174e-09
Q_CLEANUP 0.256 74 0 -0
AMR_VOLUME_STAGE 0.256 74 2 40.526278369768512 -5.6674110978087174e-09
POSTADAPT_REPROJECT 0.256 74 27 4.36244247659e-09 5.16731441197e-12 3.47349102606e-11 2.81387157563e-06 3.36695357615e-07 0.00199790665188 0.0504342936262
AMR_VOLUME_STAGE 0.256 74 3 40.526278369768512 -5.6674110978087174e-09
RUN 0.26 75 40.5262783698 0.408873481859
Q_RUN 0.26 75 40.526278369768512 -5.66740636393e-09 -0 0 1.66533453694e-16 1.1802557087e-17 21
Q_CUTCELL_CFL 0.26 75 0.00488276640872 0.00488276640872 0.0418290610901 0 653
SHORE 0.26 75 45.96875 0.00029921505502 0.51904216532
Q_MOMENTUM 0.26 75 0.00716504011672 6.19787729392 6.20490227517 0.429210388044 0.428024153383 1.31292502734 0.00729318214012
AMR_VOLUME_STAGE 0.26 75 0 40.526278369768768 -5.6674047859687524e-09
AMR_VOLUME_STAGE 0.26 75 1 40.526278369768768 -5.6674047859687524e-09
Q_CLEANUP 0.26 75 0 -0
AMR_VOLUME_STAGE 0.26 75 2 40.526278369768768 -5.6674047859687524e-09
POSTADAPT_REPROJECT 0.26 75 27 4.54869191261e-09 5.27085667898e-12 3.50727754131e-11 1.00886714375e-06 8.99197348342e-07 0.00194605973948 0.0418800297514
AMR_VOLUME_STAGE 0.26 75 3 40.526278369768768 -5.6674047859687524e-09
Q_MOMENTUM 0.264 76 0.00835845257216 6.18615947812 6.1932798117 0.429427897255 0.428195728903 1.29065086079 0.00727869674288
AMR_VOLUME_STAGE 0.264 76 0 40.526278369769059 -5.6673975974843491e-09
AMR_VOLUME_STAGE 0.264 76 1 40.526278369769059 -5.6673975974843491e-09
Q_CLEANUP 0.264 76 0 -0
AMR_VOLUME_STAGE 0.264 76 2 40.526278369769059 -5.6673975974843491e-09
POSTADAPT_REPROJECT 0.264 76 27 4.85297314129e-09 5.45820771987e-12 3.61627771998e-11 9.88355237543e-06 3.36990260681e-07 0.00204980510842 0.0480647330762
AMR_VOLUME_STAGE 0.264 76 3 40.526278369769059 -5.6673975974843491e-09
Q_MOMENTUM 0.268 77 0.00639805100863 6.17834913946 6.16688905585 0.429592795889 0.428378797425 1.28526710733 0.00724665555183
AMR_VOLUME_STAGE 0.268 77 0 40.526278369769329 -5.6673909349866083e-09
AMR_VOLUME_STAGE 0.268 77 1 40.526278369769329 -5.6673909349866083e-09
Q_CLEANUP 0.268 77 0 -0
AMR_VOLUME_STAGE 0.268 77 2 40.526278369769329 -5.6673909349866083e-09
POSTADAPT_REPROJECT 0.268 77 27 4.78612344678e-09 5.48839338276e-12 3.62204788731e-11 3.14728208175e-06 7.72070402804e-08 0.00232617306012 0.0509973688571
AMR_VOLUME_STAGE 0.268 77 3 40.526278369769329 -5.6673909349866083e-09
Q_MOMENTUM 0.272 78 0.00601044487002 6.16116863508 6.14854328436 0.429873518769 0.428606110545 1.26681236478 0.0072276040902
AMR_VOLUME_STAGE 0.272 78 0 40.526278369769734 -5.6673809412399979e-09
AMR_VOLUME_STAGE 0.272 78 1 40.526278369769734 -5.6673809412399979e-09
Q_CLEANUP 0.272 78 0 -0
AMR_VOLUME_STAGE 0.272 78 2 40.526278369769734 -5.6673809412399979e-09
POSTADAPT_REPROJECT 0.272 78 27 4.66366581529e-09 5.35430786414e-12 3.55036325859e-11 8.52452442528e-06 3.58382005033e-07 0.00211081271646 0.0533178749022
AMR_VOLUME_STAGE 0.272 78 3 40.526278369769734 -5.6673809412399979e-09
Q_MOMENTUM 0.276 79 0.00623916716528 6.13343146928 6.14080123848 0.430067450309 0.428789150099 1.25940430489 0.00721734183487
AMR_VOLUME_STAGE 0.276 79 0 40.526278369769983 -5.667374804728922e-09
AMR_VOLUME_STAGE 0.276 79 1 40.526278369769983 -5.667374804728922e-09
Q_CLEANUP 0.276 79 0 -0
AMR_VOLUME_STAGE 0.276 79 2 40.526278369769983 -5.667374804728922e-09
POSTADAPT_REPROJECT 0.276 79 27 3.97444924151e-09 4.58479846593e-12 3.01976547067e-11 3.09890991802e-06 6.11826703417e-07 0.00215585310977 0.0459391968504
AMR_VOLUME_STAGE 0.276 79 3 40.526278369769983 -5.667374804728922e-09
RUN 0.28 80 40.5262783698 0.409256497283
Q_RUN 0.28 80 40.526278369769983 -5.66737007085e-09 -0 0 1.66533453694e-16 1.00796920723e-17 17
Q_CUTCELL_CFL 0.28 80 0.00495890932855 0.00495890932855 0.0421032310255 0 653
SHORE 0.28 80 45.96875 0.000234054433255 0.521677597342
Q_MOMENTUM 0.28 80 0.00590708436502 6.12470305114 6.12681880691 0.430265977816 0.428954456921 1.24701325066 0.00719938325138
AMR_VOLUME_STAGE 0.28 80 0 40.526278369770353 -5.6673656876267507e-09
AMR_VOLUME_STAGE 0.28 80 1 40.526278369770353 -5.6673656876267507e-09
Q_CLEANUP 0.28 80 0 -0
AMR_VOLUME_STAGE 0.28 80 2 40.526278369770353 -5.6673656876267507e-09
POSTADAPT_REPROJECT 0.28 80 27 3.95241266452e-09 4.53254418836e-12 2.97429962604e-11 2.0695671751e-06 1.58224773871e-07 0.00234426081938 0.0505689045287
AMR_VOLUME_STAGE 0.28 80 3 40.526278369770353 -5.6673656876267507e-09
Q_MOMENTUM 0.284 81 0.00682918632749 6.11467453434 6.0983175203 0.430431987231 0.42912400163 1.23760569638 0.00716397668996
AMR_VOLUME_STAGE 0.284 81 0 40.526278369770559 -5.6673606030890021e-09
AMR_VOLUME_STAGE 0.284 81 1 40.526278369770559 -5.6673606030890021e-09
Q_CLEANUP 0.284 81 0 -0
AMR_VOLUME_STAGE 0.284 81 2 40.526278369770559 -5.6673606030890021e-09
POSTADAPT_REPROJECT 0.284 81 26 7.97994398853e-09 1.13716262142e-11 7.61225943391e-11 8.66326969519e-06 6.31529943899e-07 0.00241684476003 0.0534918236138
AMR_VOLUME_STAGE 0.284 81 3 40.526278369770559 -5.6673606030890021e-09
Q_MOMENTUM 0.288 82 0.00631172422877 6.09503667516 6.08681528479 0.430383085751 0.429191320625 1.2311273271 0.00715695739407
AMR_VOLUME_STAGE 0.288 82 0 40.52627836976994 -5.6673758567022494e-09
AMR_VOLUME_STAGE 0.288 82 1 40.52627836976994 -5.6673758567022494e-09
Q_CLEANUP 0.288 82 0 -0
AMR_VOLUME_STAGE 0.288 82 2 40.52627836976994 -5.6673758567022494e-09
POSTADAPT_REPROJECT 0.288 82 27 3.99834738213e-09 5.24096536798e-12 3.58094005837e-11 1.46534813812e-05 2.53404188475e-07 0.0023582070487 0.0558487783096
AMR_VOLUME_STAGE 0.288 82 3 40.52627836976994 -5.6673758567022494e-09
Q_MOMENTUM 0.292 83 0.00636638198423 6.06601695421 6.07532426025 0.430440011631 0.429290217773 1.22572397269 0.00714215316725
AMR_VOLUME_STAGE 0.292 83 0 40.526278369770132 -5.6673711228222758e-09
AMR_VOLUME_STAGE 0.292 83 1 40.526278369770132 -5.6673711228222758e-09
Q_CLEANUP 0.292 83 0 -0
AMR_VOLUME_STAGE 0.292 83 2 40.526278369770132 -5.6673711228222758e-09
POSTADAPT_REPROJECT 0.292 83 35 5.22207475526e-09 7.62893799441e-12 5.59875115019e-11 3.83645075716e-06 4.58640898517e-07 0.00224650302703 0.0498044562143
AMR_VOLUME_STAGE 0.292 83 3 40.526278369770132 -5.6673711228222758e-09
Q_MOMENTUM 0.296 84 0.00540489308947 6.06045834297 6.05912953304 0.430525169625 0.429405725666 1.25523897778 0.00712138568149
AMR_VOLUME_STAGE 0.296 84 0 40.526278369770672 -5.667357797826795e-09
AMR_VOLUME_STAGE 0.296 84 1 40.526278369770672 -5.667357797826795e-09
Q_CLEANUP 0.296 84 0 -0
AMR_VOLUME_STAGE 0.296 84 2 40.526278369770672 -5.667357797826795e-09
POSTADAPT_REPROJECT 0.296 84 35 5.03528126226e-09 7.48060557704e-12 5.50774100806e-11 6.99093407246e-06 6.27871991461e-07 0.00242712387983 0.0527439713777
AMR_VOLUME_STAGE 0.296 84 3 40.526278369770672 -5.667357797826795e-09
RUN 0.3 85 40.5262783698 0.410669840821
Q_RUN 0.3 85 40.526278369770672 -5.66735306395e-09 -0 0 1.66533453694e-16 9.35293780358e-18 17
Q_CUTCELL_CFL 0.3 85 0.00503146664327 0.00503146664327 0.0434868399656 0 653
SHORE 0.3 85 45.96875 3.23689738533e-05 0.524016289539
Q_MOMENTUM 0.3 85 0.00728206333564 6.04777348364 6.02416728202 0.430906743935 0.429511454772 1.25305435892 0.00708616789762
AMR_VOLUME_STAGE 0.3 85 0 40.526278369771049 -5.667348505395737e-09
AMR_VOLUME_STAGE 0.3 85 1 40.526278369771049 -5.667348505395737e-09
Q_CLEANUP 0.3 85 0 -0
AMR_VOLUME_STAGE 0.3 85 2 40.526278369771049 -5.667348505395737e-09
POSTADAPT_REPROJECT 0.3 85 35 5.09028334674e-09 7.5310588219e-12 5.54313895132e-11 3.20653762635e-06 2.24300902305e-07 0.00264102424771 0.0557142033681
AMR_VOLUME_STAGE 0.3 85 3 40.526278369771049 -5.667348505395737e-09
Q_MOMENTUM 0.305 86 0.00796911014487 6.01559289855 6.02144100406 0.431103631531 0.429724079734 1.24613281738 0.00708199777668
AMR_VOLUME_STAGE 0.305 86 0 40.526278369771703 -5.6673323751380499e-09
AMR_VOLUME_STAGE 0.305 86 1 40.526278369771703 -5.6673323751380499e-09
Q_CLEANUP 0.305 86 0 -0
AMR_VOLUME_STAGE 0.305 86 2 40.526278369771703 -5.6673323751380499e-09
POSTADAPT_REPROJECT 0.305 86 35 5.2060864196e-09 7.55917428676e-12 5.54418351506e-11 1.56747816564e-05 7.30588286106e-08 0.00246256057184 0.0579651519698
AMR_VOLUME_STAGE 0.305 86 3 40.526278369771703 -5.6673323751380499e-09
Q_MOMENTUM 0.31 87 0.0104819490722 5.99501423393 5.99173365791 0.431351074904 0.429873243947 1.27036428597 0.00704549494576
AMR_VOLUME_STAGE 0.31 87 0 40.526278369772122 -5.6673220307336637e-09
AMR_VOLUME_STAGE 0.31 87 1 40.526278369772122 -5.6673220307336637e-09
Q_CLEANUP 0.31 87 0 -0
AMR_VOLUME_STAGE 0.31 87 2 40.526278369772122 -5.6673220307336637e-09
POSTADAPT_REPROJECT 0.31 87 35 5.15243146065e-09 7.53516853023e-12 5.51853970507e-11 4.59951582515e-06 1.78309537027e-07 0.00266525234649 0.0533979837779
AMR_VOLUME_STAGE 0.31 87 3 40.526278369772122 -5.6673220307336637e-09
Q_MOMENTUM 0.315 88 0.00784496077027 5.97799008218 5.95666967775 0.431605690387 0.430053475957 1.28877640512 0.00700194953398
AMR_VOLUME_STAGE 0.315 88 0 40.526278369772875 -5.667303445871546e-09
AMR_VOLUME_STAGE 0.315 88 1 40.526278369772875 -5.667303445871546e-09
Q_CLEANUP 0.315 88 0 -0
AMR_VOLUME_STAGE 0.315 88 2 40.526278369772875 -5.667303445871546e-09
POSTADAPT_REPROJECT 0.315 88 35 5.01900924293e-09 7.51935311039e-12 5.53765861291e-11 1.06572592708e-05 8.32439840163e-08 0.00254656414914 0.0549403470464
AMR_VOLUME_STAGE 0.315 88 3 40.526278369772875 -5.667303445871546e-09
RUN 0.32 89 40.5262783698 0.410401963525
Q_RUN 0.32 89 40.526278369772875 -5.66729871199e-09 -0 0 1.66533453694e-16 1.16060454433e-17 20
Q_CUTCELL_CFL 0.32 89 0.00509298021686 0.00509298021686 0.0444230553974 0 652
SHORE 0.32 89 45.96875 0.000757146961829 0.526013015865
Q_MOMENTUM 0.32 89 0.00818010334954 5.94743531038 5.94430258305 0.431788374419 0.430212241238 1.28414191413 0.00699328863637
AMR_VOLUME_STAGE 0.32 89 0 40.526278369773287 -5.6672932767960482e-09
AMR_VOLUME_STAGE 0.32 89 1 40.526278369773287 -5.6672932767960482e-09
Q_CLEANUP 0.32 89 0 -0
AMR_VOLUME_STAGE 0.32 89 2 40.526278369773287 -5.6672932767960482e-09
POSTADAPT_REPROJECT 0.32 89 35 5.03544749669e-09 7.58537248452e-12 5.59804268913e-11 4.43535902322e-06 7.18237938336e-07 0.00258962199929 0.0572437158045
AMR_VOLUME_STAGE 0.32 89 3 40.526278369773287 -5.6672932767960482e-09
Q_MOMENTUM 0.325 90 0.00782147932486 5.92141215906 5.92202151627 0.432009910253 0.430381108722 1.26498446466 0.00696683730098
AMR_VOLUME_STAGE 0.325 90 0 40.526278369773813 -5.6672803024583431e-09
AMR_VOLUME_STAGE 0.325 90 1 40.526278369773813 -5.6672803024583431e-09
Q_CLEANUP 0.325 90 0 -0
AMR_VOLUME_STAGE 0.325 90 2 40.526278369773813 -5.6672803024583431e-09
POSTADAPT_REPROJECT 0.325 90 35 4.91770308871e-09 7.49577246418e-12 5.54024881527e-11 1.00751851175e-05 1.51868046159e-07 0.00267592675068 0.0594947895605
AMR_VOLUME_STAGE 0.325 90 3 40.526278369773813 -5.6672803024583431e-09
Q_MOMENTUM 0.33 91 0.00799780274103 5.90398442969 5.88079230677 0.432174002723 0.430528751421 1.25659323469 0.00691755642022
AMR_VOLUME_STAGE 0.33 91 0 40.526278369774275 -5.6672689060806296e-09
AMR_VOLUME_STAGE 0.33 91 1 40.526278369774275 -5.6672689060806296e-09
Q_CLEANUP 0.33 91 0 -0
AMR_VOLUME_STAGE 0.33 91 2 40.526278369774275 -5.6672689060806296e-09
POSTADAPT_REPROJECT 0.33 91 35 5.13029960885e-09 7.58644175069e-12 5.57491648331e-11 2.01335522661e-05 1.40284565637e-06 0.00283934276586 0.0569729492144
AMR_VOLUME_STAGE 0.33 91 3 40.526278369774275 -5.6672689060806296e-09
Q_MOMENTUM 0.335 92 0.00756539892615 5.87287765533 5.85338726318 0.432378264234 0.430688177261 1.24564820116 0.00688375457246
AMR_VOLUME_STAGE 0.335 92 0 40.52627836977485 -5.6672547044407097e-09
AMR_VOLUME_STAGE 0.335 92 1 40.52627836977485 -5.6672547044407097e-09
Q_CLEANUP 0.335 92 0 -0
AMR_VOLUME_STAGE 0.335 92 2 40.52627836977485 -5.6672547044407097e-09
POSTADAPT_REPROJECT 0.335 92 35 5.11729663863e-09 7.55607919725e-12 5.55834822613e-11 1.42484163819e-05 1.13455557091e-06 0.00260677979725 0.0586183800309
AMR_VOLUME_STAGE 0.335 92 3 40.52627836977485 -5.6672547044407097e-09
RUN 0.34 93 40.5262783698 0.412366458638
Q_RUN 0.34 93 40.52627836977485 -5.66724997056e-09 -0 0 1.66533453694e-16 1.11672823766e-17 17
Q_CUTCELL_CFL 0.34 93 0.00516178838118 0.00516178838118 0.0453794504689 0 650
SHORE 0.34 93 45.96875 0.00152227729945 0.527773440913
Q_MOMENTUM 0.34 93 0.0075939305475 5.830153002 5.83874720108 0.432524600543 0.430826598927 1.31184161463 0.00686749204466
AMR_VOLUME_STAGE 0.34 93 0 40.526278369775383 -5.6672415547741172e-09
AMR_VOLUME_STAGE 0.34 93 1 40.526278369775383 -5.6672415547741172e-09
Q_CLEANUP 0.34 93 0 -0
AMR_VOLUME_STAGE 0.34 93 2 40.526278369775383 -5.6672415547741172e-09
POSTADAPT_REPROJECT 0.34 93 35 5.23076446057e-09 7.64509540326e-12 5.61613906422e-11 3.49849158495e-06 1.90457971238e-06 0.0028010586134 0.0593912565537
AMR_VOLUME_STAGE 0.34 93 3 40.526278369775383 -5.6672415547741172e-09
Q_MOMENTUM 0.345 94 0.0080457054737 5.82339561045 5.80124651693 0.432727794899 0.431009960634 1.47549531313 0.00682421403927
AMR_VOLUME_STAGE 0.345 94 0 40.526278369775866 -5.6672296324097395e-09
AMR_VOLUME_STAGE 0.345 94 1 40.526278369775866 -5.6672296324097395e-09
Q_CLEANUP 0.345 94 0 -0
AMR_VOLUME_STAGE 0.345 94 2 40.526278369775866 -5.6672296324097395e-09
POSTADAPT_REPROJECT 0.345 94 35 5.43788626292e-09 7.75181347553e-12 5.66125575238e-11 4.42697846364e-06 6.50807537735e-07 0.00277558709668 0.0612831102103
AMR_VOLUME_STAGE 0.345 94 3 40.526278369775866 -5.6672296324097395e-09
Q_MOMENTUM 0.35 95 0.00780488211037 5.78977155667 5.75317367132 0.432813551774 0.431146205585 1.56533276275 0.00676831172082
AMR_VOLUME_STAGE 0.35 95 0 40.526278369776477 -5.6672145541253806e-09
AMR_VOLUME_STAGE 0.35 95 1 40.526278369776477 -5.6672145541253806e-09
Q_CLEANUP 0.35 95 0 -0
AMR_VOLUME_STAGE 0.35 95 2 40.526278369776477 -5.6672145541253806e-09
POSTADAPT_REPROJECT 0.35 95 51 9.7896825196e-09 1.12714375316e-11 7.33264282626e-11 1.29402729232e-06 5.00785375865e-07 0.00264384079616 0.0606386893966
AMR_VOLUME_STAGE 0.35 95 3 40.526278369776477 -5.6672145541253806e-09
Q_MOMENTUM 0.355 96 0.00891465448957 5.74949733925 5.73189582134 0.432882240432 0.431301868939 1.5324573421 0.00673247742284
AMR_VOLUME_STAGE 0.355 96 0 40.526278369777408 -5.6671915860410652e-09
AMR_VOLUME_STAGE 0.355 96 1 40.526278369777408 -5.6671915860410652e-09
Q_CLEANUP 0.355 96 0 -0
AMR_VOLUME_STAGE 0.355 96 2 40.526278369777408 -5.6671915860410652e-09
POSTADAPT_REPROJECT 0.355 96 51 9.31821834152e-09 1.1120743966e-11 7.34297856894e-11 4.7846371605e-06 3.88749591516e-07 0.00269224890071 0.0623657825077
AMR_VOLUME_STAGE 0.355 96 3 40.526278369777408 -5.6671915860410652e-09
RUN 0.36 97 40.5262783698 0.413727971241
Q_RUN 0.36 97 40.526278369777408 -5.66718685216e-09 -0 0 1.66533453694e-16 8.34835672814e-18 13
Q_CUTCELL_CFL 0.36 97 0.00524285579197 0.00524285579197 0.0463318898251 0 647
SHORE 0.36 97 45.96875 0.00190430112457 0.529286897711
Q_MOMENTUM 0.36 97 0.00806577599208 5.71745884689 5.70723923168 0.433019693697 0.431448768604 1.46500137395 0.00670519569087
AMR_VOLUME_STAGE 0.36 97 0 40.526278369778353 -5.6671682672989748e-09
AMR_VOLUME_STAGE 0.36 97 1 40.526278369778353 -5.6671682672989748e-09
Q_CLEANUP 0.36 97 0 -0
AMR_VOLUME_STAGE 0.36 97 2 40.526278369778353 -5.6671682672989748e-09
POSTADAPT_REPROJECT 0.36 97 27 4.91168750545e-09 5.96519899745e-12 3.96548150219e-11 2.0689338094e-06 7.9616573974e-07 0.00281527787219 0.0631679322969
AMR_VOLUME_STAGE 0.36 97 3 40.526278369778353 -5.6671682672989748e-09
Q_MOMENTUM 0.365 98 0.00738757332014 5.69950222951 5.66242678198 0.43325748266 0.431677040044 1.44559932952 0.00665432120346
AMR_VOLUME_STAGE 0.365 98 0 40.526278369778822 -5.6671566955923729e-09
AMR_VOLUME_STAGE 0.365 98 1 40.526278369778822 -5.6671566955923729e-09
Q_CLEANUP 0.365 98 0 -0
AMR_VOLUME_STAGE 0.365 98 2 40.526278369778822 -5.6671566955923729e-09
POSTADAPT_REPROJECT 0.365 98 34 9.47683573808e-09 1.18485971549e-11 8.04794607692e-11 2.8121298489e-06 7.69488738266e-07 0.00264418793408 0.0634734239473
AMR_VOLUME_STAGE 0.365 98 3 40.526278369778822 -5.6671566955923729e-09
Q_MOMENTUM 0.37 99 0.00683130917861 5.65812752322 5.61528187604 0.433425742201 0.431861017011 1.39254879272 0.00659933525175
AMR_VOLUME_STAGE 0.37 99 0 40.526278369777792 -5.6671821182811189e-09
AMR_VOLUME_STAGE 0.37 99 1 40.526278369777792 -5.6671821182811189e-09
Q_CLEANUP 0.37 99 0 -0
AMR_VOLUME_STAGE 0.37 99 2 40.526278369777792 -5.6671821182811189e-09
POSTADAPT_REPROJECT 0.37 99 27 4.29948268866e-09 5.05155210125e-12 3.38237302749e-11 6.92928177453e-06 1.0744599066e-06 0.00290388849475 0.0650136430682
AMR_VOLUME_STAGE 0.37 99 3 40.526278369777792 -5.6671821182811189e-09
Q_MOMENTUM 0.375 100 0.0062136673469 5.61454981637 5.59542024563 0.433678903982 0.432099756974 1.4026651292 0.00655486049795
AMR_VOLUME_STAGE 0.375 100 0 40.526278369778233 -5.6671712478900686e-09
AMR_VOLUME_STAGE 0.375 100 1 40.526278369778233 -5.6671712478900686e-09
Q_CLEANUP 0.375 100 0 -0
AMR_VOLUME_STAGE 0.375 100 2 40.526278369778233 -5.6671712478900686e-09
POSTADAPT_REPROJECT 0.375 100 22 5.73186689177e-09 7.77514064052e-12 4.91795154947e-11 2.79494722729e-06 2.61367928348e-07 0.00286175274821 0.0661449331429
AMR_VOLUME_STAGE 0.375 100 3 40.526278369778233 -5.6671712478900686e-09
RUN 0.38 101 40.5262783698 0.413668529893
Q_RUN 0.38 101 40.526278369778233 -5.66716651401e-09 -0 0 1.66316613259e-16 9.10729824888e-18 17
Q_CUTCELL_CFL 0.38 101 0.00534012395992 0.00534012395992 0.0468873029712 0 646
SHORE 0.38 101 45.96875 0.00228684368053 0.530511614936
Q_MOMENTUM 0.38 101 0.00640088152005 5.58975449044 5.5676139074 0.433811791793 0.432261649045 1.37054675069 0.00652373616729
AMR_VOLUME_STAGE 0.38 101 0 40.526278369777685 -5.6671847482144369e-09
AMR_VOLUME_STAGE 0.38 101 1 40.526278369777685 -5.6671847482144369e-09
Q_CLEANUP 0.38 101 0 -0
AMR_VOLUME_STAGE 0.38 101 2 40.526278369777685 -5.6671847482144369e-09
POSTADAPT_REPROJECT 0.38 101 22 4.91570783303e-09 6.68547675973e-12 4.2403974429e-11 2.41144701247e-05 2.46404991718e-07 0.00287424727314 0.0669406371362
AMR_VOLUME_STAGE 0.38 101 3 40.526278369777685 -5.6671847482144369e-09
Q_MOMENTUM 0.385 102 0.00733111557338 5.56738974715 5.52411735893 0.434084802792 0.432504217015 1.37612293102 0.00647466012044
AMR_VOLUME_STAGE 0.385 102 0 40.526278369777259 -5.6671952679477114e-09
AMR_VOLUME_STAGE 0.385 102 1 40.526278369777259 -5.6671952679477114e-09
Q_CLEANUP 0.385 102 0 -0
AMR_VOLUME_STAGE 0.385 102 2 40.526278369777259 -5.6671952679477114e-09
POSTADAPT_REPROJECT 0.385 102 22 4.7342464513e-09 6.67332276294e-12 4.23365101657e-11 7.46474340588e-06 6.45327659379e-07 0.00280465745282 0.0688001251201
AMR_VOLUME_STAGE 0.385 102 3 40.526278369777259 -5.6671952679477114e-09
Q_MOMENTUM 0.39 103 0.0064037797547 5.52651940923 5.4753352639 0.434239694985 0.432643321014 1.3547777523 0.00642069002698
AMR_VOLUME_STAGE 0.39 103 0 40.526278369776776 -5.6672071903120882e-09
AMR_VOLUME_STAGE 0.39 103 1 40.526278369776776 -5.6672071903120882e-09
Q_CLEANUP 0.39 103 0 -0
AMR_VOLUME_STAGE 0.39 103 2 40.526278369776776 -5.6672071903120882e-09
POSTADAPT_REPROJECT 0.39 103 22 4.44794533914e-09 6.84809366889e-12 4.33309577455e-11 8.84382287084e-06 9.017533838e-07 0.00298473440611 0.0698185939287
AMR_VOLUME_STAGE 0.39 103 3 40.526278369776776 -5.6672071903120882e-09
Q_MOMENTUM 0.395 104 0.00651251974978 5.48187834823 5.45389187923 0.434530109526 0.432859074796 1.36868842212 0.00636135977789
AMR_VOLUME_STAGE 0.395 104 0 40.526278369776385 -5.6672168334009228e-09
AMR_VOLUME_STAGE 0.395 104 1 40.526278369776385 -5.6672168334009228e-09
Q_CLEANUP 0.395 104 0 -0
AMR_VOLUME_STAGE 0.395 104 2 40.526278369776385 -5.6672168334009228e-09
POSTADAPT_REPROJECT 0.395 104 27 3.96797526688e-09 5.10517988354e-12 3.39159325624e-11 1.2656223016e-05 1.47553693562e-07 0.00271660045483 0.0704674256013
AMR_VOLUME_STAGE 0.395 104 3 40.526278369776385 -5.6672168334009228e-09
RUN 0.4 105 40.5262783698 0.414210240772
Q_RUN 0.4 105 40.526278369776385 -5.66721209952e-09 -0 0 1.66533453694e-16 1.10859672137e-17 17
Q_CUTCELL_CFL 0.4 105 0.00545496349952 0.00545496349952 0.0480983271159 0 646
SHORE 0.4 105 45.96875 0.00241640175714 0.531361911323
Q_MOMENTUM 0.4 105 0.00854743902077 5.45524101295 5.42909085787 0.434673787657 0.432989401677 1.35884064237 0.00633192485319
AMR_VOLUME_STAGE 0.4 105 0 40.526278369776719 -5.6672085929431914e-09
AMR_VOLUME_STAGE 0.4 105 1 40.526278369776719 -5.6672085929431914e-09
Q_CLEANUP 0.4 105 0 -0
AMR_VOLUME_STAGE 0.4 105 2 40.526278369776719 -5.6672085929431914e-09
POSTADAPT_REPROJECT 0.4 105 27 4.2267968812e-09 5.21225463373e-12 3.46158076162e-11 7.73269928668e-07 5.03646093474e-07 0.00284543805132 0.0622396744633
AMR_VOLUME_STAGE 0.4 105 3 40.526278369776719 -5.6672085929431914e-09
Q_MOMENTUM 0.405 106 0.00664967313379 5.4350885952 5.39188712176 0.434870085774 0.433180350552 1.37703897766 0.00628872281702
AMR_VOLUME_STAGE 0.405 106 0 40.526278369777145 -5.6671980732099177e-09
AMR_VOLUME_STAGE 0.405 106 1 40.526278369777145 -5.6671980732099177e-09
Q_CLEANUP 0.405 106 0 -0
AMR_VOLUME_STAGE 0.405 106 2 40.526278369777145 -5.6671980732099177e-09
POSTADAPT_REPROJECT 0.405 106 27 4.61927775712e-09 6.1182573295e-12 4.07474809103e-11 1.05412974267e-05 4.12986549433e-07 0.00272070022232 0.0685732574482
AMR_VOLUME_STAGE 0.405 106 3 40.526278369777145 -5.6671980732099177e-09
Q_MOMENTUM 0.41 107 0.00660902344317 5.4008375998 5.3495528853 0.434984244465 0.433318657424 1.37697289101 0.00624158803932
AMR_VOLUME_STAGE 0.41 107 0 40.526278369777501 -5.667189306765523e-09
AMR_VOLUME_STAGE 0.41 107 1 40.526278369777501 -5.667189306765523e-09
Q_CLEANUP 0.41 107 0 -0
AMR_VOLUME_STAGE 0.41 107 2 40.526278369777501 -5.667189306765523e-09
POSTADAPT_REPROJECT 0.41 107 34 8.45098721992e-09 1.19399878958e-11 8.31256426539e-11 7.51443574749e-06 8.7848621824e-08 0.00286895118842 0.0713024890461
AMR_VOLUME_STAGE 0.41 107 3 40.526278369777501 -5.667189306765523e-09
Q_MOMENTUM 0.415 108 0.00693448364447 5.36190020872 5.30767706576 0.435170115821 0.433465509294 1.39728765891 0.00617809092022
AMR_VOLUME_STAGE 0.415 108 0 40.526278369776684 -5.6672094695876313e-09
AMR_VOLUME_STAGE 0.415 108 1 40.526278369776684 -5.6672094695876313e-09
Q_CLEANUP 0.415 108 0 -0
AMR_VOLUME_STAGE 0.415 108 2 40.526278369776684 -5.6672094695876313e-09
POSTADAPT_REPROJECT 0.415 108 34 8.31113955522e-09 1.19636932401e-11 8.36787414533e-11 8.15238764037e-06 2.08592847205e-07 0.00292853462258 0.0727069833306
AMR_VOLUME_STAGE 0.415 108 3 40.526278369776684 -5.6672094695876313e-09
RUN 0.42 109 40.5262783698 0.414464183839
Q_RUN 0.42 109 40.526278369776684 -5.66720473571e-09 -0 0 1.66533453694e-16 7.93500464988e-18 13
Q_CUTCELL_CFL 0.42 109 0.00558683290619 0.00558683290619 0.0493591597966 0 644
SHORE 0.42 109 45.96875 0.00228520688748 0.532023513854
Q_MOMENTUM 0.42 109 0.00649894323423 5.3139737387 5.29111868942 0.435266960043 0.433596683596 1.39784016316 0.00613081098242
AMR_VOLUME_STAGE 0.42 109 0 40.52627836977576 -5.6672322623430584e-09
AMR_VOLUME_STAGE 0.42 109 1 40.52627836977576 -5.6672322623430584e-09
Q_CLEANUP 0.42 109 0 -0
AMR_VOLUME_STAGE 0.42 109 2 40.52627836977576 -5.6672322623430584e-09
POSTADAPT_REPROJECT 0.42 109 34 8.32236914843e-09 1.19420219792e-11 8.33828288534e-11 5.08618299937e-06 2.06819286212e-06 0.0028784289725 0.07358403639
AMR_VOLUME_STAGE 0.42 109 3 40.52627836977576 -5.6672322623430584e-09
Q_MOMENTUM 0.425 110 0.00702378212944 5.30220848143 5.26388004666 0.435450680992 0.433777201121 1.41373051105 0.00609552204698
AMR_VOLUME_STAGE 0.425 110 0 40.526278369774957 -5.6672520745073909e-09
AMR_VOLUME_STAGE 0.425 110 1 40.526278369774957 -5.6672520745073909e-09
Q_CLEANUP 0.425 110 0 -0
AMR_VOLUME_STAGE 0.425 110 2 40.526278369774957 -5.6672520745073909e-09
POSTADAPT_REPROJECT 0.425 110 34 8.18672689406e-09 1.19195478311e-11 8.3686709472e-11 9.01063226804e-06 1.49674709856e-07 0.00279173786923 0.0648511634258
AMR_VOLUME_STAGE 0.425 110 3 40.526278369774957 -5.6672520745073909e-09
Q_MOMENTUM 0.43 111 0.00642052397723 5.27804943315 5.23266313643 0.435540890413 0.433882731915 1.4144991449 0.00605818479528
AMR_VOLUME_STAGE 0.43 111 0 40.52627836977414 -5.6672722373295e-09
AMR_VOLUME_STAGE 0.43 111 1 40.52627836977414 -5.6672722373295e-09
Q_CLEANUP 0.43 111 0 -0
AMR_VOLUME_STAGE 0.43 111 2 40.52627836977414 -5.6672722373295e-09
POSTADAPT_REPROJECT 0.43 111 27 4.82252423932e-09 6.02748627845e-12 4.25482162524e-11 8.02548575879e-06 2.83459866699e-07 0.00277529626108 0.0715077719187
AMR_VOLUME_STAGE 0.43 111 3 40.52627836977414 -5.6672722373295e-09
Q_MOMENTUM 0.435 112 0.0066301325697 5.25026391068 5.18898971246 0.43572334848 0.434024164151 1.43546673161 0.00600716194263
AMR_VOLUME_STAGE 0.435 112 0 40.526278369774431 -5.6672650488450959e-09
AMR_VOLUME_STAGE 0.435 112 1 40.526278369774431 -5.6672650488450959e-09
Q_CLEANUP 0.435 112 0 -0
AMR_VOLUME_STAGE 0.435 112 2 40.526278369774431 -5.6672650488450959e-09
POSTADAPT_REPROJECT 0.435 112 27 4.85828106916e-09 5.92307775989e-12 4.01465995864e-11 7.74934666985e-06 1.61837116884e-07 0.00288329333433 0.0743292116503
AMR_VOLUME_STAGE 0.435 112 3 40.526278369774431 -5.6672650488450959e-09
RUN 0.44 113 40.5262783698 0.415280346152
Q_RUN 0.44 113 40.526278369774431 -5.66726031497e-09 -0 0 1.66533453694e-16 1.24683249836e-17 17
Q_CUTCELL_CFL 0.44 113 0.00573306934546 0.00573306934546 0.0507109705621 0 643
SHORE 0.44 113 45.96875 0.00238337408176 0.532374489037
Q_MOMENTUM 0.44 113 0.00639057707385 5.20883048313 5.14102003535 0.435813059923 0.434126516052 1.43404352608 0.00595396668124
AMR_VOLUME_STAGE 0.44 113 0 40.52627836977495 -5.6672522498362792e-09
AMR_VOLUME_STAGE 0.44 113 1 40.52627836977495 -5.6672522498362792e-09
Q_CLEANUP 0.44 113 0 -0
AMR_VOLUME_STAGE 0.44 113 2 40.52627836977495 -5.6672522498362792e-09
POSTADAPT_REPROJECT 0.44 113 27 4.82826475323e-09 5.97085090442e-12 4.06664120781e-11 8.01807198924e-06 8.11616924847e-07 0.0030671447578 0.0758060443701
AMR_VOLUME_STAGE 0.44 113 3 40.52627836977495 -5.6672522498362792e-09
Q_MOMENTUM 0.445 114 0.00873984158376 5.16317272376 5.12466036289 0.43601947513 0.434291178907 1.43472876107 0.0058854213546
AMR_VOLUME_STAGE 0.445 114 0 40.526278369775277 -5.6672441847074352e-09
AMR_VOLUME_STAGE 0.445 114 1 40.526278369775277 -5.6672441847074352e-09
Q_CLEANUP 0.445 114 0 -0
AMR_VOLUME_STAGE 0.445 114 2 40.526278369775277 -5.6672441847074352e-09
POSTADAPT_REPROJECT 0.445 114 27 4.77908765681e-09 5.8630408653e-12 3.97563162946e-11 1.25426471785e-05 4.2442565879e-07 0.00282213519877 0.0764966190415
AMR_VOLUME_STAGE 0.445 114 3 40.526278369775277 -5.6672441847074352e-09
Q_MOMENTUM 0.45 115 0.00671552597263 5.14286793246 5.10710107309 0.436083342588 0.434375429152 1.40986114488 0.00585696653119
AMR_VOLUME_STAGE 0.45 115 0 40.526278369775582 -5.6672366455652562e-09
AMR_VOLUME_STAGE 0.45 115 1 40.526278369775582 -5.6672366455652562e-09
Q_CLEANUP 0.45 115 0 -0
AMR_VOLUME_STAGE 0.45 115 2 40.526278369775582 -5.6672366455652562e-09
POSTADAPT_REPROJECT 0.45 115 27 4.91316509504e-09 5.92344875389e-12 4.02847989342e-11 7.45679185635e-06 2.26190719595e-08 0.0028643181882 0.0740392589616
AMR_VOLUME_STAGE 0.45 115 3 40.526278369775582 -5.6672366455652562e-09
Q_MOMENTUM 0.455 116 0.00632940079028 5.12920693892 5.07798415199 0.436196167845 0.434508554891 1.39312276454 0.00581740360494
AMR_VOLUME_STAGE 0.455 116 0 40.526278369776016 -5.6672259505030942e-09
AMR_VOLUME_STAGE 0.455 116 1 40.526278369776016 -5.6672259505030942e-09
Q_CLEANUP 0.455 116 0 -0
AMR_VOLUME_STAGE 0.455 116 2 40.526278369776016 -5.6672259505030942e-09
POSTADAPT_REPROJECT 0.455 116 27 4.88898013566e-09 6.0060261305e-12 4.09443321261e-11 1.16256757523e-05 8.25705009776e-07 0.00296769323923 0.0750626012107
AMR_VOLUME_STAGE 0.455 116 3 40.526278369776016 -5.6672259505030942e-09
RUN 0.46 117 40.5262783698 0.415218569952
Q_RUN 0.46 117 40.526278369776016 -5.66722121662e-09 -0 0 1.66533453694e-16 1.0408327621e-17 18
Q_CUTCELL_CFL 0.46 117 0.00589012649185 0.00589012649185 0.052053171412 0 642
SHORE 0.46 117 45.96875 0.00258491340946 0.532499108973
Q_MOMENTUM 0.46 117 0.00696163206041 5.1033272462 5.04729075536 0.436279049457 0.434627158825 1.32729748448 0.00577919459603
AMR_VOLUME_STAGE 0.46 117 0 40.526278369776598 -5.667211573534286e-09
AMR_VOLUME_STAGE 0.46 117 1 40.526278369776598 -5.667211573534286e-09
Q_CLEANUP 0.46 117 0 -0
AMR_VOLUME_STAGE 0.46 117 2 40.526278369776598 -5.667211573534286e-09
POSTADAPT_REPROJECT 0.46 117 27 5.21778305285e-09 6.0776062013e-12 4.13203828792e-11 1.47496746196e-06 1.00253443847e-06 0.00291988858654 0.0764007186491
AMR_VOLUME_STAGE 0.46 117 3 40.526278369776598 -5.667211573534286e-09
Q_MOMENTUM 0.465 118 0.00669597300499 5.07520334138 5.00263994445 0.436395261527 0.434786503878 1.34691736522 0.00572566358919
AMR_VOLUME_STAGE 0.465 118 0 40.526278369776904 -5.6672040343921061e-09
AMR_VOLUME_STAGE 0.465 118 1 40.526278369776904 -5.6672040343921061e-09
Q_CLEANUP 0.465 118 0 -0
AMR_VOLUME_STAGE 0.465 118 2 40.526278369776904 -5.6672040343921061e-09
POSTADAPT_REPROJECT 0.465 118 34 9.86425614802e-09 1.24315022359e-11 8.22591500124e-11 1.16348718831e-05 2.9713113539e-07 0.00293848876284 0.0786768333655
AMR_VOLUME_STAGE 0.465 118 3 40.526278369776904 -5.6672040343921061e-09
Q_MOMENTUM 0.47 119 0.00643789260212 5.03300255847 4.95520791319 0.436407584675 0.434867231483 1.35770341523 0.00567232102525
AMR_VOLUME_STAGE 0.47 119 0 40.526278369776044 -5.6672252491875426e-09
AMR_VOLUME_STAGE 0.47 119 1 40.526278369776044 -5.6672252491875426e-09
Q_CLEANUP 0.47 119 0 -0
AMR_VOLUME_STAGE 0.47 119 2 40.526278369776044 -5.6672252491875426e-09
POSTADAPT_REPROJECT 0.47 119 27 5.25214867073e-09 6.18041773594e-12 4.17143194986e-11 4.99043496865e-06 3.63702505615e-08 0.00309154915411 0.0798027520319
AMR_VOLUME_STAGE 0.47 119 3 40.526278369776044 -5.6672252491875426e-09
Q_MOMENTUM 0.475 120 0.00676644116409 4.98745390642 4.93018195824 0.436505745814 0.434988741239 1.35011631568 0.00560357447565
AMR_VOLUME_STAGE 0.475 120 0 40.526278369776492 -5.6672142034676048e-09
AMR_VOLUME_STAGE 0.475 120 1 40.526278369776492 -5.6672142034676048e-09
Q_CLEANUP 0.475 120 0 -0
AMR_VOLUME_STAGE 0.475 120 2 40.526278369776492 -5.6672142034676048e-09
POSTADAPT_REPROJECT 0.475 120 27 5.19845503612e-09 6.14156941242e-12 4.13067731062e-11 1.13460332542e-05 1.74074936368e-06 0.00293678320577 0.0803532946111
AMR_VOLUME_STAGE 0.475 120 3 40.526278369776492 -5.6672142034676048e-09
RUN 0.48 121 40.5262783698 0.415014948785
Q_RUN 0.48 121 40.526278369776492 -5.66720946959e-09 -0 0 1.66533453694e-16 8.72761573027e-18 17
Q_CUTCELL_CFL 0.48 121 0.0060631384566 0.0060631384566 0.0536228272788 0 641
SHORE 0.48 121 45.96875 0.00272741638576 0.532351830829
Q_MOMENTUM 0.48 121 0.00706981070153 4.95967331539 4.91421083064 0.436571098057 0.435021091506 1.37556926841 0.0055581869227
AMR_VOLUME_STAGE 0.48 121 0 40.526278369776875 -5.6672047357076577e-09
AMR_VOLUME_STAGE 0.48 121 1 40.526278369776875 -5.6672047357076577e-09
Q_CLEANUP 0.48 121 0 -0
AMR_VOLUME_STAGE 0.48 121 2 40.526278369776875 -5.6672047357076577e-09
POSTADAPT_REPROJECT 0.48 121 27 5.39527427248e-09 6.15132587352e-12 4.11272656556e-11 1.40164034221e-05 4.89798096941e-07 0.00303634216657 0.0764469636845
AMR_VOLUME_STAGE 0.48 121 3 40.526278369776875 -5.6672047357076577e-09
Q_MOMENTUM 0.485 122 0.00668748238507 4.94731835316 4.88621092571 0.436681973187 0.435123499929 1.50777228966 0.00551637668321
AMR_VOLUME_STAGE 0.485 122 0 40.526278369777422 -5.6671912353832894e-09
AMR_VOLUME_STAGE 0.485 122 1 40.526278369777422 -5.6671912353832894e-09
Q_CLEANUP 0.485 122 0 -0
AMR_VOLUME_STAGE 0.485 122 2 40.526278369777422 -5.6671912353832894e-09
POSTADAPT_REPROJECT 0.485 122 27 5.56785030581e-09 6.24171374022e-12 4.15059028813e-11 1.25281496636e-05 3.09872338818e-07 0.00302764378202 0.0783683378405
AMR_VOLUME_STAGE 0.485 122 3 40.526278369777422 -5.6671912353832894e-09
Q_MOMENTUM 0.49 123 0.0097853399023 4.92291377455 4.8590710128 0.436717898986 0.435152545385 1.56816555418 0.00547901998225
AMR_VOLUME_STAGE 0.49 123 0 40.526278369777771 -5.6671826442677822e-09
AMR_VOLUME_STAGE 0.49 123 1 40.526278369777771 -5.6671826442677822e-09
Q_CLEANUP 0.49 123 0 -0
AMR_VOLUME_STAGE 0.49 123 2 40.526278369777771 -5.6671826442677822e-09
POSTADAPT_REPROJECT 0.49 123 51 9.6771655099e-09 1.21560629321e-11 8.39616258463e-11 1.62541090461e-05 3.18297290246e-07 0.00295256149065 0.0795570926305
AMR_VOLUME_STAGE 0.49 123 3 40.526278369777771 -5.6671826442677822e-09
Q_MOMENTUM 0.495 124 0.0069900802775 4.89790360295 4.81667484327 0.43678767274 0.435187418861 1.52379948093 0.00542498782322
AMR_VOLUME_STAGE 0.495 124 0 40.526278369778801 -5.667157221579037e-09
AMR_VOLUME_STAGE 0.495 124 1 40.526278369778801 -5.667157221579037e-09
Q_CLEANUP 0.495 124 0 -0
AMR_VOLUME_STAGE 0.495 124 2 40.526278369778801 -5.667157221579037e-09
POSTADAPT_REPROJECT 0.495 124 50 6.73612309682e-09 1.56290452751e-11 1.23785308392e-10 1.11660335925e-05 5.62890239399e-07 0.00303530640935 0.0818815711849
AMR_VOLUME_STAGE 0.495 124 3 40.526278369778801 -5.667157221579037e-09
RUN 0.5 125 40.5262783698 0.417060684049
Q_RUN 0.5 125 40.526278369778801 -5.6671524877e-09 -0 0 1.66533453694e-16 1.1980434006e-17 17
Q_CUTCELL_CFL 0.5 125 0.00625396471567 0.00625396471567 0.0555762083988 0 641
SHORE 0.5 125 45.96875 0.00265765981486 0.531933997852
Q_MOMENTUM 0.5 125 0.00963627764401 4.85872516064 4.77510943955 0.436982819983 0.435264336399 1.38868435559 0.00537569701159
AMR_VOLUME_STAGE 0.5 125 0 40.526278369777735 -5.6671835209122221e-09
AMR_VOLUME_STAGE 0.5 125 1 40.526278369777735 -5.6671835209122221e-09
Q_CLEANUP 0.5 125 0 -0
AMR_VOLUME_STAGE 0.5 125 2 40.526278369777735 -5.6671835209122221e-09
POSTADAPT_REPROJECT 0.5 125 33 7.88962561466e-09 2.57937855905e-11 1.92200463878e-10 1.93057106136e-05 1.12965879784e-06 0.00324976300837 0.0830476539502
AMR_VOLUME_STAGE 0.5 125 3 40.526278369777735 -5.6671835209122221e-09
Q_MOMENTUM 0.505 126 0.00622877061502 4.8186977869 4.71797784495 0.437107773106 0.435374159179 1.394805869 0.00530910597698
AMR_VOLUME_STAGE 0.505 126 0 40.526278369779398 -5.6671424939524531e-09
AMR_VOLUME_STAGE 0.505 126 1 40.526278369779398 -5.6671424939524531e-09
Q_CLEANUP 0.505 126 0 -0
AMR_VOLUME_STAGE 0.505 126 2 40.526278369779398 -5.6671424939524531e-09
POSTADAPT_REPROJECT 0.505 126 34 7.53120970958e-09 1.13829604322e-11 7.79088946135e-11 2.40640271246e-05 9.38595100369e-07 0.00298824085039 0.0834780137016
AMR_VOLUME_STAGE 0.505 126 3 40.526278369779398 -5.6671424939524531e-09
Q_MOMENTUM 0.51 127 0.00842110342096 4.76387722238 4.67966490096 0.437141681968 0.435475225391 1.36615328132 0.00529729324913
AMR_VOLUME_STAGE 0.51 127 0 40.526278369778595 -5.6671623061167856e-09
AMR_VOLUME_STAGE 0.51 127 1 40.526278369778595 -5.6671623061167856e-09
Q_CLEANUP 0.51 127 0 -0
AMR_VOLUME_STAGE 0.51 127 2 40.526278369778595 -5.6671623061167856e-09
POSTADAPT_REPROJECT 0.51 127 33 8.7498718827e-09 2.11779779475e-11 1.54071675557e-10 1.15581482295e-05 3.97027907811e-07 0.00298676906365 0.0787092144437
AMR_VOLUME_STAGE 0.51 127 3 40.526278369778595 -5.6671623061167856e-09
Q_MOMENTUM 0.515 128 0.0075837833257 4.72422468769 4.6536475189 0.43732958019 0.435574081057 1.37475321121 0.00527894854836
AMR_VOLUME_STAGE 0.515 128 0 40.526278369779931 -5.6671293442858606e-09
AMR_VOLUME_STAGE 0.515 128 1 40.526278369779931 -5.6671293442858606e-09
Q_CLEANUP 0.515 128 0 -0
AMR_VOLUME_STAGE 0.515 128 2 40.526278369779931 -5.6671293442858606e-09
POSTADAPT_REPROJECT 0.515 128 34 7.03134133209e-09 1.12945908208e-11 7.79244030413e-11 1.46279036925e-05 1.12818259665e-07 0.00310164637211 0.0812618170633
AMR_VOLUME_STAGE 0.515 128 3 40.526278369779931 -5.6671293442858606e-09
RUN 0.52 129 40.5262783698 0.416019781517
Q_RUN 0.52 129 40.526278369779931 -5.66712461041e-09 -0 0 1.66533453694e-16 1.25229586087e-17 21
Q_CUTCELL_CFL 0.52 129 0.00646248333771 0.00646248333771 0.056435889125 0 641
SHORE 0.52 129 45.96875 0.00294213878715 0.53131447477
Q_MOMENTUM 0.52 129 0.00688018949284 4.70194988511 4.63000311033 0.437335900957 0.435690370668 1.35962195371 0.00526351149243
AMR_VOLUME_STAGE 0.52 129 0 40.526278369779185 -5.6671477538190899e-09
AMR_VOLUME_STAGE 0.52 129 1 40.526278369779185 -5.6671477538190899e-09
Q_CLEANUP 0.52 129 0 -0
AMR_VOLUME_STAGE 0.52 129 2 40.526278369779185 -5.6671477538190899e-09
POSTADAPT_REPROJECT 0.52 129 33 9.49588571664e-09 2.14426315149e-11 1.5518328636e-10 1.62349117602e-05 1.96065249028e-07 0.00309148842539 0.0824935864609
AMR_VOLUME_STAGE 0.52 129 3 40.526278369779185 -5.6671477538190899e-09
Q_MOMENTUM 0.525 130 0.00632355740031 4.68067106852 4.59963462181 0.43761059597 0.435837756557 1.34206863717 0.00524936849904
AMR_VOLUME_STAGE 0.525 130 0 40.526278369780655 -5.6671114607392945e-09
AMR_VOLUME_STAGE 0.525 130 1 40.526278369780655 -5.6671114607392945e-09
Q_CLEANUP 0.525 130 0 -0
AMR_VOLUME_STAGE 0.525 130 2 40.526278369780655 -5.6671114607392945e-09
POSTADAPT_REPROJECT 0.525 130 34 6.98929131585e-09 1.12059282439e-11 7.7320679373e-11 1.3776681673e-05 9.41791475953e-07 0.00308437421758 0.0847615120945
AMR_VOLUME_STAGE 0.525 130 3 40.526278369780655 -5.6671114607392945e-09
Q_MOMENTUM 0.53 131 0.00647331132558 4.64614679729 4.59870287979 0.437644417911 0.435968606718 1.325454311 0.00524271596775
AMR_VOLUME_STAGE 0.53 131 0 40.526278369779654 -5.6671361821124889e-09
AMR_VOLUME_STAGE 0.53 131 1 40.526278369779654 -5.6671361821124889e-09
Q_CLEANUP 0.53 131 0 -0
AMR_VOLUME_STAGE 0.53 131 2 40.526278369779654 -5.6671361821124889e-09
POSTADAPT_REPROJECT 0.53 131 26 7.48639501454e-09 1.20550105271e-11 8.26297953671e-11 5.73847684154e-06 6.50864374826e-07 0.0031977835538 0.0857642696465
AMR_VOLUME_STAGE 0.53 131 3 40.526278369779654 -5.6671361821124889e-09
Q_MOMENTUM 0.535 132 0.00969608500552 4.61355390248 4.58824307377 0.437936696744 0.436125260842 1.34241746611 0.00522629033078
AMR_VOLUME_STAGE 0.535 132 0 40.526278369778943 -5.6671537150012792e-09
AMR_VOLUME_STAGE 0.535 132 1 40.526278369778943 -5.6671537150012792e-09
Q_CLEANUP 0.535 132 0 -0
AMR_VOLUME_STAGE 0.535 132 2 40.526278369778943 -5.6671537150012792e-09
POSTADAPT_REPROJECT 0.535 132 34 9.12332392099e-09 1.44385136171e-11 1.00389333998e-10 1.63419975628e-05 3.23478256506e-08 0.00321791277178 0.0868259979766
AMR_VOLUME_STAGE 0.535 132 3 40.526278369778943 -5.6671537150012792e-09
RUN 0.54 133 40.5262783698 0.416799686695
Q_RUN 0.54 133 40.526278369778943 -5.66714898112e-09 -0 0 1.66533453694e-16 1.13841228111e-17 16
Q_CUTCELL_CFL 0.54 133 0.00664988822586 0.00664988822586 0.0576616387139 0 641
SHORE 0.54 133 45.96875 0.00316023835953 0.531016708703
Q_MOMENTUM 0.54 133 0.00848183720011 4.56592087643 4.5901899481 0.438438834375 0.436179218499 1.34703745404 0.00520692510061
AMR_VOLUME_STAGE 0.54 133 0 40.526278369777678 -5.6671849235433252e-09
AMR_VOLUME_STAGE 0.54 133 1 40.526278369777678 -5.6671849235433252e-09
Q_CLEANUP 0.54 133 0 -0
AMR_VOLUME_STAGE 0.54 133 2 40.526278369777678 -5.6671849235433252e-09
POSTADAPT_REPROJECT 0.54 133 27 4.16871602862e-09 5.90059185838e-12 4.01241791528e-11 1.0284973887e-05 6.55439111655e-07 0.00323452201311 0.0871253023247
AMR_VOLUME_STAGE 0.54 133 3 40.526278369777678 -5.6671849235433252e-09
Q_MOMENTUM 0.546666666667 134 0.00825334127204 4.53066080857 4.56170960912 0.438719453876 0.43635657039 1.3366073609 0.0051742121398
AMR_VOLUME_STAGE 0.546666666667 134 0 40.526278369778176 -5.6671726505211718e-09
AMR_VOLUME_STAGE 0.546666666667 134 1 40.526278369778176 -5.6671726505211718e-09
Q_CLEANUP 0.546666666667 134 0 -0
AMR_VOLUME_STAGE 0.546666666667 134 2 40.526278369778176 -5.6671726505211718e-09
POSTADAPT_REPROJECT 0.546666666667 134 27 4.58160015135e-09 5.97882960348e-12 4.07113015174e-11 2.18450037702e-05 2.45992668276e-07 0.00314694870431 0.0816779589848
AMR_VOLUME_STAGE 0.546666666667 134 3 40.526278369778176 -5.6671726505211718e-09
Q_MOMENTUM 0.553333333333 135 0.00931858579277 4.5047562715 4.53223824421 0.43875763444 0.436424030873 1.36992504336 0.00514576614032
AMR_VOLUME_STAGE 0.553333333333 135 0 40.52627836977863 -5.6671614294723465e-09
AMR_VOLUME_STAGE 0.553333333333 135 1 40.52627836977863 -5.6671614294723465e-09
Q_CLEANUP 0.553333333333 135 0 -0
AMR_VOLUME_STAGE 0.553333333333 135 2 40.52627836977863 -5.6671614294723465e-09
POSTADAPT_REPROJECT 0.553333333333 135 33 7.41406508761e-09 2.36270217219e-11 1.63638267867e-10 2.05046647958e-05 8.13952589199e-07 0.00328443634872 0.0840658920196
AMR_VOLUME_STAGE 0.553333333333 135 3 40.52627836977863 -5.6671614294723465e-09
RUN 0.56 136 40.5262783698 0.417346129258
Q_RUN 0.56 136 40.52627836977863 -5.66715669559e-09 -0 0 1.66533453694e-16 1.53956708493e-17 21
Q_CUTCELL_CFL 0.56 136 0.00677084985235 0.00677084985235 0.0586301820384 0 642
SHORE 0.56 136 45.96875 0.00326265025455 0.530486303241
Q_MOMENTUM 0.56 136 0.00996939130074 4.48231662066 4.48997475152 0.438913121737 0.436526178359 1.37335205052 0.00510959573335
AMR_VOLUME_STAGE 0.56 136 0 40.526278369780847 -5.6671067268593209e-09
AMR_VOLUME_STAGE 0.56 136 1 40.526278369780847 -5.6671067268593209e-09
Q_CLEANUP 0.56 136 0 -0
AMR_VOLUME_STAGE 0.56 136 2 40.526278369780847 -5.6671067268593209e-09
POSTADAPT_REPROJECT 0.56 136 27 4.69544456766e-09 6.0485410433e-12 4.13170470059e-11 2.98237083546e-05 4.07771286074e-07 0.00323104435612 0.0849804037568
AMR_VOLUME_STAGE 0.56 136 3 40.526278369780847 -5.6671067268593209e-09
Q_MOMENTUM 0.566666666667 137 0.00819013234715 4.44325522768 4.46487368767 0.438898551693 0.436582807945 1.35300256039 0.00505731597957
AMR_VOLUME_STAGE 0.566666666667 137 0 40.526278369781515 -5.6670902459438589e-09
AMR_VOLUME_STAGE 0.566666666667 137 1 40.526278369781515 -5.6670902459438589e-09
Q_CLEANUP 0.566666666667 137 0 -0
AMR_VOLUME_STAGE 0.566666666667 137 2 40.526278369781515 -5.6670902459438589e-09
POSTADAPT_REPROJECT 0.566666666667 137 27 4.44748219849e-09 5.9827880589e-12 4.07709994238e-11 9.50108705073e-06 7.84292940495e-07 0.00318738315237 0.0829209078117
AMR_VOLUME_STAGE 0.566666666667 137 3 40.526278369781515 -5.6670902459438589e-09
Q_MOMENTUM 0.573333333333 138 0.0084987709244 4.41310621351 4.43644471186 0.439090054728 0.436705476351 1.34305643782 0.0050329137733
AMR_VOLUME_STAGE 0.573333333333 138 0 40.526278369782034 -5.6670774469350421e-09
AMR_VOLUME_STAGE 0.573333333333 138 1 40.526278369782034 -5.6670774469350421e-09
Q_CLEANUP 0.573333333333 138 0 -0
AMR_VOLUME_STAGE 0.573333333333 138 2 40.526278369782034 -5.6670774469350421e-09
POSTADAPT_REPROJECT 0.573333333333 138 27 4.66286648529e-09 6.05432388185e-12 4.12929582021e-11 1.51280442617e-05 3.16410915254e-08 0.00327862257546 0.0831077147946
AMR_VOLUME_STAGE 0.573333333333 138 3 40.526278369782034 -5.6670774469350421e-09
RUN 0.58 139 40.5262783698 0.417226670064
Q_RUN 0.58 139 40.526278369782034 -5.66707271306e-09 -0 0 1.66533453694e-16 8.37715584835e-18 11
Q_CUTCELL_CFL 0.58 139 0.00689536663857 0.00689536663857 0.0595271543213 0 642
SHORE 0.58 139 45.96875 0.00339462384554 0.529908138609
Q_MOMENTUM 0.58 139 0.0135382590918 4.38743359767 4.40202938174 0.43913350178 0.43671677259 1.34337166425 0.00498651720662
AMR_VOLUME_STAGE 0.58 139 0 40.526278369782517 -5.6670655245706645e-09
AMR_VOLUME_STAGE 0.58 139 1 40.526278369782517 -5.6670655245706645e-09
Q_CLEANUP 0.58 139 0 -0
AMR_VOLUME_STAGE 0.58 139 2 40.526278369782517 -5.6670655245706645e-09
POSTADAPT_REPROJECT 0.58 139 35 4.91529339626e-09 7.35892888668e-12 5.05143860768e-11 2.69263409415e-05 1.28672341872e-06 0.00332256336963 0.0842072835805
AMR_VOLUME_STAGE 0.58 139 3 40.526278369782517 -5.6670655245706645e-09
Q_MOMENTUM 0.586666666667 140 0.00848979767604 4.36074144067 4.36276685252 0.439214682439 0.436790050427 1.35615045156 0.00493951611285
AMR_VOLUME_STAGE 0.586666666667 140 0 40.526278369783157 -5.6670497449707532e-09
AMR_VOLUME_STAGE 0.586666666667 140 1 40.526278369783157 -5.6670497449707532e-09
Q_CLEANUP 0.586666666667 140 0 -0
AMR_VOLUME_STAGE 0.586666666667 140 2 40.526278369783157 -5.6670497449707532e-09
POSTADAPT_REPROJECT 0.586666666667 140 27 4.75618940066e-09 6.1167002477e-12 4.15682150159e-11 1.83400062088e-05 5.98015598746e-07 0.00323610904014 0.0847674633237
AMR_VOLUME_STAGE 0.586666666667 140 3 40.526278369783157 -5.6670497449707532e-09
Q_MOMENTUM 0.593333333333 141 0.00827221364763 4.32619366977 4.31971504566 0.439206688571 0.436849171955 1.344426219 0.00489621085232
AMR_VOLUME_STAGE 0.593333333333 141 0 40.526278369783846 -5.667032738068627e-09
AMR_VOLUME_STAGE 0.593333333333 141 1 40.526278369783846 -5.667032738068627e-09
Q_CLEANUP 0.593333333333 141 0 -0
AMR_VOLUME_STAGE 0.593333333333 141 2 40.526278369783846 -5.667032738068627e-09
POSTADAPT_REPROJECT 0.593333333333 141 27 4.81859252152e-09 6.12365521703e-12 4.16694092426e-11 1.24129024105e-05 6.6735468019e-07 0.00315033785769 0.0818174096205
AMR_VOLUME_STAGE 0.593333333333 141 3 40.526278369783846 -5.667032738068627e-09
RUN 0.6 142 40.5262783698 0.417733780601
Q_RUN 0.6 142 40.526278369783846 -5.66702800419e-09 -0 0 1.66533453694e-16 7.50810004446e-18 11
Q_CUTCELL_CFL 0.6 142 0.00703645587227 0.00703645587227 0.0607927136051 0 642
SHORE 0.6 142 45.96875 0.00347453324032 0.529580336182
Q_MOMENTUM 0.6 142 0.0106033767575 4.29081346978 4.26976628958 0.439354116756 0.436906813218 1.36170491551 0.00486098111054
AMR_VOLUME_STAGE 0.6 142 0 40.526278369784499 -5.6670166078109407e-09
AMR_VOLUME_STAGE 0.6 142 1 40.526278369784499 -5.6670166078109407e-09
Q_CLEANUP 0.6 142 0 -0
AMR_VOLUME_STAGE 0.6 142 2 40.526278369784499 -5.6670166078109407e-09
POSTADAPT_REPROJECT 0.6 142 27 4.86597756533e-09 6.1581750471e-12 4.19324752872e-11 1.6177029644e-05 5.96774279973e-07 0.00317432823838 0.0818123282194
AMR_VOLUME_STAGE 0.6 142 3 40.526278369784499 -5.6670166078109407e-09
Q_MOMENTUM 0.606666666667 143 0.00804026327559 4.24644126392 4.21901183293 0.439385197822 0.436960594197 1.3660600959 0.00480024677673
AMR_VOLUME_STAGE 0.606666666667 143 0 40.526278369784869 -5.6670074907087693e-09
AMR_VOLUME_STAGE 0.606666666667 143 1 40.526278369784869 -5.6670074907087693e-09
Q_CLEANUP 0.606666666667 143 0 -0
AMR_VOLUME_STAGE 0.606666666667 143 2 40.526278369784869 -5.6670074907087693e-09
POSTADAPT_REPROJECT 0.606666666667 143 27 4.8853377628e-09 6.16083427893e-12 4.19217681402e-11 1.1397292411e-05 1.28530229906e-06 0.00324247114708 0.0844917347693
AMR_VOLUME_STAGE 0.606666666667 143 3 40.526278369784869 -5.6670074907087693e-09
Q_MOMENTUM 0.613333333333 144 0.0078793111695 4.20258863841 4.15914216927 0.439493035034 0.437038039021 1.37171854121 0.0047476319929
AMR_VOLUME_STAGE 0.613333333333 144 0 40.526278369785572 -5.6669901331488674e-09
AMR_VOLUME_STAGE 0.613333333333 144 1 40.526278369785572 -5.6669901331488674e-09
Q_CLEANUP 0.613333333333 144 0 -0
AMR_VOLUME_STAGE 0.613333333333 144 2 40.526278369785572 -5.6669901331488674e-09
POSTADAPT_REPROJECT 0.613333333333 144 34 8.89324004716e-09 1.2201129622e-11 8.25515090314e-11 1.40423437943e-05 3.87445418267e-07 0.00328348923558 0.0856143135005
AMR_VOLUME_STAGE 0.613333333333 144 3 40.526278369785572 -5.6669901331488674e-09
RUN 0.62 145 40.5262783698 0.417196818318
Q_RUN 0.62 145 40.526278369785572 -5.66698539927e-09 -0 0 1.66533453694e-16 6.09863722023e-18 11
Q_CUTCELL_CFL 0.62 145 0.00720023716534 0.00720023716534 0.0623795876009 0 642
SHORE 0.62 145 45.96875 0.00355838055879 0.528861286144
Q_MOMENTUM 0.62 145 0.00822892907682 4.14916315538 4.10215222272 0.43954297056 0.437108984152 1.36181863412 0.00471856382867
AMR_VOLUME_STAGE 0.62 145 0 40.526278369784464 -5.6670174844553797e-09
AMR_VOLUME_STAGE 0.62 145 1 40.526278369784464 -5.6670174844553797e-09
Q_CLEANUP 0.62 145 0 -0
AMR_VOLUME_STAGE 0.62 145 2 40.526278369784464 -5.6670174844553797e-09
POSTADAPT_REPROJECT 0.62 145 26 6.45261017356e-09 1.585879053e-11 1.07570130321e-10 6.89925505292e-06 5.2724069646e-07 0.00337200918581 0.0866646396572
AMR_VOLUME_STAGE 0.62 145 3 40.526278369784464 -5.6670174844553797e-09
Q_MOMENTUM 0.626666666667 146 0.0108713325955 4.09732956601 4.03384701571 0.439690634525 0.437229727074 1.35437281317 0.00467946051662
AMR_VOLUME_STAGE 0.626666666667 146 0 40.526278369782929 -5.6670553554951666e-09
AMR_VOLUME_STAGE 0.626666666667 146 1 40.526278369782929 -5.6670553554951666e-09
Q_CLEANUP 0.626666666667 146 0 -0
AMR_VOLUME_STAGE 0.626666666667 146 2 40.526278369782929 -5.6670553554951666e-09
POSTADAPT_REPROJECT 0.626666666667 146 35 6.39297517696e-09 7.63965828767e-12 5.18222582901e-11 1.59786111182e-05 6.29356291276e-07 0.00325140210608 0.0868633074816
AMR_VOLUME_STAGE 0.626666666667 146 3 40.526278369782929 -5.6670553554951666e-09
Q_MOMENTUM 0.633333333333 147 0.00769755713819 4.03535634429 3.97943189295 0.439689991397 0.437303380921 1.37611831641 0.00461376331365
AMR_VOLUME_STAGE 0.633333333333 147 0 40.526278369783746 -5.6670351926730575e-09
AMR_VOLUME_STAGE 0.633333333333 147 1 40.526278369783746 -5.6670351926730575e-09
Q_CLEANUP 0.633333333333 147 0 -0
AMR_VOLUME_STAGE 0.633333333333 147 2 40.526278369783746 -5.6670351926730575e-09
POSTADAPT_REPROJECT 0.633333333333 147 27 5.04917139685e-09 6.16797832521e-12 4.22613988076e-11 1.27079301245e-05 1.36641077651e-06 0.00323585975958 0.0804888472486
AMR_VOLUME_STAGE 0.633333333333 147 3 40.526278369783746 -5.6670351926730575e-09
RUN 0.64 148 40.5262783698 0.418015633826
Q_RUN 0.64 148 40.526278369783746 -5.66703045879e-09 -0 0 1.66533453694e-16 1.05845237089e-17 18
Q_CUTCELL_CFL 0.64 148 0.0073857147744 0.0073857147744 0.0643715350289 0 643
SHORE 0.64 148 45.96875 0.00364056230981 0.528115577726
Q_MOMENTUM 0.64 148 0.00754768272489 3.97611153923 3.96375227526 0.439812343257 0.437423021762 1.35739385706 0.00456277692822
AMR_VOLUME_STAGE 0.64 148 0 40.526278369784258 -5.6670225689931291e-09
AMR_VOLUME_STAGE 0.64 148 1 40.526278369784258 -5.6670225689931291e-09
Q_CLEANUP 0.64 148 0 -0
AMR_VOLUME_STAGE 0.64 148 2 40.526278369784258 -5.6670225689931291e-09
POSTADAPT_REPROJECT 0.64 148 27 4.99308253413e-09 6.13467666334e-12 4.2072732017e-11 9.76098484308e-06 5.8869123755e-07 0.00324279683663 0.0818862158601
AMR_VOLUME_STAGE 0.64 148 3 40.526278369784258 -5.6670225689931291e-09
Q_MOMENTUM 0.646666666667 149 0.00898241238103 3.94913020365 3.93168392334 0.439945737472 0.437539077394 1.34249877929 0.00453638080272
AMR_VOLUME_STAGE 0.646666666667 149 0 40.52627836978489 -5.6670069647221061e-09
AMR_VOLUME_STAGE 0.646666666667 149 1 40.52627836978489 -5.6670069647221061e-09
Q_CLEANUP 0.646666666667 149 0 -0
AMR_VOLUME_STAGE 0.646666666667 149 2 40.52627836978489 -5.6670069647221061e-09
POSTADAPT_REPROJECT 0.646666666667 149 27 4.98029537055e-09 6.11206261193e-12 4.47024865041e-11 8.78014203306e-06 8.08721947914e-07 0.00326448409409 0.084423481934
AMR_VOLUME_STAGE 0.646666666667 149 3 40.52627836978489 -5.6670069647221061e-09
Q_MOMENTUM 0.653333333333 150 0.00851011415549 3.91801369312 3.89125852592 0.440106501647 0.437660925712 1.43567376517 0.00449957966445
AMR_VOLUME_STAGE 0.653333333333 150 0 40.526278369785338 -5.6669959190021683e-09
AMR_VOLUME_STAGE 0.653333333333 150 1 40.526278369785338 -5.6669959190021683e-09
Q_CLEANUP 0.653333333333 150 0 -0
AMR_VOLUME_STAGE 0.653333333333 150 2 40.526278369785338 -5.6669959190021683e-09
POSTADAPT_REPROJECT 0.653333333333 150 27 5.00727185063e-09 6.02858059687e-12 4.18426291879e-11 7.84151221791e-06 1.64472776781e-07 0.00322269831063 0.0789284400108
AMR_VOLUME_STAGE 0.653333333333 150 3 40.526278369785338 -5.6669959190021683e-09
RUN 0.66 151 40.5262783698 0.419011258637
Q_RUN 0.66 151 40.526278369785338 -5.66699118512e-09 -0 0 1.66533453694e-16 1.10054990837e-17 17
Q_CUTCELL_CFL 0.66 151 0.00758945867266 0.00758945867266 0.0664881619121 0 643
SHORE 0.66 151 45.96875 0.00375613055872 0.527633632663
Q_MOMENTUM 0.66 151 0.00764336062023 3.8755399227 3.87388639304 0.440203264177 0.4377858453 1.39247221098 0.00443849646179
AMR_VOLUME_STAGE 0.66 151 0 40.526278369785857 -5.6669831199933516e-09
AMR_VOLUME_STAGE 0.66 151 1 40.526278369785857 -5.6669831199933516e-09
Q_CLEANUP 0.66 151 0 -0
AMR_VOLUME_STAGE 0.66 151 2 40.526278369785857 -5.6669831199933516e-09
POSTADAPT_REPROJECT 0.66 151 27 5.07516635141e-09 6.09093476466e-12 4.22731537275e-11 9.49871197059e-06 7.05260225106e-07 0.00347339444208 0.0820445436906
AMR_VOLUME_STAGE 0.66 151 3 40.526278369785857 -5.6669831199933516e-09
Q_MOMENTUM 0.666666666667 152 0.00772684108219 3.86713978609 3.86738689085 0.440386975228 0.437957747264 1.37991750013 0.00437737596942
AMR_VOLUME_STAGE 0.666666666667 152 0 40.526278369786517 -5.6669668144067762e-09
AMR_VOLUME_STAGE 0.666666666667 152 1 40.526278369786517 -5.6669668144067762e-09
Q_CLEANUP 0.666666666667 152 0 -0
AMR_VOLUME_STAGE 0.666666666667 152 2 40.526278369786517 -5.6669668144067762e-09
POSTADAPT_REPROJECT 0.666666666667 152 27 5.09220916128e-09 6.073816067e-12 4.2198640849e-11 1.17122138028e-05 5.00790907065e-07 0.00324956009595 0.0830486894134
AMR_VOLUME_STAGE 0.666666666667 152 3 40.526278369786517 -5.6669668144067762e-09
Q_MOMENTUM 0.673333333333 153 0.0114234863335 3.86156097411 3.84837980239 0.440465439977 0.438086930943 1.37160659018 0.00434083647057
AMR_VOLUME_STAGE 0.673333333333 153 0 40.5262783697871 -5.6669524374379688e-09
AMR_VOLUME_STAGE 0.673333333333 153 1 40.5262783697871 -5.6669524374379688e-09
Q_CLEANUP 0.673333333333 153 0 -0
AMR_VOLUME_STAGE 0.673333333333 153 2 40.5262783697871 -5.6669524374379688e-09
POSTADAPT_REPROJECT 0.673333333333 153 50 8.76219252363e-09 1.82027129089e-11 1.38523050669e-10 4.48314422137e-06 2.92038569297e-07 0.00331824334567 0.0849596911014
AMR_VOLUME_STAGE 0.673333333333 153 3 40.5262783697871 -5.6669524374379688e-09
RUN 0.68 154 40.5262783698 0.418746467135
Q_RUN 0.68 154 40.5262783697871 -5.66694770356e-09 -0 0 1.66533453694e-16 9.02598308594e-18 12
Q_CUTCELL_CFL 0.68 154 0.0078121461719 0.0078121461719 0.0689625696112 0 643
SHORE 0.68 154 45.96875 0.00368762300787 0.526962217538
Q_MOMENTUM 0.68 154 0.00743010018775 3.84381879161 3.81701076243 0.440569902897 0.438209461846 1.38577610273 0.0043111393103
AMR_VOLUME_STAGE 0.68 154 0 40.526278369785317 -5.6669964449888316e-09
AMR_VOLUME_STAGE 0.68 154 1 40.526278369785317 -5.6669964449888316e-09
Q_CLEANUP 0.68 154 0 -0
AMR_VOLUME_STAGE 0.68 154 2 40.526278369785317 -5.6669964449888316e-09
POSTADAPT_REPROJECT 0.68 154 50 8.89755197428e-09 1.82770937031e-11 1.38717010101e-10 8.36824086699e-06 8.39122250952e-07 0.0033322936522 0.0843795901477
AMR_VOLUME_STAGE 0.68 154 3 40.526278369785317 -5.6669964449888316e-09
Q_MOMENTUM 0.686666666667 155 0.00838407210777 3.81268439168 3.76650982164 0.440685021461 0.438332540553 1.37728307883 0.00426523599924
AMR_VOLUME_STAGE 0.686666666667 155 0 40.526278369783611 -5.6670385239219279e-09
AMR_VOLUME_STAGE 0.686666666667 155 1 40.526278369783611 -5.6670385239219279e-09
Q_CLEANUP 0.686666666667 155 0 -0
AMR_VOLUME_STAGE 0.686666666667 155 2 40.526278369783611 -5.6670385239219279e-09
POSTADAPT_REPROJECT 0.686666666667 155 50 6.80240314652e-09 1.83785089218e-11 1.39039130903e-10 6.53968398563e-06 1.00375581406e-06 0.00347880615372 0.0864039479306
AMR_VOLUME_STAGE 0.686666666667 155 3 40.526278369783611 -5.6670385239219279e-09
Q_MOMENTUM 0.693333333333 156 0.00771430022836 3.76463687897 3.7433526767 0.440858520837 0.438453977631 1.40269194438 0.00421266025694
AMR_VOLUME_STAGE 0.693333333333 156 0 40.52627836978187 -5.6670814794994633e-09
AMR_VOLUME_STAGE 0.693333333333 156 1 40.52627836978187 -5.6670814794994633e-09
Q_CLEANUP 0.693333333333 156 0 -0
AMR_VOLUME_STAGE 0.693333333333 156 2 40.52627836978187 -5.6670814794994633e-09
POSTADAPT_REPROJECT 0.693333333333 156 50 8.9739975558e-09 1.84085834728e-11 1.39585674616e-10 5.83541515662e-06 3.39612471056e-08 0.00338623210104 0.0869833152042
AMR_VOLUME_STAGE 0.693333333333 156 3 40.52627836978187 -5.6670814794994633e-09
RUN 0.7 157 40.5262783698 0.420282507717
Q_RUN 0.7 157 40.52627836978187 -5.66707674562e-09 -0 0 1.66533453694e-16 1.51263143721e-17 21
Q_CUTCELL_CFL 0.7 157 0.00805520154951 0.00805520154951 0.0715950575478 0 643
SHORE 0.7 157 45.96875 0.00368919935571 0.525984688362
Q_MOMENTUM 0.7 157 0.00778098811697 3.7458172198 3.74464813823 0.441049608936 0.438561824003 1.41747225538 0.00413531443596
AMR_VOLUME_STAGE 0.7 157 0 40.526278369780108 -5.6671249610636628e-09
AMR_VOLUME_STAGE 0.7 157 1 40.526278369780108 -5.6671249610636628e-09
Q_CLEANUP 0.7 157 0 -0
AMR_VOLUME_STAGE 0.7 157 2 40.526278369780108 -5.6671249610636628e-09
POSTADAPT_REPROJECT 0.7 157 50 9.09582347267e-09 1.85198221166e-11 1.40402101403e-10 4.60988130504e-06 1.50972013822e-06 0.00345266458547 0.0871662833565
AMR_VOLUME_STAGE 0.7 157 3 40.526278369780108 -5.6671249610636628e-09
Q_MOMENTUM 0.706666666667 158 0.00796483072423 3.74890861514 3.72971114018 0.441188892521 0.438691219046 1.40533801508 0.00408079032988
AMR_VOLUME_STAGE 0.706666666667 158 0 40.526278369778353 -5.6671682672989748e-09
AMR_VOLUME_STAGE 0.706666666667 158 1 40.526278369778353 -5.6671682672989748e-09
Q_CLEANUP 0.706666666667 158 0 -0
AMR_VOLUME_STAGE 0.706666666667 158 2 40.526278369778353 -5.6671682672989748e-09
POSTADAPT_REPROJECT 0.706666666667 158 52 8.43329731391e-09 7.10050788282e-12 5.43341326792e-11 5.47880571208e-06 6.130599007e-07 0.00331356930861 0.0820484447976
AMR_VOLUME_STAGE 0.706666666667 158 3 40.526278369778353 -5.6671682672989748e-09
Q_MOMENTUM 0.713333333333 159 0.00743415201258 3.73624787023 3.70335930099 0.441301762426 0.438828880194 1.39800255547 0.00405504629243
AMR_VOLUME_STAGE 0.713333333333 159 0 40.526278369777799 -5.6671819429522306e-09
AMR_VOLUME_STAGE 0.713333333333 159 1 40.526278369777799 -5.6671819429522306e-09
Q_CLEANUP 0.713333333333 159 0 -0
AMR_VOLUME_STAGE 0.713333333333 159 2 40.526278369777799 -5.6671819429522306e-09
POSTADAPT_REPROJECT 0.713333333333 159 52 8.44391380673e-09 7.09734151972e-12 5.42711674212e-11 6.87572414988e-06 6.62174385945e-07 0.00348334177114 0.0832385976154
AMR_VOLUME_STAGE 0.713333333333 159 3 40.526278369777799 -5.6671819429522306e-09
RUN 0.72 160 40.5262783698 0.419702902433
Q_RUN 0.72 160 40.526278369777799 -5.66717720907e-09 -0 0 1.66533453694e-16 7.94199267169e-18 16
Q_CUTCELL_CFL 0.72 160 0.00830843322834 0.00830843322834 0.0742886653936 0 643
SHORE 0.72 160 45.96875 0.00368753096715 0.525286101656
Q_MOMENTUM 0.72 160 0.0114111611185 3.71235189438 3.6653393082 0.441402496951 0.438982080896 1.38901918603 0.00401593170425
AMR_VOLUME_STAGE 0.72 160 0 40.526278369776989 -5.6672019304454514e-09
AMR_VOLUME_STAGE 0.72 160 1 40.526278369776989 -5.6672019304454514e-09
Q_CLEANUP 0.72 160 0 -0
AMR_VOLUME_STAGE 0.72 160 2 40.526278369776989 -5.6672019304454514e-09
POSTADAPT_REPROJECT 0.72 160 52 8.32714862859e-09 7.03783239393e-12 5.3954484977e-11 6.40193055222e-06 3.79594336196e-07 0.0034211130891 0.0841497708144
AMR_VOLUME_STAGE 0.72 160 3 40.526278369776989 -5.6672019304454514e-09
Q_MOMENTUM 0.726666666667 161 0.00738957377105 3.6758464184 3.61063821254 0.441466005103 0.439118299744 1.40899483846 0.00396480093417
AMR_VOLUME_STAGE 0.726666666667 161 0 40.52627836977635 -5.6672177100453627e-09
AMR_VOLUME_STAGE 0.726666666667 161 1 40.52627836977635 -5.6672177100453627e-09
Q_CLEANUP 0.726666666667 161 0 -0
AMR_VOLUME_STAGE 0.726666666667 161 2 40.52627836977635 -5.6672177100453627e-09
POSTADAPT_REPROJECT 0.726666666667 161 52 8.23151807612e-09 7.00081754317e-12 5.38257355354e-11 6.38681370742e-06 5.22796058945e-07 0.00342708922328 0.084518837908
AMR_VOLUME_STAGE 0.726666666667 161 3 40.52627836977635 -5.6672177100453627e-09
Q_MOMENTUM 0.733333333333 162 0.010682436689 3.62392466424 3.5687534118 0.44171461407 0.439249218116 1.3947566641 0.00390689936752
AMR_VOLUME_STAGE 0.733333333333 162 0 40.52627836977571 -5.6672334896452741e-09
AMR_VOLUME_STAGE 0.733333333333 162 1 40.52627836977571 -5.6672334896452741e-09
Q_CLEANUP 0.733333333333 162 0 -0
AMR_VOLUME_STAGE 0.733333333333 162 2 40.52627836977571 -5.6672334896452741e-09
POSTADAPT_REPROJECT 0.733333333333 162 52 8.66377621508e-09 7.24083781317e-12 5.54158351151e-11 2.20434970813e-06 5.70868170535e-07 0.00339268690686 0.0800824063787
AMR_VOLUME_STAGE 0.733333333333 162 3 40.52627836977571 -5.6672334896452741e-09
RUN 0.74 163 40.5262783698 0.420758691965
Q_RUN 0.74 163 40.52627836977571 -5.66722875577e-09 -0 0 1.66533453694e-16 1.55040910665e-17 22
Q_CUTCELL_CFL 0.74 163 0.00859891261582 0.00859891261582 0.0774569968051 0 643
SHORE 0.74 163 45.96875 0.00368639657596 0.524477999315
Q_MOMENTUM 0.74 163 0.00756543249008 3.58470481964 3.5698522822 0.441785815201 0.439378184384 1.44107679587 0.00383097663981
AMR_VOLUME_STAGE 0.74 163 0 40.526278369775113 -5.6672482172718572e-09
AMR_VOLUME_STAGE 0.74 163 1 40.526278369775113 -5.6672482172718572e-09
Q_CLEANUP 0.74 163 0 -0
AMR_VOLUME_STAGE 0.74 163 2 40.526278369775113 -5.6672482172718572e-09
POSTADAPT_REPROJECT 0.74 163 52 8.63780938605e-09 7.22842170432e-12 5.53644942392e-11 1.21185310549e-05 1.06256135156e-06 0.00348688439082 0.0810867383612
AMR_VOLUME_STAGE 0.74 163 3 40.526278369775113 -5.6672482172718572e-09
Q_MOMENTUM 0.746666666667 164 0.00761848139969 3.58814306174 3.55489653582 0.442051267018 0.439540842584 1.43087267443 0.00375667086344
AMR_VOLUME_STAGE 0.746666666667 164 0 40.526278369774325 -5.6672676787784147e-09
AMR_VOLUME_STAGE 0.746666666667 164 1 40.526278369774325 -5.6672676787784147e-09
Q_CLEANUP 0.746666666667 164 0 -0
AMR_VOLUME_STAGE 0.746666666667 164 2 40.526278369774325 -5.6672676787784147e-09
POSTADAPT_REPROJECT 0.746666666667 164 52 8.54620850943e-09 7.20585055521e-12 5.53781673296e-11 2.11601315892e-06 7.06308760564e-07 0.00352242212147 0.0834844725968
AMR_VOLUME_STAGE 0.746666666667 164 3 40.526278369774325 -5.6672676787784147e-09
Q_MOMENTUM 0.753333333333 165 0.00788374989438 3.57650619611 3.53390326662 0.442186561484 0.439685470855 1.4207966784 0.00370716668241
AMR_VOLUME_STAGE 0.753333333333 165 0 40.526278369773678 -5.6672836337072135e-09
AMR_VOLUME_STAGE 0.753333333333 165 1 40.526278369773678 -5.6672836337072135e-09
Q_CLEANUP 0.753333333333 165 0 -0
AMR_VOLUME_STAGE 0.753333333333 165 2 40.526278369773678 -5.6672836337072135e-09
POSTADAPT_REPROJECT 0.753333333333 165 36 7.55505556943e-09 4.49065396182e-12 2.96736107908e-11 2.4905823279e-06 5.91706627551e-07 0.00341218107401 0.0844227734758
AMR_VOLUME_STAGE 0.753333333333 165 3 40.526278369773678 -5.6672836337072135e-09
RUN 0.76 166 40.5262783698 0.420549143112
Q_RUN 0.76 166 40.526278369773678 -5.66727889983e-09 -0 0 1.66533453694e-16 9.97465998687e-18 13
Q_CUTCELL_CFL 0.76 166 0.00890404971273 0.00890404971273 0.0806363365856 0 643
SHORE 0.76 166 45.96875 0.00371222275941 0.52345296451
Q_MOMENTUM 0.76 166 0.00744731714077 3.55773102768 3.49980832696 0.442315000695 0.43982939033 1.41295727892 0.00366704307723
AMR_VOLUME_STAGE 0.76 166 0 40.526278369773401 -5.6672904715338418e-09
AMR_VOLUME_STAGE 0.76 166 1 40.526278369773401 -5.6672904715338418e-09
Q_CLEANUP 0.76 166 0 -0
AMR_VOLUME_STAGE 0.76 166 2 40.526278369773401 -5.6672904715338418e-09
POSTADAPT_REPROJECT 0.76 166 52 8.53889753349e-09 7.23212974185e-12 5.56336799545e-11 3.2944500659e-06 4.60648675134e-07 0.0035486281266 0.0853923068656
AMR_VOLUME_STAGE 0.76 166 3 40.526278369773401 -5.6672904715338418e-09
Q_MOMENTUM 0.766666666667 167 0.00912821765142 3.52614810087 3.45573684451 0.442390020129 0.439954710409 1.42339835606 0.00362401504748
AMR_VOLUME_STAGE 0.766666666667 167 0 40.526278369772648 -5.6673090563959587e-09
AMR_VOLUME_STAGE 0.766666666667 167 1 40.526278369772648 -5.6673090563959587e-09
Q_CLEANUP 0.766666666667 167 0 -0
AMR_VOLUME_STAGE 0.766666666667 167 2 40.526278369772648 -5.6673090563959587e-09
POSTADAPT_REPROJECT 0.766666666667 167 52 8.62438637649e-09 7.28746925194e-12 5.5983502556e-11 2.75668389921e-06 8.39033074282e-07 0.00352781498988 0.0864682376311
AMR_VOLUME_STAGE 0.766666666667 167 3 40.526278369772648 -5.6673090563959587e-09
Q_MOMENTUM 0.773333333333 168 0.00921649729678 3.48402754892 3.41936992458 0.442540006159 0.440097639306 1.42380978341 0.00357166358812
AMR_VOLUME_STAGE 0.773333333333 168 0 40.526278369771937 -5.6673265892847489e-09
AMR_VOLUME_STAGE 0.773333333333 168 1 40.526278369771937 -5.6673265892847489e-09
Q_CLEANUP 0.773333333333 168 0 -0
AMR_VOLUME_STAGE 0.773333333333 168 2 40.526278369771937 -5.6673265892847489e-09
POSTADAPT_REPROJECT 0.773333333333 168 52 8.6909085822e-09 7.34603352436e-12 5.643907737e-11 5.02591571268e-06 5.30839278392e-07 0.00362171170893 0.0863553524121
AMR_VOLUME_STAGE 0.773333333333 168 3 40.526278369771937 -5.6673265892847489e-09
RUN 0.78 169 40.5262783698 0.421340191211
Q_RUN 0.78 169 40.526278369771937 -5.6673218554e-09 -0 0 1.66533453694e-16 1.18720137887e-17 18
Q_CUTCELL_CFL 0.78 169 0.00925785825231 0.00925785825231 0.0840025740031 0 643
SHORE 0.78 169 45.96875 0.00371357989521 0.522382243173
Q_MOMENTUM 0.78 169 0.00813665965177 3.43301653977 3.38144087881 0.442702429968 0.440241312812 1.46644756451 0.0035116387637
AMR_VOLUME_STAGE 0.78 169 0 40.526278369771227 -5.6673441221735392e-09
AMR_VOLUME_STAGE 0.78 169 1 40.526278369771227 -5.6673441221735392e-09
Q_CLEANUP 0.78 169 0 -0
AMR_VOLUME_STAGE 0.78 169 2 40.526278369771227 -5.6673441221735392e-09
POSTADAPT_REPROJECT 0.78 169 52 8.66447077193e-09 7.36479110365e-12 5.67175993671e-11 1.0371142267e-05 1.57734915884e-06 0.00358581873824 0.086380842868
AMR_VOLUME_STAGE 0.78 169 3 40.526278369771227 -5.6673441221735392e-09
Q_MOMENTUM 0.786666666667 170 0.00760855895572 3.36891649903 3.36525416061 0.442893042979 0.44039796166 1.4531346094 0.00344872742364
AMR_VOLUME_STAGE 0.786666666667 170 0 40.526278369770573 -5.6673602524312263e-09
AMR_VOLUME_STAGE 0.786666666667 170 1 40.526278369770573 -5.6673602524312263e-09
Q_CLEANUP 0.786666666667 170 0 -0
AMR_VOLUME_STAGE 0.786666666667 170 2 40.526278369770573 -5.6673602524312263e-09
POSTADAPT_REPROJECT 0.786666666667 170 52 8.58450196777e-09 7.29492357836e-12 5.61581336989e-11 7.90536412706e-06 6.05544582793e-07 0.00342861355532 0.0784489269658
AMR_VOLUME_STAGE 0.786666666667 170 3 40.526278369770573 -5.6673602524312263e-09
Q_MOMENTUM 0.793333333333 171 0.00796599164736 3.34594738547 3.3678532654 0.443051822818 0.440504451929 1.43939141095 0.00337411841654
AMR_VOLUME_STAGE 0.793333333333 171 0 40.526278369769905 -5.6673767333466884e-09
AMR_VOLUME_STAGE 0.793333333333 171 1 40.526278369769905 -5.6673767333466884e-09
Q_CLEANUP 0.793333333333 171 0 -0
AMR_VOLUME_STAGE 0.793333333333 171 2 40.526278369769905 -5.6673767333466884e-09
POSTADAPT_REPROJECT 0.793333333333 171 52 8.69365452456e-09 7.35695668606e-12 5.65455078594e-11 4.05506047803e-06 8.96021686823e-07 0.00354886398485 0.083640003327
AMR_VOLUME_STAGE 0.793333333333 171 3 40.526278369769905 -5.6673767333466884e-09
RUN 0.8 172 40.5262783698 0.421875941171
Q_RUN 0.8 172 40.526278369769905 -5.66737199947e-09 -0 0 1.66533453694e-16 7.28448334639e-18 12
Q_CUTCELL_CFL 0.8 172 0.00965916555818 0.00965916555818 0.0879037367001 0 644
SHORE 0.8 172 45.96875 0.00371296101634 0.521538074877
Q_MOMENTUM 0.8 172 0.00763281990901 3.3398503625 3.36179723331 0.443240497576 0.440638020357 1.43185921706 0.00330264944751
AMR_VOLUME_STAGE 0.8 172 0 40.526278369769244 -5.667393038933263e-09
AMR_VOLUME_STAGE 0.8 172 1 40.526278369769244 -5.667393038933263e-09
Q_CLEANUP 0.8 172 0 -0
AMR_VOLUME_STAGE 0.8 172 2 40.526278369769244 -5.667393038933263e-09
POSTADAPT_REPROJECT 0.8 172 52 8.63957327813e-09 7.34476149896e-12 5.65687600929e-11 5.94133969304e-06 6.36458340001e-07 0.00350506415234 0.085516025031
AMR_VOLUME_STAGE 0.8 172 3 40.526278369769244 -5.667393038933263e-09
Q_MOMENTUM 0.806666666667 173 0.00744523010561 3.32092327253 3.35361393055 0.443311079367 0.44077035593 1.42827456822 0.00324456103369
AMR_VOLUME_STAGE 0.806666666667 173 0 40.526278369768512 -5.6674110978087174e-09
AMR_VOLUME_STAGE 0.806666666667 173 1 40.526278369768512 -5.6674110978087174e-09
Q_CLEANUP 0.806666666667 173 0 -0
AMR_VOLUME_STAGE 0.806666666667 173 2 40.526278369768512 -5.6674110978087174e-09
POSTADAPT_REPROJECT 0.806666666667 173 52 8.66607567628e-09 7.37524000201e-12 5.68533466833e-11 5.20088671028e-06 6.1762422276e-07 0.0034737460528 0.0868871218044
AMR_VOLUME_STAGE 0.806666666667 173 3 40.526278369768512 -5.6674110978087174e-09
Q_MOMENTUM 0.813333333333 174 0.00746684128914 3.31028235709 3.337084506 0.443421192772 0.440904993194 1.45458892881 0.00319429497273
AMR_VOLUME_STAGE 0.813333333333 174 0 40.526278369767738 -5.6674302086574983e-09
AMR_VOLUME_STAGE 0.813333333333 174 1 40.526278369767738 -5.6674302086574983e-09
Q_CLEANUP 0.813333333333 174 0 -0
AMR_VOLUME_STAGE 0.813333333333 174 2 40.526278369767738 -5.6674302086574983e-09
POSTADAPT_REPROJECT 0.813333333333 174 52 8.53865147327e-09 7.49739091589e-12 5.75762007515e-11 8.57945495223e-06 7.54143296503e-07 0.00318920825048 0.074910664684
AMR_VOLUME_STAGE 0.813333333333 174 3 40.526278369767738 -5.6674302086574983e-09
RUN 0.82 175 40.5262783698 0.422072544005
Q_RUN 0.82 175 40.526278369767738 -5.66742547478e-09 -0 0 1.66533453694e-16 4.39780167959e-18 10
Q_CUTCELL_CFL 0.82 175 0.0100883437271 0.0100883437271 0.0919892216671 0 644
SHORE 0.82 175 45.96875 0.00371508608474 0.520484592728
Q_MOMENTUM 0.82 175 0.027749335666 3.29962709639 3.32013287216 0.4451343868 0.441033259281 1.47485572093 0.00315238450699
AMR_VOLUME_STAGE 0.82 175 0 40.526278369766871 -5.6674515987818223e-09
AMR_VOLUME_STAGE 0.82 175 1 40.526278369766871 -5.6674515987818223e-09
Q_CLEANUP 0.82 175 0 -0
AMR_VOLUME_STAGE 0.82 175 2 40.526278369766871 -5.6674515987818223e-09
POSTADAPT_REPROJECT 0.82 175 52 8.42705048093e-09 7.36979729484e-12 5.67509945287e-11 2.87704617151e-06 1.37512425084e-06 0.00338106108613 0.0833435224238
AMR_VOLUME_STAGE 0.82 175 3 40.526278369766871 -5.6674515987818223e-09
Q_MOMENTUM 0.83 176 0.0120655977838 3.27385142258 3.26914532078 0.445210371372 0.441260252495 1.45367012724 0.00307055388436
AMR_VOLUME_STAGE 0.83 176 0 40.526278369765741 -5.6674794760749987e-09
AMR_VOLUME_STAGE 0.83 176 1 40.526278369765741 -5.6674794760749987e-09
Q_CLEANUP 0.83 176 0 -0
AMR_VOLUME_STAGE 0.83 176 2 40.526278369765741 -5.6674794760749987e-09
POSTADAPT_REPROJECT 0.83 176 52 8.41699678022e-09 7.32695506126e-12 5.65883954279e-11 5.42458380467e-06 7.99971228277e-07 0.00323185851125 0.0807720369802
AMR_VOLUME_STAGE 0.83 176 3 40.526278369765741 -5.6674794760749987e-09
RUN 0.84 177 40.5262783698 0.42328748501
Q_RUN 0.84 177 40.526278369765741 -5.6674747422e-09 -0 0 1.66533453694e-16 9.76417229947e-18 17
Q_CUTCELL_CFL 0.84 177 0.0104118687132 0.0104118687132 0.0949061270401 0 644
SHORE 0.84 177 45.96875 0.00371221258942 0.519138703753
Q_MOMENTUM 0.84 177 0.0117116674713 3.23539612131 3.20723488535 0.445370343885 0.441415529178 1.43826771584 0.00299135643266
AMR_VOLUME_STAGE 0.84 177 0 40.526278369764682 -5.6675056000792954e-09
AMR_VOLUME_STAGE 0.84 177 1 40.526278369764682 -5.6675056000792954e-09
Q_CLEANUP 0.84 177 0 -0
AMR_VOLUME_STAGE 0.84 177 2 40.526278369764682 -5.6675056000792954e-09
POSTADAPT_REPROJECT 0.84 177 52 9.08711860978e-09 7.61916649476e-12 5.94222015343e-11 4.78637144214e-06 9.95234593888e-07 0.00330076997033 0.0870759905889
AMR_VOLUME_STAGE 0.84 177 3 40.526278369764682 -5.6675056000792954e-09
Q_MOMENTUM 0.85 178 0.0117408675065 3.18001065898 3.13403433096 0.445538837253 0.441596573734 1.47738216407 0.00290412744927
AMR_VOLUME_STAGE 0.85 178 0 40.526278369763602 -5.6675322500702571e-09
AMR_VOLUME_STAGE 0.85 178 1 40.526278369763602 -5.6675322500702571e-09
Q_CLEANUP 0.85 178 0 -0
AMR_VOLUME_STAGE 0.85 178 2 40.526278369763602 -5.6675322500702571e-09
POSTADAPT_REPROJECT 0.85 178 50 9.57659667799e-09 1.96114794115e-11 1.52082981625e-10 3.175568771e-06 1.63277351342e-07 0.00335795853058 0.0869985592261
AMR_VOLUME_STAGE 0.85 178 3 40.526278369763602 -5.6675322500702571e-09
RUN 0.86 179 40.5262783698 0.423062985836
Q_RUN 0.86 179 40.526278369763602 -5.66752751619e-09 -0 0 1.66533453694e-16 7.63007278887e-18 14
Q_CUTCELL_CFL 0.86 179 0.0107866681508 0.0107866681508 0.0980752814471 0 644
SHORE 0.86 179 45.96875 0.00370825853703 0.51824988062
Q_MOMENTUM 0.86 179 0.0266752544187 3.11796480191 3.09665277357 0.446037810551 0.441788632639 1.48679372456 0.00283060838345
AMR_VOLUME_STAGE 0.86 179 0 40.526278369761002 -5.6675964204432281e-09
AMR_VOLUME_STAGE 0.86 179 1 40.526278369761002 -5.6675964204432281e-09
Q_CLEANUP 0.86 179 0 -0
AMR_VOLUME_STAGE 0.86 179 2 40.526278369761002 -5.6675964204432281e-09
POSTADAPT_REPROJECT 0.86 179 50 9.53144922104e-09 1.97038902204e-11 1.53047645737e-10 7.83038506333e-06 9.07503777936e-07 0.00340124805293 0.0876943537751
AMR_VOLUME_STAGE 0.86 179 3 40.526278369761002 -5.6675964204432281e-09
Q_MOMENTUM 0.87 180 0.0163145075748 3.06562286205 3.06747252715 0.445947409901 0.441959543784 1.46849329984 0.00278999651613
AMR_VOLUME_STAGE 0.87 180 0 40.526278369758153 -5.6676667273272767e-09
AMR_VOLUME_STAGE 0.87 180 1 40.526278369758153 -5.6676667273272767e-09
Q_CLEANUP 0.87 180 0 -0
AMR_VOLUME_STAGE 0.87 180 2 40.526278369758153 -5.6676667273272767e-09
POSTADAPT_REPROJECT 0.87 180 50 9.48848051453e-09 1.9710372535e-11 1.53355732627e-10 1.21503039174e-06 4.19771369919e-07 0.00336604164842 0.0884190290171
AMR_VOLUME_STAGE 0.87 180 3 40.526278369758153 -5.6676667273272767e-09
RUN 0.88 181 40.5262783698 0.422774547265
Q_RUN 0.88 181 40.526278369758153 -5.66766199345e-09 -0 0 1.66533453694e-16 1.13299127025e-17 17
Q_CUTCELL_CFL 0.88 181 0.0112008682282 0.0112008682282 0.102024299726 0 644
SHORE 0.88 181 45.96875 0.00371061795073 0.517081525557
Q_MOMENTUM 0.88 181 0.0114009773016 3.0479357294 3.03991145084 0.44615744733 0.442132086099 1.44984530024 0.00273666071241
AMR_VOLUME_STAGE 0.88 181 0 40.526278369755516 -5.6677317743446876e-09
AMR_VOLUME_STAGE 0.88 181 1 40.526278369755516 -5.6677317743446876e-09
Q_CLEANUP 0.88 181 0 -0
AMR_VOLUME_STAGE 0.88 181 2 40.526278369755516 -5.6677317743446876e-09
POSTADAPT_REPROJECT 0.88 181 50 9.59209407259e-09 1.99277226459e-11 1.55124375151e-10 5.23458050236e-06 5.55936854892e-07 0.0034915055353 0.0890865329779
AMR_VOLUME_STAGE 0.88 181 3 40.526278369755516 -5.6677317743446876e-09
Q_MOMENTUM 0.89 182 0.0113855577363 3.02481061133 2.99716370183 0.446472582359 0.442326495942 1.5079250105 0.00267581323527
AMR_VOLUME_STAGE 0.89 182 0 40.526278369752674 -5.6678019058998479e-09
AMR_VOLUME_STAGE 0.89 182 1 40.526278369752674 -5.6678019058998479e-09
Q_CLEANUP 0.89 182 0 -0
AMR_VOLUME_STAGE 0.89 182 2 40.526278369752674 -5.6678019058998479e-09
POSTADAPT_REPROJECT 0.89 182 53 9.45129642073e-09 4.69780965199e-12 3.64053526908e-11 3.19425767367e-06 3.73008113476e-07 0.00332631593778 0.0916308089575
AMR_VOLUME_STAGE 0.89 182 3 40.526278369752674 -5.6678019058998479e-09
RUN 0.9 183 40.5262783698 0.423768224062
Q_RUN 0.9 183 40.526278369752674 -5.66779717202e-09 -0 0 1.66533453694e-16 5.36002449023e-18 11
Q_CUTCELL_CFL 0.9 183 0.0116262722489 0.0116262722489 0.105882617328 0 643
SHORE 0.9 183 45.96875 0.00370992886477 0.515785076243
Q_MOMENTUM 0.9 183 0.0248319963329 2.99227184388 2.95480965517 0.446772476274 0.442506617096 1.49610507731 0.002643438606
AMR_VOLUME_STAGE 0.9 183 0 40.526278369753385 -5.6677843730110585e-09
AMR_VOLUME_STAGE 0.9 183 1 40.526278369753385 -5.6677843730110585e-09
Q_CLEANUP 0.9 183 0 -0
AMR_VOLUME_STAGE 0.9 183 2 40.526278369753385 -5.6677843730110585e-09
POSTADAPT_REPROJECT 0.9 183 53 9.47128418033e-09 4.69672276473e-12 3.64741136599e-11 7.75636555757e-06 1.41943939497e-06 0.00342175775146 0.0914277317897
AMR_VOLUME_STAGE 0.9 183 3 40.526278369753385 -5.6677843730110585e-09
Q_MOMENTUM 0.91 184 0.0164960532954 2.9526697742 2.90017927508 0.446761369221 0.442707765338 1.47771810983 0.0025952249966
AMR_VOLUME_STAGE 0.91 184 0 40.526278369753904 -5.6677715740022409e-09
AMR_VOLUME_STAGE 0.91 184 1 40.526278369753904 -5.6677715740022409e-09
Q_CLEANUP 0.91 184 0 -0
AMR_VOLUME_STAGE 0.91 184 2 40.526278369753904 -5.6677715740022409e-09
POSTADAPT_REPROJECT 0.91 184 53 9.60006620531e-09 4.79210457121e-12 3.70387921722e-11 4.58595725927e-06 2.1741359415e-07 0.00327169132713 0.076102705025
AMR_VOLUME_STAGE 0.91 184 3 40.526278369753904 -5.6677715740022409e-09
RUN 0.92 185 40.5262783698 0.423237149766
Q_RUN 0.92 185 40.526278369753904 -5.66776684012e-09 -0 0 1.66533453694e-16 6.15962359243e-18 11
Q_CUTCELL_CFL 0.92 185 0.0120667058593 0.0120667058593 0.10990435916 0 643
SHORE 0.92 185 45.96875 0.00370802565087 0.514522502642
Q_MOMENTUM 0.92 185 0.0114017702838 2.90636188041 2.84356267546 0.446995435906 0.442864600018 1.46997971307 0.00252893527527
AMR_VOLUME_STAGE 0.92 185 0 40.526278369754692 -5.6677521124956842e-09
AMR_VOLUME_STAGE 0.92 185 1 40.526278369754692 -5.6677521124956842e-09
Q_CLEANUP 0.92 185 0 -0
AMR_VOLUME_STAGE 0.92 185 2 40.526278369754692 -5.6677521124956842e-09
POSTADAPT_REPROJECT 0.92 185 53 9.63404579702e-09 4.81249819869e-12 3.7217583182e-11 4.79212436894e-06 8.55123220026e-07 0.00341805411813 0.0872677557889
AMR_VOLUME_STAGE 0.92 185 3 40.526278369754692 -5.6677521124956842e-09
Q_MOMENTUM 0.93 186 0.011717581458 2.8515277972 2.81081766552 0.447184229039 0.443044627453 1.54022177753 0.00245807168055
AMR_VOLUME_STAGE 0.93 186 0 40.526278369755289 -5.6677373848691011e-09
AMR_VOLUME_STAGE 0.93 186 1 40.526278369755289 -5.6677373848691011e-09
Q_CLEANUP 0.93 186 0 -0
AMR_VOLUME_STAGE 0.93 186 2 40.526278369755289 -5.6677373848691011e-09
POSTADAPT_REPROJECT 0.93 186 53 9.91573531075e-09 4.9267762546e-12 3.82654637143e-11 4.41188332774e-06 3.08048618511e-07 0.00345092105029 0.0881807533459
AMR_VOLUME_STAGE 0.93 186 3 40.526278369755289 -5.6677373848691011e-09
RUN 0.94 187 40.5262783698 0.424689124904
Q_RUN 0.94 187 40.526278369755289 -5.66773265099e-09 -0 0 1.66533453694e-16 9.79508817487e-18 15
Q_CUTCELL_CFL 0.94 187 0.0125504837712 0.0125504837712 0.114554016601 0 643
SHORE 0.94 187 45.96875 0.00370699691754 0.513376596106
Q_MOMENTUM 0.94 187 0.0232443464427 2.79331675113 2.78310235546 0.44754875567 0.443195511696 1.51585801789 0.00243788047227
AMR_VOLUME_STAGE 0.94 187 0 40.526278369755929 -5.6677216052691898e-09
AMR_VOLUME_STAGE 0.94 187 1 40.526278369755929 -5.6677216052691898e-09
Q_CLEANUP 0.94 187 0 -0
AMR_VOLUME_STAGE 0.94 187 2 40.526278369755929 -5.6677216052691898e-09
POSTADAPT_REPROJECT 0.94 187 54 6.29019519111e-09 3.1248400217e-12 2.4275449706e-11 3.43576691987e-06 5.56141712093e-07 0.0034143388679 0.0889121391618
AMR_VOLUME_STAGE 0.94 187 3 40.526278369755929 -5.6677216052691898e-09
Q_MOMENTUM 0.95 188 0.015614353158 2.7257133393 2.74765520077 0.447574205679 0.44336489316 1.48469487333 0.00245159060575
AMR_VOLUME_STAGE 0.95 188 0 40.526278369755595 -5.6677298457269212e-09
AMR_VOLUME_STAGE 0.95 188 1 40.526278369755595 -5.6677298457269212e-09
Q_CLEANUP 0.95 188 0 -0
AMR_VOLUME_STAGE 0.95 188 2 40.526278369755595 -5.6677298457269212e-09
POSTADAPT_REPROJECT 0.95 188 54 6.3848008755e-09 3.22053272968e-12 2.47081070881e-11 3.34974447997e-06 5.67714483461e-07 0.0034608522072 0.0886129092379
AMR_VOLUME_STAGE 0.95 188 3 40.526278369755595 -5.6677298457269212e-09
RUN 0.96 189 40.5262783698 0.423519263783
Q_RUN 0.96 189 40.526278369755595 -5.66772511185e-09 -0 0 1.66533453694e-16 7.53435806583e-18 12
Q_CUTCELL_CFL 0.96 189 0.0130123661745 0.0130123661745 0.118860854924 0 642
SHORE 0.96 189 45.96875 0.00371016861631 0.511968410024
Q_MOMENTUM 0.96 189 0.0112121258204 2.67821067996 2.71117007768 0.447683379043 0.443494174585 1.53426520597 0.00245342712047
AMR_VOLUME_STAGE 0.96 189 0 40.526278369755119 -5.6677415927624106e-09
AMR_VOLUME_STAGE 0.96 189 1 40.526278369755119 -5.6677415927624106e-09
Q_CLEANUP 0.96 189 0 -0
AMR_VOLUME_STAGE 0.96 189 2 40.526278369755119 -5.6677415927624106e-09
POSTADAPT_REPROJECT 0.96 189 53 9.42639951903e-09 5.01977997786e-12 4.40411925678e-11 1.38435922904e-05 1.55777107318e-06 0.00351048476485 0.0903637621512
AMR_VOLUME_STAGE 0.96 189 3 40.526278369755119 -5.6677415927624106e-09
Q_MOMENTUM 0.97 190 0.011411240097 2.64681931775 2.6681818286 0.447880183287 0.443649478477 1.5637054861 0.00244837456963
AMR_VOLUME_STAGE 0.97 190 0 40.526278369755907 -5.667722131255853e-09
AMR_VOLUME_STAGE 0.97 190 1 40.526278369755907 -5.667722131255853e-09
Q_CLEANUP 0.97 190 0 -0
AMR_VOLUME_STAGE 0.97 190 2 40.526278369755907 -5.667722131255853e-09
POSTADAPT_REPROJECT 0.97 190 53 9.4249992047e-09 5.02373849288e-12 4.41115772382e-11 8.58339232358e-06 5.31489678679e-07 0.00347002442832 0.0908595119354
AMR_VOLUME_STAGE 0.97 190 3 40.526278369755907 -5.667722131255853e-09
RUN 0.98 191 40.5262783698 0.424832026432
Q_RUN 0.98 191 40.526278369755907 -5.66771739738e-09 -0 0 1.66533453694e-16 6.71527720583e-18 12
Q_CUTCELL_CFL 0.98 191 0.0133778777359 0.0133778777359 0.122401548856 0 644
SHORE 0.98 191 45.96875 0.00371472047486 0.510526970937
Q_MOMENTUM 0.98 191 0.0218428347099 2.61337329629 2.6245664915 0.448017451122 0.443749204287 1.53311865359 0.00243496246956
AMR_VOLUME_STAGE 0.98 191 0 40.526278369756525 -5.6677068776426058e-09
AMR_VOLUME_STAGE 0.98 191 1 40.526278369756525 -5.6677068776426058e-09
Q_CLEANUP 0.98 191 0 -0
AMR_VOLUME_STAGE 0.98 191 2 40.526278369756525 -5.6677068776426058e-09
POSTADAPT_REPROJECT 0.98 191 53 9.33368182222e-09 5.03094785103e-12 4.39249366047e-11 1.06558989677e-05 6.94116299318e-07 0.0035058948856 0.0913707626932
AMR_VOLUME_STAGE 0.98 191 3 40.526278369756525 -5.6677068776426058e-09
Q_MOMENTUM 0.99 192 0.01273041976 2.57363038184 2.57518838468 0.448141445053 0.443876307567 1.49949146655 0.00245580149672
AMR_VOLUME_STAGE 0.99 192 0 40.526278369757172 -5.667690922713807e-09
AMR_VOLUME_STAGE 0.99 192 1 40.526278369757172 -5.667690922713807e-09
Q_CLEANUP 0.99 192 0 -0
AMR_VOLUME_STAGE 0.99 192 2 40.526278369757172 -5.667690922713807e-09
POSTADAPT_REPROJECT 0.99 192 53 8.57865409265e-09 4.81794094583e-12 4.13090239099e-11 1.18315500726e-05 5.63909043474e-07 0.00339165493941 0.0943308648424
AMR_VOLUME_STAGE 0.99 192 3 40.526278369757172 -5.667690922713807e-09
RUN 1 193 40.5262783698 0.425112757007
Q_RUN 1 193 40.526278369757172 -5.66768618883e-09 -0 0 1.66533453694e-16 1.18211918119e-17 17
Q_CUTCELL_CFL 1 193 0.0136563025585 0.0136563025585 0.125233238919 0 645
SHORE 1 193 45.96875 0.00371751726621 0.509275135931
Q_MOMENTUM 1 193 0.0116055252768 2.53287106615 2.52573544197 0.448203670119 0.443990621893 1.58665104276 0.0024593580266
AMR_VOLUME_STAGE 1 193 0 40.526278369757904 -5.6676728638383534e-09
AMR_VOLUME_STAGE 1 193 1 40.526278369757904 -5.6676728638383534e-09
Q_CLEANUP 1 193 0 -0
AMR_VOLUME_STAGE 1 193 2 40.526278369757904 -5.6676728638383534e-09
POSTADAPT_REPROJECT 1 193 53 8.74801852312e-09 4.90029319983e-12 4.21373075321e-11 1.51813007158e-06 1.68972215705e-06 0.00350557370794 0.094055494812
AMR_VOLUME_STAGE 1 193 3 40.526278369757904 -5.6676728638383534e-09
Q_MOMENTUM 1.01 194 0.0112381967744 2.49459416258 2.47114765325 0.448433352611 0.444144311525 1.57071110315 0.00245507673024
AMR_VOLUME_STAGE 1.01 194 0 40.526278369758572 -5.6676563829228905e-09
AMR_VOLUME_STAGE 1.01 194 1 40.526278369758572 -5.6676563829228905e-09
Q_CLEANUP 1.01 194 0 -0
AMR_VOLUME_STAGE 1.01 194 2 40.526278369758572 -5.6676563829228905e-09
POSTADAPT_REPROJECT 1.01 194 53 7.38321988877e-09 4.97216499014e-12 4.32061834227e-11 8.12787023677e-06 5.90703377903e-07 0.00337719243864 0.0915625800093
AMR_VOLUME_STAGE 1.01 194 3 40.526278369758572 -5.6676563829228905e-09
RUN 1.02 195 40.5262783698 0.424771202716
Q_RUN 1.02 195 40.526278369758572 -5.66765164904e-09 -0 0 1.66533453694e-16 1.03168612976e-17 16
Q_CUTCELL_CFL 1.02 195 0.0138606248886 0.0138606248886 0.127485216685 0 645
SHORE 1.02 195 45.96875 0.0037208824012 0.507844987145
Q_MOMENTUM 1.02 195 0.0208958947927 2.45691983894 2.45099491066 0.448518702435 0.444243156288 1.54606107926 0.00244002393653
AMR_VOLUME_STAGE 1.02 195 0 40.526278369759346 -5.6676372720741096e-09
AMR_VOLUME_STAGE 1.02 195 1 40.526278369759346 -5.6676372720741096e-09
Q_CLEANUP 1.02 195 0 -0
AMR_VOLUME_STAGE 1.02 195 2 40.526278369759346 -5.6676372720741096e-09
POSTADAPT_REPROJECT 1.02 195 53 7.4188333879e-09 4.98023642208e-12 4.33872712063e-11 6.76667216831e-06 1.07610804891e-06 0.00349970501641 0.0951893489175
AMR_VOLUME_STAGE 1.02 195 3 40.526278369759346 -5.6676372720741096e-09
Q_MOMENTUM 1.03 196 0.0124085338063 2.41480721572 2.42726653472 0.448743313363 0.444389943804 1.5556745002 0.00249183619606
AMR_VOLUME_STAGE 1.03 196 0 40.52627836975995 -5.6676223691186373e-09
AMR_VOLUME_STAGE 1.03 196 1 40.52627836975995 -5.6676223691186373e-09
Q_CLEANUP 1.03 196 0 -0
AMR_VOLUME_STAGE 1.03 196 2 40.52627836975995 -5.6676223691186373e-09
POSTADAPT_REPROJECT 1.03 196 53 7.44851561376e-09 4.99423792352e-12 4.34344556849e-11 4.06896649678e-06 3.12525251446e-07 0.00351962926528 0.0952993828273
AMR_VOLUME_STAGE 1.03 196 3 40.52627836975995 -5.6676223691186373e-09
RUN 1.04 197 40.5262783698 0.426997416825
Q_RUN 1.04 197 40.52627836975995 -5.66761763524e-09 -0 0 1.66533453694e-16 8.56519716264e-18 14
Q_CUTCELL_CFL 1.04 197 0.0139962856975 0.0139962856975 0.129130755781 0 645
SHORE 1.04 197 45.96875 0.00372325301241 0.506373740701
Q_MOMENTUM 1.04 197 0.0118273798937 2.3890310123 2.40610004533 0.448813635314 0.444519845477 1.59824763069 0.00252347779813
AMR_VOLUME_STAGE 1.04 197 0 40.526278369760753 -5.6676025569543048e-09
AMR_VOLUME_STAGE 1.04 197 1 40.526278369760753 -5.6676025569543048e-09
Q_CLEANUP 1.04 197 0 -0
AMR_VOLUME_STAGE 1.04 197 2 40.526278369760753 -5.6676025569543048e-09
POSTADAPT_REPROJECT 1.04 197 53 7.12757427122e-09 4.85562012842e-12 4.20146105407e-11 7.39148406503e-06 3.35424677058e-07 0.00353760937986 0.0945733865607
AMR_VOLUME_STAGE 1.04 197 3 40.526278369760753 -5.6676025569543048e-09
Q_MOMENTUM 1.05 198 0.0115152110384 2.36995415668 2.379880021 0.449010091162 0.444671607733 1.57453793218 0.00252969969571
AMR_VOLUME_STAGE 1.05 198 0 40.526278369761371 -5.6675873033410576e-09
AMR_VOLUME_STAGE 1.05 198 1 40.526278369761371 -5.6675873033410576e-09
Q_CLEANUP 1.05 198 0 -0
AMR_VOLUME_STAGE 1.05 198 2 40.526278369761371 -5.6675873033410576e-09
POSTADAPT_REPROJECT 1.05 198 53 7.05644775961e-09 4.78535801583e-12 4.15613394394e-11 5.93799644649e-06 5.06753104771e-07 0.00338218859498 0.0815331010489
AMR_VOLUME_STAGE 1.05 198 3 40.526278369761371 -5.6675873033410576e-09
RUN 1.06 199 40.5262783698 0.425571631377
Q_RUN 1.06 199 40.526278369761371 -5.66758256946e-09 -0 0 1.66533453694e-16 7.04730750371e-18 16
Q_CUTCELL_CFL 1.06 199 0.0140737938889 0.0140737938889 0.130364075712 0 645
SHORE 1.06 199 45.96875 0.00372792706705 0.50511586504
Q_MOMENTUM 1.06 199 0.0178068540759 2.35025078375 2.35569228215 0.449202655067 0.444820796285 1.5588203629 0.00246761074544
AMR_VOLUME_STAGE 1.06 199 0 40.526278369762025 -5.6675711730833705e-09
AMR_VOLUME_STAGE 1.06 199 1 40.526278369762025 -5.6675711730833705e-09
Q_CLEANUP 1.06 199 0 -0
AMR_VOLUME_STAGE 1.06 199 2 40.526278369762025 -5.6675711730833705e-09
POSTADAPT_REPROJECT 1.06 199 53 6.92298368171e-09 4.77700477135e-12 4.12221819179e-11 8.08949925462e-06 7.14197634157e-07 0.00346822197647 0.0890928666596
AMR_VOLUME_STAGE 1.06 199 3 40.526278369762025 -5.6675711730833705e-09
Q_MOMENTUM 1.07 200 0.0143137863033 2.32743333864 2.32694611637 0.449300266068 0.44501445723 1.60678715749 0.00249329817121
AMR_VOLUME_STAGE 1.07 200 0 40.526278369762721 -5.6675539908523568e-09
AMR_VOLUME_STAGE 1.07 200 1 40.526278369762721 -5.6675539908523568e-09
Q_CLEANUP 1.07 200 0 -0
AMR_VOLUME_STAGE 1.07 200 2 40.526278369762721 -5.6675539908523568e-09
POSTADAPT_REPROJECT 1.07 200 53 6.96194748389e-09 4.79176875217e-12 4.09973131832e-11 4.54903612476e-06 5.35821509643e-07 0.00350102996095 0.0901158148459
AMR_VOLUME_STAGE 1.07 200 3 40.526278369762721 -5.6675539908523568e-09
RUN 1.08 201 40.5262783698 0.427478122899
Q_RUN 1.08 201 40.526278369762721 -5.66754925697e-09 -0 0 1.66533453694e-16 1.00898564677e-17 17
Q_CUTCELL_CFL 1.08 201 0.014049679588 0.014049679588 0.13055688404 0 645
SHORE 1.08 201 45.96875 0.00372817547045 0.503574371309
Q_MOMENTUM 1.08 201 0.0117318459312 2.34672553131 2.29975170095 0.449576156914 0.445188689158 1.59112810018 0.00257353124045
AMR_VOLUME_STAGE 1.08 201 0 40.526278369763467 -5.6675355813191266e-09
AMR_VOLUME_STAGE 1.08 201 1 40.526278369763467 -5.6675355813191266e-09
Q_CLEANUP 1.08 201 0 -0
AMR_VOLUME_STAGE 1.08 201 2 40.526278369763467 -5.6675355813191266e-09
POSTADAPT_REPROJECT 1.08 201 53 7.08742209008e-09 4.84182791349e-12 4.15136206661e-11 4.79162573e-06 8.99646942056e-07 0.00344731993191 0.0910158755875
AMR_VOLUME_STAGE 1.08 201 3 40.526278369763467 -5.6675355813191266e-09
Q_MOMENTUM 1.09 202 0.0121054123795 2.34461073307 2.27010342773 0.449834709512 0.445339517784 1.57244095926 0.00257991650112
AMR_VOLUME_STAGE 1.09 202 0 40.526278369763993 -5.6675226069814225e-09
AMR_VOLUME_STAGE 1.09 202 1 40.526278369763993 -5.6675226069814225e-09
Q_CLEANUP 1.09 202 0 -0
AMR_VOLUME_STAGE 1.09 202 2 40.526278369763993 -5.6675226069814225e-09
POSTADAPT_REPROJECT 1.09 202 53 8.13914228029e-09 4.72966200155e-12 4.01808013945e-11 4.76354326592e-06 5.02752138143e-07 0.00350812103289 0.0908393730604
AMR_VOLUME_STAGE 1.09 202 3 40.526278369763993 -5.6675226069814225e-09
RUN 1.1 203 40.5262783698 0.425554245884
Q_RUN 1.1 203 40.526278369763993 -5.6675178731e-09 -0 0 1.66533453694e-16 8.33459244275e-18 19
Q_CUTCELL_CFL 1.1 203 0.0140742553099 0.0140742553099 0.131192383146 0 646
SHORE 1.1 203 45.96875 0.00372812894369 0.501933583792
Q_MOMENTUM 1.1 203 0.0181163203187 2.30490991488 2.23842536554 0.449995896274 0.445488537571 1.56265998168 0.00243700575044
AMR_VOLUME_STAGE 1.1 203 0 40.526278369764682 -5.6675056000792954e-09
AMR_VOLUME_STAGE 1.1 203 1 40.526278369764682 -5.6675056000792954e-09
Q_CLEANUP 1.1 203 0 -0
AMR_VOLUME_STAGE 1.1 203 2 40.526278369764682 -5.6675056000792954e-09
POSTADAPT_REPROJECT 1.1 203 53 8.02328163976e-09 4.70048123011e-12 3.96669537495e-11 5.25645913115e-06 7.20483804167e-07 0.00345118984782 0.0921031583958
AMR_VOLUME_STAGE 1.1 203 3 40.526278369764682 -5.6675056000792954e-09
Q_MOMENTUM 1.11 204 0.0160592209553 2.282417774 2.27888799751 0.450080214703 0.445691247524 1.59695752849 0.00249462411384
AMR_VOLUME_STAGE 1.11 204 0 40.526278369765222 -5.6674922750838155e-09
AMR_VOLUME_STAGE 1.11 204 1 40.526278369765222 -5.6674922750838155e-09
Q_CLEANUP 1.11 204 0 -0
AMR_VOLUME_STAGE 1.11 204 2 40.526278369765222 -5.6674922750838155e-09
POSTADAPT_REPROJECT 1.11 204 53 8.1434351016e-09 4.81095745324e-12 4.03192323278e-11 3.88182864684e-06 5.41381501738e-07 0.00347949934321 0.0960713749882
AMR_VOLUME_STAGE 1.11 204 3 40.526278369765222 -5.6674922750838155e-09
RUN 1.12 205 40.5262783698 0.425665462925
Q_RUN 1.12 205 40.526278369765222 -5.6674875412e-09 -0 0 1.66533453694e-16 8.80914265144e-18 14
Q_CUTCELL_CFL 1.12 205 0.014195993439 0.014195993439 0.132840118737 0 646
SHORE 1.12 205 45.96875 0.00372654025512 0.500555173954
Q_MOMENTUM 1.12 205 0.0128052367117 2.38330753481 2.31029536546 0.450256712686 0.445832161126 1.57611574092 0.00257611838371
AMR_VOLUME_STAGE 1.12 205 0 40.526278369766089 -5.6674708849594915e-09
AMR_VOLUME_STAGE 1.12 205 1 40.526278369766089 -5.6674708849594915e-09
Q_CLEANUP 1.12 205 0 -0
AMR_VOLUME_STAGE 1.12 205 2 40.526278369766089 -5.6674708849594915e-09
POSTADAPT_REPROJECT 1.12 205 53 7.0643798863e-09 4.9172188887e-12 4.1653522645e-11 4.90273893139e-06 1.05016042701e-06 0.00348285141343 0.0962984782718
AMR_VOLUME_STAGE 1.12 205 3 40.526278369766089 -5.6674708849594915e-09
Q_MOMENTUM 1.13 206 0.0124697550101 2.37444827997 2.21909587709 0.450641885051 0.446002882865 1.56624129005 0.00254363311981
AMR_VOLUME_STAGE 1.13 206 0 40.526278369766629 -5.6674575599640107e-09
AMR_VOLUME_STAGE 1.13 206 1 40.526278369766629 -5.6674575599640107e-09
Q_CLEANUP 1.13 206 0 -0
AMR_VOLUME_STAGE 1.13 206 2 40.526278369766629 -5.6674575599640107e-09
POSTADAPT_REPROJECT 1.13 206 53 7.1790007965e-09 4.96817979687e-12 4.21331650124e-11 4.2701083923e-06 1.33563728025e-07 0.00349806673447 0.0954315954426
AMR_VOLUME_STAGE 1.13 206 3 40.526278369766629 -5.6674575599640107e-09
RUN 1.14 207 40.5262783698 0.425512362397
Q_RUN 1.14 207 40.526278369766629 -5.66745282608e-09 -0 0 1.66533453694e-16 9.58163669934e-18 15
Q_CUTCELL_CFL 1.14 207 0.0141600792267 0.0141600792267 0.133105389425 0 646
SHORE 1.14 207 45.96875 0.00372925486893 0.498991670061
Q_MOMENTUM 1.14 207 0.0180845018242 2.24546909695 2.16052119707 0.450786656752 0.446154815218 1.59299149256 0.00254176490954
AMR_VOLUME_STAGE 1.14 207 0 40.526278369767489 -5.667436345168575e-09
AMR_VOLUME_STAGE 1.14 207 1 40.526278369767489 -5.667436345168575e-09
Q_CLEANUP 1.14 207 0 -0
AMR_VOLUME_STAGE 1.14 207 2 40.526278369767489 -5.667436345168575e-09
POSTADAPT_REPROJECT 1.14 207 53 7.05855688298e-09 4.93288869765e-12 4.17082028636e-11 5.49359075866e-06 3.43707981954e-07 0.00351347043329 0.095513728671
AMR_VOLUME_STAGE 1.14 207 3 40.526278369767489 -5.667436345168575e-09
Q_MOMENTUM 1.15 208 0.0147057167149 2.31816977523 2.30820047694 0.450875465181 0.44630179975 1.5764762125 0.00259962100821
AMR_VOLUME_STAGE 1.15 208 0 40.5262783697681 -5.6674212668842153e-09
AMR_VOLUME_STAGE 1.15 208 1 40.5262783697681 -5.6674212668842153e-09
Q_CLEANUP 1.15 208 0 -0
AMR_VOLUME_STAGE 1.15 208 2 40.5262783697681 -5.6674212668842153e-09
POSTADAPT_REPROJECT 1.15 208 53 7.02979492141e-09 4.91464813054e-12 4.15295350192e-11 3.95495081465e-06 8.16318871378e-08 0.00346719312751 0.0956820342189
AMR_VOLUME_STAGE 1.15 208 3 40.5262783697681 -5.6674212668842153e-09
RUN 1.16 209 40.5262783698 0.424676543792
Q_RUN 1.16 209 40.5262783697681 -5.667416533e-09 -0 0 1.66533453694e-16 1.16267977505e-17 18
Q_CUTCELL_CFL 1.16 209 0.0142064905889 0.0142064905889 0.134173788188 0 646
SHORE 1.16 209 45.96875 0.00372997647215 0.497367453553
Q_MOMENTUM 1.16 209 0.0148584277551 2.40283187002 2.32188408682 0.451133818895 0.446444392217 1.60231484578 0.00263504559489
AMR_VOLUME_STAGE 1.16 209 0 40.52627836976891 -5.6674012793909945e-09
AMR_VOLUME_STAGE 1.16 209 1 40.52627836976891 -5.6674012793909945e-09
Q_CLEANUP 1.16 209 0 -0
AMR_VOLUME_STAGE 1.16 209 2 40.52627836976891 -5.6674012793909945e-09
POSTADAPT_REPROJECT 1.16 209 53 7.12725025168e-09 4.94622035656e-12 4.18569831573e-11 3.1315332471e-06 6.19178138625e-07 0.00347411641407 0.0958480040422
AMR_VOLUME_STAGE 1.16 209 3 40.52627836976891 -5.6674012793909945e-09
Q_MOMENTUM 1.17 210 0.0131929011807 2.36092505485 2.25500860123 0.451263861602 0.446601006931 1.58039264156 0.00265291049565
AMR_VOLUME_STAGE 1.17 210 0 40.526278369769578 -5.6673847984755324e-09
AMR_VOLUME_STAGE 1.17 210 1 40.526278369769578 -5.6673847984755324e-09
Q_CLEANUP 1.17 210 0 -0
AMR_VOLUME_STAGE 1.17 210 2 40.526278369769578 -5.6673847984755324e-09
POSTADAPT_REPROJECT 1.17 210 53 7.42260061737e-09 5.21527504671e-12 4.41125122541e-11 9.1699390163e-06 2.1554277764e-07 0.00345638293638 0.096052476573
AMR_VOLUME_STAGE 1.17 210 3 40.526278369769578 -5.6673847984755324e-09
RUN 1.18 211 40.5262783698 0.425717643326
Q_RUN 1.18 211 40.526278369769578 -5.6673800646e-09 -0 0 1.66533453694e-16 1.23937331447e-17 19
Q_CUTCELL_CFL 1.18 211 0.0139595159866 0.0139595159866 0.132464543339 0 646
SHORE 1.18 211 45.96875 0.00373114620971 0.495972640397
Q_MOMENTUM 1.18 211 0.018916376714 2.28598548893 2.24817178772 0.451378623484 0.44671622325 1.57681019429 0.00264458378618
AMR_VOLUME_STAGE 1.18 211 0 40.526278369770168 -5.6673702461778359e-09
AMR_VOLUME_STAGE 1.18 211 1 40.526278369770168 -5.6673702461778359e-09
Q_CLEANUP 1.18 211 0 -0
AMR_VOLUME_STAGE 1.18 211 2 40.526278369770168 -5.6673702461778359e-09
POSTADAPT_REPROJECT 1.18 211 53 7.53179250543e-09 5.1543587493e-12 4.34743525901e-11 5.68419106732e-06 6.40754763475e-07 0.0034913737737 0.0962775974721
AMR_VOLUME_STAGE 1.18 211 3 40.526278369770168 -5.6673702461778359e-09
Q_MOMENTUM 1.19 212 0.0149893454724 2.34214222745 2.327752241 0.45146699704 0.446844195792 1.64872225962 0.00268039965006
AMR_VOLUME_STAGE 1.19 212 0 40.526278369770999 -5.6673497326979518e-09
AMR_VOLUME_STAGE 1.19 212 1 40.526278369770999 -5.6673497326979518e-09
Q_CLEANUP 1.19 212 0 -0
AMR_VOLUME_STAGE 1.19 212 2 40.526278369770999 -5.6673497326979518e-09
POSTADAPT_REPROJECT 1.19 212 53 7.51451277939e-09 5.17941443398e-12 4.35893942469e-11 7.99987061717e-06 1.73388226328e-07 0.00349757757448 0.0966248346879
AMR_VOLUME_STAGE 1.19 212 3 40.526278369770999 -5.6673497326979518e-09
RUN 1.2 213 40.5262783698 0.425135303412
Q_RUN 1.2 213 40.526278369770999 -5.66734499882e-09 -0 0 1.66533453694e-16 8.68716990704e-18 18
Q_CUTCELL_CFL 1.2 213 0.0138784832146 0.0138784832146 0.132341150554 0 646
SHORE 1.2 213 45.96875 0.00372930191032 0.494357944089
Q_MOMENTUM 1.2 213 0.0123534697515 2.42256788763 2.31175878413 0.451597317296 0.446974601279 1.63252690822 0.00271947359932
AMR_VOLUME_STAGE 1.2 213 0 40.526278369771546 -5.6673362323735836e-09
AMR_VOLUME_STAGE 1.2 213 1 40.526278369771546 -5.6673362323735836e-09
Q_CLEANUP 1.2 213 0 -0
AMR_VOLUME_STAGE 1.2 213 2 40.526278369771546 -5.6673362323735836e-09
POSTADAPT_REPROJECT 1.2 213 53 8.39833604049e-09 5.51078141475e-12 3.4666117199e-11 7.68459318315e-06 5.34189404138e-07 0.00347791941482 0.09734883195
AMR_VOLUME_STAGE 1.2 213 3 40.526278369771546 -5.6673362323735836e-09
Q_MOMENTUM 1.21 214 0.012289880616 2.34738456619 2.33723045635 0.451814728279 0.447111431073 1.63575090566 0.00273963055417
AMR_VOLUME_STAGE 1.21 214 0 40.526278369772392 -5.6673153682359237e-09
AMR_VOLUME_STAGE 1.21 214 1 40.526278369772392 -5.6673153682359237e-09
Q_CLEANUP 1.21 214 0 -0
AMR_VOLUME_STAGE 1.21 214 2 40.526278369772392 -5.6673153682359237e-09
POSTADAPT_REPROJECT 1.21 214 53 8.91534522607e-09 5.51040455743e-12 3.46127987383e-11 9.5195182727e-06 4.60657331249e-07 0.00348310401881 0.0960712523524
AMR_VOLUME_STAGE 1.21 214 3 40.526278369772392 -5.6673153682359237e-09
RUN 1.22 215 40.5262783698 0.42606074231
Q_RUN 1.22 215 40.526278369772392 -5.66731063436e-09 -0 0 1.66533453694e-16 1.03109320669e-17 17
Q_CUTCELL_CFL 1.22 215 0.0134666066383 0.0134666066383 0.129141721495 0 646
SHORE 1.22 215 45.96875 0.0037279666841 0.492690463826
Q_MOMENTUM 1.22 215 0.0186288336144 2.37498664144 2.32401240526 0.451923428897 0.447231191634 1.68170090658 0.0027329102055
AMR_VOLUME_STAGE 1.22 215 0 40.526278369773145 -5.667296783373806e-09
AMR_VOLUME_STAGE 1.22 215 1 40.526278369773145 -5.667296783373806e-09
Q_CLEANUP 1.22 215 0 -0
AMR_VOLUME_STAGE 1.22 215 2 40.526278369773145 -5.667296783373806e-09
POSTADAPT_REPROJECT 1.22 215 53 8.43420706171e-09 5.51304265241e-12 3.4623966888e-11 1.01679845086e-05 5.60777564521e-07 0.0033341976688 0.0798046992425
AMR_VOLUME_STAGE 1.22 215 3 40.526278369773145 -5.667296783373806e-09
Q_MOMENTUM 1.23 216 0.0147312949252 2.42159673681 2.3222371077 0.452172072348 0.447350400796 1.65582602996 0.00273018009198
AMR_VOLUME_STAGE 1.23 216 0 40.52627836977392 -5.6672776725250243e-09
AMR_VOLUME_STAGE 1.23 216 1 40.52627836977392 -5.6672776725250243e-09
Q_CLEANUP 1.23 216 0 -0
AMR_VOLUME_STAGE 1.23 216 2 40.52627836977392 -5.6672776725250243e-09
POSTADAPT_REPROJECT 1.23 216 53 9.74200053613e-09 5.51457204251e-12 3.45790028555e-11 1.36388117455e-05 1.14536280924e-07 0.00344963343639 0.0919500569854
AMR_VOLUME_STAGE 1.23 216 3 40.52627836977392 -5.6672776725250243e-09
RUN 1.24 217 40.5262783698 0.426827349542
Q_RUN 1.24 217 40.52627836977392 -5.66727293865e-09 -0 0 1.66533453694e-16 9.06664066741e-18 14
Q_CUTCELL_CFL 1.24 217 0.0134914692845 0.0134914692845 0.130095890615 0 645
SHORE 1.24 217 45.96875 0.003733162239 0.491233451933
Q_MOMENTUM 1.24 217 0.0130009924728 2.39195703663 2.38806826971 0.45209378627 0.447455552678 1.65521441003 0.00276960489693
AMR_VOLUME_STAGE 1.24 217 0 40.526278369774715 -5.6672580356895801e-09
AMR_VOLUME_STAGE 1.24 217 1 40.526278369774715 -5.6672580356895801e-09
Q_CLEANUP 1.24 217 0 -0
AMR_VOLUME_STAGE 1.24 217 2 40.526278369774715 -5.6672580356895801e-09
POSTADAPT_REPROJECT 1.24 217 53 9.75287269868e-09 5.51538192104e-12 3.46036064386e-11 1.17068411711e-05 7.49212786325e-07 0.00328052546278 0.0947296110302
AMR_VOLUME_STAGE 1.24 217 3 40.526278369774715 -5.6672580356895801e-09
Q_MOMENTUM 1.25 218 0.0126820303857 2.43926712814 2.38632497516 0.452352950843 0.447607492181 1.67499276005 0.00279578314384
AMR_VOLUME_STAGE 1.25 218 0 40.526278369775511 -5.6672383988541351e-09
AMR_VOLUME_STAGE 1.25 218 1 40.526278369775511 -5.6672383988541351e-09
Q_CLEANUP 1.25 218 0 -0
AMR_VOLUME_STAGE 1.25 218 2 40.526278369775511 -5.6672383988541351e-09
POSTADAPT_REPROJECT 1.25 218 53 9.70534296332e-09 5.529150287e-12 3.45840994731e-11 1.17842816493e-05 8.27862371513e-08 0.00333572284235 0.0953907255426
AMR_VOLUME_STAGE 1.25 218 3 40.526278369775511 -5.6672383988541351e-09
RUN 1.26 219 40.5262783698 0.426425311774
Q_RUN 1.26 219 40.526278369775511 -5.66723366497e-09 -0 0 1.66533453694e-16 1.12757025938e-17 19
Q_CUTCELL_CFL 1.26 219 0.0132636986044 0.0132636986044 0.12865675022 0 645
SHORE 1.26 219 45.96875 0.00372562710483 0.489602892872
Q_MOMENTUM 1.26 219 0.016274161839 2.41769189593 2.380685968 0.452473411165 0.447726861916 1.66656351965 0.00279800138881
AMR_VOLUME_STAGE 1.26 219 0 40.526278369776236 -5.667220515307569e-09
AMR_VOLUME_STAGE 1.26 219 1 40.526278369776236 -5.667220515307569e-09
Q_CLEANUP 1.26 219 0 -0
AMR_VOLUME_STAGE 1.26 219 2 40.526278369776236 -5.667220515307569e-09
POSTADAPT_REPROJECT 1.26 219 53 9.65836860142e-09 5.51070987774e-12 3.44601742974e-11 8.68250768156e-06 3.31237667261e-07 0.0034038454912 0.0944143858262
AMR_VOLUME_STAGE 1.26 219 3 40.526278369776236 -5.667220515307569e-09
Q_MOMENTUM 1.27 220 0.0153007740793 2.40493285361 2.37923077598 0.45267579895 0.447866543569 1.64418714607 0.00279413569076
AMR_VOLUME_STAGE 1.27 220 0 40.526278369777074 -5.6671998264987967e-09
AMR_VOLUME_STAGE 1.27 220 1 40.526278369777074 -5.6671998264987967e-09
Q_CLEANUP 1.27 220 0 -0
AMR_VOLUME_STAGE 1.27 220 2 40.526278369777074 -5.6671998264987967e-09
POSTADAPT_REPROJECT 1.27 220 53 8.51013319189e-09 5.55442931756e-12 3.49477009831e-11 1.1061976249e-05 2.35001748256e-07 0.0033741755679 0.0954531129697
AMR_VOLUME_STAGE 1.27 220 3 40.526278369777074 -5.6671998264987967e-09
RUN 1.28 221 40.5262783698 0.427649148579
Q_RUN 1.28 221 40.526278369777074 -5.66719509262e-09 -0 0 1.66533453694e-16 9.48676900925e-18 15
Q_CUTCELL_CFL 1.28 221 0.0132723787256 0.0132723787256 0.129501818328 0 645
SHORE 1.28 221 45.96875 0.0037204004658 0.487854087025
Q_MOMENTUM 1.28 221 0.0127452743671 2.46172416863 2.38925207629 0.452720338379 0.447964714784 1.66150259253 0.00277998211916
AMR_VOLUME_STAGE 1.28 221 0 40.526278369777756 -5.667182994925558e-09
AMR_VOLUME_STAGE 1.28 221 1 40.526278369777756 -5.667182994925558e-09
Q_CLEANUP 1.28 221 0 -0
AMR_VOLUME_STAGE 1.28 221 2 40.526278369777756 -5.667182994925558e-09
POSTADAPT_REPROJECT 1.28 221 36 4.94740878126e-09 4.77873997061e-12 3.41120708069e-11 1.20961303685e-05 2.02332555131e-07 0.00335587299684 0.0958155522148
AMR_VOLUME_STAGE 1.28 221 3 40.526278369777756 -5.667182994925558e-09
Q_MOMENTUM 1.29 222 0.0138399937479 2.43503571727 2.39165571993 0.452991576327 0.448098053739 1.64680418176 0.00281110836707
AMR_VOLUME_STAGE 1.29 222 0 40.526278369777081 -5.6671996511699092e-09
AMR_VOLUME_STAGE 1.29 222 1 40.526278369777081 -5.6671996511699092e-09
Q_CLEANUP 1.29 222 0 -0
AMR_VOLUME_STAGE 1.29 222 2 40.526278369777081 -5.6671996511699092e-09
POSTADAPT_REPROJECT 1.29 222 53 8.53170024732e-09 5.54944361303e-12 3.49927951199e-11 1.09112380963e-05 2.84039353438e-07 0.00337116452341 0.0949767118481
AMR_VOLUME_STAGE 1.29 222 3 40.526278369777081 -5.6671996511699092e-09
RUN 1.3 223 40.5262783698 0.427327535071
Q_RUN 1.3 223 40.526278369777081 -5.66719491729e-09 -0 0 1.66533453694e-16 1.39777376956e-17 22
Q_CUTCELL_CFL 1.3 223 0.0132856065987 0.0132856065987 0.130386130133 0 645
SHORE 1.3 223 45.96875 0.00371266824631 0.486321357252
Q_MOMENTUM 1.3 223 0.0179214196394 2.37749940827 2.40663871382 0.453043618413 0.448261012212 1.64027169752 0.00282656633426
AMR_VOLUME_STAGE 1.3 223 0 40.526278369777827 -5.667181241636679e-09
AMR_VOLUME_STAGE 1.3 223 1 40.526278369777827 -5.667181241636679e-09
Q_CLEANUP 1.3 223 0 -0
AMR_VOLUME_STAGE 1.3 223 2 40.526278369777827 -5.667181241636679e-09
POSTADAPT_REPROJECT 1.3 223 36 4.98961912065e-09 4.80373928943e-12 3.42084104099e-11 1.13022442416e-05 4.6762432792e-07 0.00338233534833 0.0950692695217
AMR_VOLUME_STAGE 1.3 223 3 40.526278369777827 -5.667181241636679e-09
Q_MOMENTUM 1.31 224 0.0149223359169 2.40786484303 2.41209429877 0.453226619527 0.448429814105 1.64707590142 0.0028296310873
AMR_VOLUME_STAGE 1.31 224 0 40.526278369777216 -5.6671963199210388e-09
AMR_VOLUME_STAGE 1.31 224 1 40.526278369777216 -5.6671963199210388e-09
Q_CLEANUP 1.31 224 0 -0
AMR_VOLUME_STAGE 1.31 224 2 40.526278369777216 -5.6671963199210388e-09
POSTADAPT_REPROJECT 1.31 224 27 5.33549627743e-09 5.81503580574e-12 4.41287215103e-11 1.37899541096e-05 3.52112331643e-07 0.00337556040771 0.0953371362812
AMR_VOLUME_STAGE 1.31 224 3 40.526278369777216 -5.6671963199210388e-09
RUN 1.32 225 40.5262783698 0.427358788719
Q_RUN 1.32 225 40.526278369777216 -5.66719158604e-09 -0 0 1.66533453694e-16 5.23127548224e-18 10
Q_CUTCELL_CFL 1.32 225 0.0131742817466 0.0131742817466 0.130022146569 0 645
SHORE 1.32 225 45.96875 0.00373648529995 0.484676823902
Q_MOMENTUM 1.32 225 0.0146671728047 2.46962218138 2.39299606126 0.45354075252 0.448599711795 1.63239477953 0.00280402445205
AMR_VOLUME_STAGE 1.32 225 0 40.526278369777991 -5.6671772090722578e-09
AMR_VOLUME_STAGE 1.32 225 1 40.526278369777991 -5.6671772090722578e-09
Q_CLEANUP 1.32 225 0 -0
AMR_VOLUME_STAGE 1.32 225 2 40.526278369777991 -5.6671772090722578e-09
POSTADAPT_REPROJECT 1.32 225 27 6.62467513149e-09 5.95714255295e-12 4.46347472871e-11 1.33529093749e-05 1.26670975405e-07 0.00336484321523 0.095568528424
AMR_VOLUME_STAGE 1.32 225 3 40.526278369777991 -5.6671772090722578e-09
Q_MOMENTUM 1.33 226 0.0133319447136 2.42383669023 2.37516682648 0.453734359015 0.448766968648 1.62722761671 0.0027817515879
AMR_VOLUME_STAGE 1.33 226 0 40.526278369778773 -5.6671579228945886e-09
AMR_VOLUME_STAGE 1.33 226 1 40.526278369778773 -5.6671579228945886e-09
Q_CLEANUP 1.33 226 0 -0
AMR_VOLUME_STAGE 1.33 226 2 40.526278369778773 -5.6671579228945886e-09
POSTADAPT_REPROJECT 1.33 226 35 7.14145562282e-09 6.429518577e-12 4.51748187469e-11 1.25870356493e-05 6.41920241122e-08 0.00337293641745 0.0957812166175
AMR_VOLUME_STAGE 1.33 226 3 40.526278369778773 -5.6671579228945886e-09
RUN 1.34 227 40.5262783698 0.427273395536
Q_RUN 1.34 227 40.526278369778773 -5.66715318901e-09 -0 0 1.66533453694e-16 1.02999206386e-17 16
Q_CUTCELL_CFL 1.34 227 0.0131797701554 0.0131797701554 0.130848846435 0 645
SHORE 1.34 227 45.96875 0.0037239324476 0.483196922291
Q_MOMENTUM 1.34 227 0.0164969876506 2.41056257058 2.39300522467 0.453750349855 0.448918339862 1.61890868767 0.00280801188941
AMR_VOLUME_STAGE 1.34 227 0 40.526278369779796 -5.667132675534731e-09
AMR_VOLUME_STAGE 1.34 227 1 40.526278369779796 -5.667132675534731e-09
Q_CLEANUP 1.34 227 0 -0
AMR_VOLUME_STAGE 1.34 227 2 40.526278369779796 -5.667132675534731e-09
POSTADAPT_REPROJECT 1.34 227 35 7.09172181027e-09 6.3943784205e-12 4.50005345487e-11 9.80450808911e-06 3.74177195258e-07 0.00334997530032 0.0959645917709
AMR_VOLUME_STAGE 1.34 227 3 40.526278369779796 -5.667132675534731e-09
Q_MOMENTUM 1.35 228 0.0153213488801 2.43211372005 2.40525408737 0.45392832335 0.449058662366 1.60266589059 0.00282522931114
AMR_VOLUME_STAGE 1.35 228 0 40.526278369780549 -5.6671140906726133e-09
AMR_VOLUME_STAGE 1.35 228 1 40.526278369780549 -5.6671140906726133e-09
Q_CLEANUP 1.35 228 0 -0
AMR_VOLUME_STAGE 1.35 228 2 40.526278369780549 -5.6671140906726133e-09
POSTADAPT_REPROJECT 1.35 228 35 7.098302685e-09 6.39552073613e-12 4.49726020313e-11 1.65866009555e-05 4.82440876208e-07 0.00331621935088 0.096102651544
AMR_VOLUME_STAGE 1.35 228 3 40.526278369780549 -5.6671140906726133e-09
RUN 1.36 229 40.5262783698 0.428447264175
Q_RUN 1.36 229 40.526278369780549 -5.66710935679e-09 -0 0 1.66533453694e-16 9.26992857475e-18 15
Q_CUTCELL_CFL 1.36 229 0.0131440709454 0.0131440709454 0.131262579706 0 645
SHORE 1.36 229 45.96875 0.00372474877069 0.481572315611
Q_MOMENTUM 1.36 229 0.0137767855611 2.51526990433 2.43141261343 0.454151577153 0.449213221612 1.61501429892 0.00285877752954
AMR_VOLUME_STAGE 1.36 229 0 40.526278369781643 -5.6670870900238768e-09
AMR_VOLUME_STAGE 1.36 229 1 40.526278369781643 -5.6670870900238768e-09
Q_CLEANUP 1.36 229 0 -0
AMR_VOLUME_STAGE 1.36 229 2 40.526278369781643 -5.6670870900238768e-09
POSTADAPT_REPROJECT 1.36 229 35 7.38109472853e-09 6.52158227418e-12 3.25252724059e-11 1.77136534445e-05 3.45432928529e-07 0.00328684260492 0.0942820827667
AMR_VOLUME_STAGE 1.36 229 3 40.526278369781643 -5.6670870900238768e-09
Q_MOMENTUM 1.37 230 0.0134536942266 2.48496228164 2.47277108793 0.454425695067 0.449387299361 1.60468807389 0.00288470167479
AMR_VOLUME_STAGE 1.37 230 0 40.526278369782361 -5.6670693818061982e-09
AMR_VOLUME_STAGE 1.37 230 1 40.526278369782361 -5.6670693818061982e-09
Q_CLEANUP 1.37 230 0 -0
AMR_VOLUME_STAGE 1.37 230 2 40.526278369782361 -5.6670693818061982e-09
POSTADAPT_REPROJECT 1.37 230 27 7.16622012436e-09 6.29630491203e-12 2.74255089125e-11 1.86539351826e-05 1.11316073019e-07 0.00333987350801 0.0972860217455
AMR_VOLUME_STAGE 1.37 230 3 40.526278369782361 -5.6670693818061982e-09
RUN 1.38 231 40.5262783698 0.428163168547
Q_RUN 1.38 231 40.526278369782361 -5.66706464793e-09 -0 0 1.66533453694e-16 8.18572640227e-18 12
Q_CUTCELL_CFL 1.38 231 0.0125271965352 0.0125271965352 0.125882124029 0 645
SHORE 1.38 231 45.96875 0.00369016455581 0.479774011914
Q_MOMENTUM 1.38 231 0.0174418229582 2.50629724692 2.48217480061 0.454388768486 0.449532247498 1.65470700968 0.00290790400325
AMR_VOLUME_STAGE 1.38 231 0 40.52627836978337 -5.6670444851041163e-09
AMR_VOLUME_STAGE 1.38 231 1 40.52627836978337 -5.6670444851041163e-09
Q_CLEANUP 1.38 231 0 -0
AMR_VOLUME_STAGE 1.38 231 2 40.52627836978337 -5.6670444851041163e-09
POSTADAPT_REPROJECT 1.38 231 27 7.70772856212e-09 6.15187604456e-12 2.70038548814e-11 1.30136689411e-05 9.17407664486e-07 0.00336933875103 0.0973898027776
AMR_VOLUME_STAGE 1.38 231 3 40.52627836978337 -5.6670444851041163e-09
Q_MOMENTUM 1.39 232 0.0148947701077 2.59999298391 2.49852936732 0.454563633426 0.449707586401 1.71362199091 0.00293917737101
AMR_VOLUME_STAGE 1.39 232 0 40.526278369784151 -5.6670251989264471e-09
AMR_VOLUME_STAGE 1.39 232 1 40.526278369784151 -5.6670251989264471e-09
Q_CLEANUP 1.39 232 0 -0
AMR_VOLUME_STAGE 1.39 232 2 40.526278369784151 -5.6670251989264471e-09
POSTADAPT_REPROJECT 1.39 232 28 4.700243897e-09 2.35154547806e-12 1.03356160436e-11 2.05352666656e-05 4.36194383598e-07 0.00335107526773 0.0974733544268
AMR_VOLUME_STAGE 1.39 232 3 40.526278369784151 -5.6670251989264471e-09
RUN 1.4 233 40.5262783698 0.429873677615
Q_RUN 1.4 233 40.526278369784151 -5.66702046505e-09 -0 0 1.66533453694e-16 1.07336081251e-17 17
Q_CUTCELL_CFL 1.4 233 0.0125485645058 0.0125485645058 0.126871955573 0 645
SHORE 1.4 233 45.96875 0.00363570169373 0.477848654938
Q_MOMENTUM 1.4 233 0.0140135463279 2.54435369851 2.53941888732 0.454661129075 0.449865537315 1.71459418048 0.00293100686153
AMR_VOLUME_STAGE 1.4 233 0 40.526278369783753 -5.66703501734417e-09
AMR_VOLUME_STAGE 1.4 233 1 40.526278369783753 -5.66703501734417e-09
Q_CLEANUP 1.4 233 0 -0
AMR_VOLUME_STAGE 1.4 233 2 40.526278369783753 -5.66703501734417e-09
POSTADAPT_REPROJECT 1.4 233 36 7.37242828873e-09 4.22918145963e-12 2.1021434593e-11 2.20426408667e-05 3.22140722123e-07 0.00333137192057 0.0975225198489
AMR_VOLUME_STAGE 1.4 233 3 40.526278369783753 -5.66703501734417e-09
Q_MOMENTUM 1.41 234 0.0148401186708 2.56789964339 2.50285795038 0.455002974048 0.450038819491 1.71998830317 0.00290860732145
AMR_VOLUME_STAGE 1.41 234 0 40.526278369783249 -5.6670474656952109e-09
AMR_VOLUME_STAGE 1.41 234 1 40.526278369783249 -5.6670474656952109e-09
Q_CLEANUP 1.41 234 0 -0
AMR_VOLUME_STAGE 1.41 234 2 40.526278369783249 -5.6670474656952109e-09
POSTADAPT_REPROJECT 1.41 234 36 7.34277514811e-09 4.21379091514e-12 2.09327936929e-11 2.02427535256e-05 2.146750691e-07 0.00324267962628 0.099467127772
AMR_VOLUME_STAGE 1.41 234 3 40.526278369783249 -5.6670474656952109e-09
RUN 1.42 235 40.5262783698 0.429212106918
Q_RUN 1.42 235 40.526278369783249 -5.66704273182e-09 -0 0 1.66533453694e-16 9.92044987824e-18 17
Q_CUTCELL_CFL 1.42 235 0.0124741890054 0.0124741890054 0.126908054076 0 645
SHORE 1.42 235 45.96875 0.00363534467337 0.476153084742
Q_MOMENTUM 1.42 235 0.0162259210338 2.50995959277 2.3253198582 0.455008193696 0.450199258424 1.71930100493 0.00270420658608
AMR_VOLUME_STAGE 1.42 235 0 40.526278369782695 -5.6670611413484667e-09
AMR_VOLUME_STAGE 1.42 235 1 40.526278369782695 -5.6670611413484667e-09
Q_CLEANUP 1.42 235 0 -0
AMR_VOLUME_STAGE 1.42 235 2 40.526278369782695 -5.6670611413484667e-09
POSTADAPT_REPROJECT 1.42 235 36 7.30293149022e-09 4.1976662454e-12 2.08788082309e-11 1.4247495478e-05 2.99699335558e-07 0.00330384856571 0.0986723940706
AMR_VOLUME_STAGE 1.42 235 3 40.526278369782695 -5.6670611413484667e-09
Q_MOMENTUM 1.43 236 0.0156474410271 2.4713588605 2.46687037775 0.455100404718 0.45037571623 1.70093850579 0.00275971371211
AMR_VOLUME_STAGE 1.43 236 0 40.526278369782048 -5.6670770962772664e-09
AMR_VOLUME_STAGE 1.43 236 1 40.526278369782048 -5.6670770962772664e-09
Q_CLEANUP 1.43 236 0 -0
AMR_VOLUME_STAGE 1.43 236 2 40.526278369782048 -5.6670770962772664e-09
POSTADAPT_REPROJECT 1.43 236 28 4.65620856845e-09 2.3305269625e-12 1.02603125648e-11 2.20286805878e-05 3.0448996183e-07 0.00329045221546 0.0991708985034
AMR_VOLUME_STAGE 1.43 236 3 40.526278369782048 -5.6670770962772664e-09
RUN 1.44 237 40.5262783698 0.428690498386
Q_RUN 1.44 237 40.526278369782048 -5.6670723624e-09 -0 0 1.66533453694e-16 1.59919820442e-17 24
Q_CUTCELL_CFL 1.44 237 0.0126280358505 0.0126280358505 0.129262740347 0 645
SHORE 1.44 237 45.96875 0.00361905121564 0.47440120333
Q_MOMENTUM 1.44 237 0.014109227234 2.56181098253 2.45366955134 0.455328194153 0.450508014712 1.68573441391 0.00281025617739
AMR_VOLUME_STAGE 1.44 237 0 40.52627836978175 -5.6670844600905579e-09
AMR_VOLUME_STAGE 1.44 237 1 40.52627836978175 -5.6670844600905579e-09
Q_CLEANUP 1.44 237 0 -0
AMR_VOLUME_STAGE 1.44 237 2 40.52627836978175 -5.6670844600905579e-09
POSTADAPT_REPROJECT 1.44 237 28 4.66874784145e-09 2.33587847692e-12 1.0278598285e-11 1.93476781154e-05 7.99803047913e-07 0.00325742832631 0.0984880398537
AMR_VOLUME_STAGE 1.44 237 3 40.52627836978175 -5.6670844600905579e-09
Q_MOMENTUM 1.45 238 0.0148719377323 2.46976624072 2.34600757519 0.455660086442 0.450697289474 1.67996091013 0.00275691862198
AMR_VOLUME_STAGE 1.45 238 0 40.526278369781451 -5.6670918239038495e-09
AMR_VOLUME_STAGE 1.45 238 1 40.526278369781451 -5.6670918239038495e-09
Q_CLEANUP 1.45 238 0 -0
AMR_VOLUME_STAGE 1.45 238 2 40.526278369781451 -5.6670918239038495e-09
POSTADAPT_REPROJECT 1.45 238 28 4.64741680209e-09 2.32565663849e-12 1.0228080969e-11 2.00269550809e-05 7.04423894939e-08 0.00326822062695 0.098212678328
AMR_VOLUME_STAGE 1.45 238 3 40.526278369781451 -5.6670918239038495e-09
RUN 1.46 239 40.5262783698 0.428333478796
Q_RUN 1.46 239 40.526278369781451 -5.66708709002e-09 -0 0 1.65015570652e-16 8.45720046186e-18 13
Q_CUTCELL_CFL 1.46 239 0.0127070056129 0.0127070056129 0.130830262543 0 644
SHORE 1.46 239 45.96875 0.00358929885656 0.472824337761
Q_MOMENTUM 1.46 239 0.0170436268626 2.40132677278 2.40186297822 0.455837417569 0.450859113104 1.67923906197 0.00281204109013
AMR_VOLUME_STAGE 1.46 239 0 40.526278369781153 -5.6670991877171419e-09
AMR_VOLUME_STAGE 1.46 239 1 40.526278369781153 -5.6670991877171419e-09
Q_CLEANUP 1.46 239 0 -0
AMR_VOLUME_STAGE 1.46 239 2 40.526278369781153 -5.6670991877171419e-09
POSTADAPT_REPROJECT 1.46 239 36 7.21335422296e-09 4.14906790203e-12 2.06520941841e-11 2.05043606171e-05 3.04655850193e-07 0.00321039166139 0.0980133730924
AMR_VOLUME_STAGE 1.46 239 3 40.526278369781153 -5.6670991877171419e-09
Q_MOMENTUM 1.47 240 0.0154131986741 2.46384930473 2.43474084071 0.455934745737 0.45101459787 1.66779630214 0.00286350237009
AMR_VOLUME_STAGE 1.47 240 0 40.526278369780478 -5.6671158439614923e-09
AMR_VOLUME_STAGE 1.47 240 1 40.526278369780478 -5.6671158439614923e-09
Q_CLEANUP 1.47 240 0 -0
AMR_VOLUME_STAGE 1.47 240 2 40.526278369780478 -5.6671158439614923e-09
POSTADAPT_REPROJECT 1.47 240 36 7.25773705891e-09 4.18303392943e-12 2.08470411073e-11 2.22517148527e-05 1.09004763956e-07 0.00318661973315 0.0983372345445
AMR_VOLUME_STAGE 1.47 240 3 40.526278369780478 -5.6671158439614923e-09
RUN 1.48 241 40.5262783698 0.427718955278
Q_RUN 1.48 241 40.526278369780478 -5.66711111008e-09 -0 0 1.66533453694e-16 9.45966395494e-18 15
Q_CUTCELL_CFL 1.48 241 0.0127644778105 0.0127644778105 0.132177074402 0 643
SHORE 1.48 241 45.96875 0.00358851010672 0.471157279313
Q_MOMENTUM 1.48 241 0.0141454408993 2.54517658893 2.45975453287 0.456079364457 0.451157564102 1.66001978331 0.00288959535125
AMR_VOLUME_STAGE 1.48 241 0 40.526278369779938 -5.6671291689569723e-09
AMR_VOLUME_STAGE 1.48 241 1 40.526278369779938 -5.6671291689569723e-09
Q_CLEANUP 1.48 241 0 -0
AMR_VOLUME_STAGE 1.48 241 2 40.526278369779938 -5.6671291689569723e-09
POSTADAPT_REPROJECT 1.48 241 54 6.58053353475e-09 3.79147447683e-12 2.40945180474e-11 2.19226080733e-05 2.14152893217e-07 0.0032192207002 0.097458284821
AMR_VOLUME_STAGE 1.48 241 3 40.526278369779938 -5.6671291689569723e-09
Q_MOMENTUM 1.49 242 0.0139299991128 2.5296029984 2.52367222972 0.456306557318 0.451352913114 1.65622349792 0.00294939618079
AMR_VOLUME_STAGE 1.49 242 0 40.526278369779369 -5.6671431952680047e-09
AMR_VOLUME_STAGE 1.49 242 1 40.526278369779369 -5.6671431952680047e-09
Q_CLEANUP 1.49 242 0 -0
AMR_VOLUME_STAGE 1.49 242 2 40.526278369779369 -5.6671431952680047e-09
POSTADAPT_REPROJECT 1.49 242 54 6.5201886686e-09 3.76002556798e-12 2.38744198022e-11 2.37848354369e-05 1.00143146552e-07 0.0032182294714 0.0974214374076
AMR_VOLUME_STAGE 1.49 242 3 40.526278369779369 -5.6671431952680047e-09
RUN 1.5 243 40.5262783698 0.427659601849
Q_RUN 1.5 243 40.526278369779369 -5.66713846139e-09 -0 0 1.66533453694e-16 9.54436724966e-18 17
Q_CUTCELL_CFL 1.5 243 0.0122624238391 0.0122624238391 0.127695841861 0 643
SHORE 1.5 243 45.96875 0.00366127861743 0.46935600463
Q_MOMENTUM 1.5 243 0.0188816256432 2.57089760672 2.5398321933 0.456441701554 0.451545695915 1.64844907559 0.002984191721
AMR_VOLUME_STAGE 1.5 243 0 40.5262783697789 -5.6671547669746065e-09
AMR_VOLUME_STAGE 1.5 243 1 40.5262783697789 -5.6671547669746065e-09
Q_CLEANUP 1.5 243 0 -0
AMR_VOLUME_STAGE 1.5 243 2 40.5262783697789 -5.6671547669746065e-09
POSTADAPT_REPROJECT 1.5 243 54 6.48324071176e-09 3.74856793861e-12 2.37572843342e-11 2.32431146477e-05 3.00117721262e-07 0.00322086448782 0.0973641892726
AMR_VOLUME_STAGE 1.5 243 3 40.5262783697789 -5.6671547669746065e-09
Q_MOMENTUM 1.51 244 0.0151103756571 2.68823653967 2.58607418962 0.456687394818 0.451741111008 1.64139593047 0.00303766047606
AMR_VOLUME_STAGE 1.51 244 0 40.526278369778332 -5.6671687932856381e-09
AMR_VOLUME_STAGE 1.51 244 1 40.526278369778332 -5.6671687932856381e-09
Q_CLEANUP 1.51 244 0 -0
AMR_VOLUME_STAGE 1.51 244 2 40.526278369778332 -5.6671687932856381e-09
POSTADAPT_REPROJECT 1.51 244 53 9.17425471703e-09 5.99960241483e-12 3.79172700182e-11 2.54648037962e-05 1.28003888586e-07 0.00321780187916 0.0973297621059
AMR_VOLUME_STAGE 1.51 244 3 40.526278369778332 -5.6671687932856381e-09
RUN 1.52 245 40.5262783698 0.428242565728
Q_RUN 1.52 245 40.526278369778332 -5.66716405941e-09 -0 0 1.66533453694e-16 6.74915852372e-18 12
Q_CUTCELL_CFL 1.52 245 0.0119286193325 0.0119286193325 0.124940425966 0 643
SHORE 1.52 245 45.96875 0.0036585829084 0.467307966778
Q_MOMENTUM 1.52 245 0.0143579133289 2.64728374234 2.62544288378 0.45684615502 0.451944622271 1.63600881494 0.00306116899687
AMR_VOLUME_STAGE 1.52 245 0 40.526278369779128 -5.6671491564501931e-09
AMR_VOLUME_STAGE 1.52 245 1 40.526278369779128 -5.6671491564501931e-09
Q_CLEANUP 1.52 245 0 -0
AMR_VOLUME_STAGE 1.52 245 2 40.526278369779128 -5.6671491564501931e-09
POSTADAPT_REPROJECT 1.52 245 54 6.58310580267e-09 3.79159675958e-12 2.40581859989e-11 2.48944852358e-05 8.79669560581e-07 0.00321974879495 0.0972577071314
AMR_VOLUME_STAGE 1.52 245 3 40.526278369779128 -5.6671491564501931e-09
Q_MOMENTUM 1.53 246 0.0147914120025 2.63207397252 2.5785731535 0.457104211269 0.452175495354 1.66052859116 0.00302023330408
AMR_VOLUME_STAGE 1.53 246 0 40.52627836977863 -5.6671614294723465e-09
AMR_VOLUME_STAGE 1.53 246 1 40.52627836977863 -5.6671614294723465e-09
Q_CLEANUP 1.53 246 0 -0
AMR_VOLUME_STAGE 1.53 246 2 40.52627836977863 -5.6671614294723465e-09
POSTADAPT_REPROJECT 1.53 246 54 6.53356208003e-09 3.68677363507e-12 2.32392455973e-11 2.72824022129e-05 4.31158420652e-08 0.00319219793442 0.0950167775936
AMR_VOLUME_STAGE 1.53 246 3 40.52627836977863 -5.6671614294723465e-09
RUN 1.54 247 40.5262783698 0.429181157901
Q_RUN 1.54 247 40.52627836977863 -5.66715669559e-09 -0 0 1.66533453694e-16 7.41873806853e-18 13
Q_CUTCELL_CFL 1.54 247 0.0119721303747 0.0119721303747 0.126124892371 0 644
SHORE 1.54 247 45.96875 0.00365338970473 0.46564238105
Q_MOMENTUM 1.54 247 0.0204450652299 2.56846080695 2.36376958314 0.457251730657 0.452386892837 1.65248954486 0.00272224069644
AMR_VOLUME_STAGE 1.54 247 0 40.52627836977819 -5.667172299863396e-09
AMR_VOLUME_STAGE 1.54 247 1 40.52627836977819 -5.667172299863396e-09
Q_CLEANUP 1.54 247 0 -0
AMR_VOLUME_STAGE 1.54 247 2 40.52627836977819 -5.667172299863396e-09
POSTADAPT_REPROJECT 1.54 247 36 6.83890592507e-09 5.04925206566e-12 2.50365179977e-11 2.71658011444e-05 3.02369415068e-07 0.00320686222691 0.0982311429464
AMR_VOLUME_STAGE 1.54 247 3 40.52627836977819 -5.667172299863396e-09
Q_MOMENTUM 1.55 248 0.0148623709321 2.57688772453 2.55753412704 0.457456487938 0.452607575834 1.67653226513 0.00291650970902
AMR_VOLUME_STAGE 1.55 248 0 40.526278369777309 -5.6671940406454957e-09
AMR_VOLUME_STAGE 1.55 248 1 40.526278369777309 -5.6671940406454957e-09
Q_CLEANUP 1.55 248 0 -0
AMR_VOLUME_STAGE 1.55 248 2 40.526278369777309 -5.6671940406454957e-09
POSTADAPT_REPROJECT 1.55 248 36 9.45185412403e-09 4.89958920925e-12 2.4289772884e-11 3.20516110932e-05 5.64131700916e-08 0.0032161047889 0.0981192373842
AMR_VOLUME_STAGE 1.55 248 3 40.526278369777309 -5.6671940406454957e-09
RUN 1.56 249 40.5262783698 0.43089561037
Q_RUN 1.56 249 40.526278369777309 -5.66718930677e-09 -0 0 1.66533453694e-16 1.17093834628e-17 16
Q_CUTCELL_CFL 1.56 249 0.0121701988907 0.0121701988907 0.128961357192 0 643
SHORE 1.56 249 45.96875 0.0035989125173 0.463729246243
Q_MOMENTUM 1.56 249 0.015196353913 2.60894320967 2.48575740887 0.457736831279 0.452840740196 1.73005046259 0.00288158855634
AMR_VOLUME_STAGE 1.56 249 0 40.526278369776698 -5.6672091189298555e-09
AMR_VOLUME_STAGE 1.56 249 1 40.526278369776698 -5.6672091189298555e-09
Q_CLEANUP 1.56 249 0 -0
AMR_VOLUME_STAGE 1.56 249 2 40.526278369776698 -5.6672091189298555e-09
POSTADAPT_REPROJECT 1.56 249 36 9.49409740061e-09 4.90821980682e-12 2.43941958647e-11 3.13254624743e-05 5.09735784384e-07 0.0032129180904 0.0979147290149
AMR_VOLUME_STAGE 1.56 249 3 40.526278369776698 -5.6672091189298555e-09
Q_MOMENTUM 1.57 250 0.0147113793259 2.4793897459 2.34158023335 0.458049386246 0.453088880528 1.73158569078 0.00273400047003
AMR_VOLUME_STAGE 1.57 250 0 40.526278369775973 -5.6672270024764215e-09
AMR_VOLUME_STAGE 1.57 250 1 40.526278369775973 -5.6672270024764215e-09
Q_CLEANUP 1.57 250 0 -0
AMR_VOLUME_STAGE 1.57 250 2 40.526278369775973 -5.6672270024764215e-09
POSTADAPT_REPROJECT 1.57 250 54 6.79726180723e-09 3.64803845421e-12 2.2801024957e-11 3.38342953348e-05 1.42974811739e-07 0.00321303209198 0.0977876643165
AMR_VOLUME_STAGE 1.57 250 3 40.526278369775973 -5.6672270024764215e-09
RUN 1.58 251 40.5262783698 0.430235907073
Q_RUN 1.58 251 40.526278369775973 -5.6672222686e-09 -0 0 1.66533453694e-16 1.15010133578e-17 16
Q_CUTCELL_CFL 1.58 251 0.01229915047 0.01229915047 0.131097448851 0 643
SHORE 1.58 251 45.96875 0.00356851178372 0.46206193932
Q_MOMENTUM 1.58 251 0.0230415798078 2.42950962322 2.42225203272 0.458161316385 0.453281817594 1.72937088239 0.00284216968884
AMR_VOLUME_STAGE 1.58 251 0 40.526278369775646 -5.6672350676052647e-09
AMR_VOLUME_STAGE 1.58 251 1 40.526278369775646 -5.6672350676052647e-09
Q_CLEANUP 1.58 251 0 -0
AMR_VOLUME_STAGE 1.58 251 2 40.526278369775646 -5.6672350676052647e-09
POSTADAPT_REPROJECT 1.58 251 54 6.83891582427e-09 3.6732341737e-12 2.29212725189e-11 3.12366804632e-05 2.51880726263e-07 0.00319978837023 0.0976426490962
AMR_VOLUME_STAGE 1.58 251 3 40.526278369775646 -5.6672350676052647e-09
Q_MOMENTUM 1.59 252 0.0165769093138 2.50841443187 2.45973157392 0.458358443371 0.453513591292 1.71784956016 0.00289377301707
AMR_VOLUME_STAGE 1.59 252 0 40.526278369775049 -5.6672497952318487e-09
AMR_VOLUME_STAGE 1.59 252 1 40.526278369775049 -5.6672497952318487e-09
Q_CLEANUP 1.59 252 0 -0
AMR_VOLUME_STAGE 1.59 252 2 40.526278369775049 -5.6672497952318487e-09
POSTADAPT_REPROJECT 1.59 252 54 6.79330857366e-09 3.64232054137e-12 2.28467869623e-11 3.39148282685e-05 8.24235263028e-08 0.00318538647524 0.0975251597882
AMR_VOLUME_STAGE 1.59 252 3 40.526278369775049 -5.6672497952318487e-09
RUN 1.6 253 40.5262783698 0.429954160932
Q_RUN 1.6 253 40.526278369775049 -5.66724506135e-09 -0 0 1.66533453694e-16 1.21684753203e-17 17
Q_CUTCELL_CFL 1.6 253 0.0124075614168 0.0124075614168 0.133026932311 0 642
SHORE 1.6 253 45.96875 0.00354924021254 0.460419980167
Q_MOMENTUM 1.6 253 0.0149421425099 2.64032948346 2.53249929784 0.458546404293 0.453748701559 1.70400597801 0.0029527365009
AMR_VOLUME_STAGE 1.6 253 0 40.526278369774438 -5.6672648735162076e-09
AMR_VOLUME_STAGE 1.6 253 1 40.526278369774438 -5.6672648735162076e-09
Q_CLEANUP 1.6 253 0 -0
AMR_VOLUME_STAGE 1.6 253 2 40.526278369774438 -5.6672648735162076e-09
POSTADAPT_REPROJECT 1.6 253 28 4.17649202548e-09 2.25383248227e-12 9.97390820108e-12 3.38690950964e-05 3.40816098212e-07 0.00317532099275 0.0974084458646
AMR_VOLUME_STAGE 1.6 253 3 40.526278369774438 -5.6672648735162076e-09
Q_MOMENTUM 1.61 254 0.0146214316719 2.60968179971 2.60813904769 0.458910881617 0.454023070678 1.69922589281 0.00305892975976
AMR_VOLUME_STAGE 1.61 254 0 40.52627836977419 -5.6672710100272843e-09
AMR_VOLUME_STAGE 1.61 254 1 40.52627836977419 -5.6672710100272843e-09
Q_CLEANUP 1.61 254 0 -0
AMR_VOLUME_STAGE 1.61 254 2 40.52627836977419 -5.6672710100272843e-09
POSTADAPT_REPROJECT 1.61 254 36 5.10543762984e-09 3.21134295511e-12 1.61569180344e-11 3.55241548141e-05 1.08880518253e-07 0.00319476750521 0.0973055024358
AMR_VOLUME_STAGE 1.61 254 3 40.52627836977419 -5.6672710100272843e-09
RUN 1.62 255 40.5262783698 0.430075300613
Q_RUN 1.62 255 40.52627836977419 -5.66726627615e-09 -0 0 1.66533453694e-16 9.21741253202e-18 14
Q_CUTCELL_CFL 1.62 255 0.0119095397891 0.0119095397891 0.128439139887 0 641
SHORE 1.62 255 45.96875 0.00355012029489 0.458504146511
Q_MOMENTUM 1.62 255 0.0248891218086 2.65475640265 2.60730085632 0.45912100096 0.45426794168 1.69617857075 0.00306718554619
AMR_VOLUME_STAGE 1.62 255 0 40.526278369773713 -5.6672827570627737e-09
AMR_VOLUME_STAGE 1.62 255 1 40.526278369773713 -5.6672827570627737e-09
Q_CLEANUP 1.62 255 0 -0
AMR_VOLUME_STAGE 1.62 255 2 40.526278369773713 -5.6672827570627737e-09
POSTADAPT_REPROJECT 1.62 255 36 5.15901491666e-09 3.2491245006e-12 1.63521681005e-11 2.41776565779e-05 5.59153889202e-08 0.00325305826141 0.0971465676027
AMR_VOLUME_STAGE 1.62 255 3 40.526278369773713 -5.6672827570627737e-09
Q_MOMENTUM 1.63 256 0.0144810012519 2.83114321654 2.6827840411 0.459279039343 0.454513462888 1.67937417962 0.00313740403612
AMR_VOLUME_STAGE 1.63 256 0 40.526278369773173 -5.6672960820582545e-09
AMR_VOLUME_STAGE 1.63 256 1 40.526278369773173 -5.6672960820582545e-09
Q_CLEANUP 1.63 256 0 -0
AMR_VOLUME_STAGE 1.63 256 2 40.526278369773173 -5.6672960820582545e-09
POSTADAPT_REPROJECT 1.63 256 36 5.1117947774e-09 3.22350199509e-12 1.62252034724e-11 2.67926089807e-05 6.15464908394e-08 0.00319924920517 0.0970099096217
AMR_VOLUME_STAGE 1.63 256 3 40.526278369773173 -5.6672960820582545e-09
RUN 1.64 257 40.5262783698 0.42938093521
Q_RUN 1.64 257 40.526278369773173 -5.66729134818e-09 -0 0 1.66533453694e-16 8.89045781438e-18 12
Q_CUTCELL_CFL 1.64 257 0.0112098469086 0.0112098469086 0.121583112045 0 641
SHORE 1.64 257 45.96875 0.0035522875288 0.45686373896
Q_MOMENTUM 1.64 257 0.0137132436696 2.76263018332 2.75624396509 0.459437071403 0.454768025816 1.66223916729 0.00322875789483
AMR_VOLUME_STAGE 1.64 257 0 40.526278369772839 -5.6673043225159859e-09
AMR_VOLUME_STAGE 1.64 257 1 40.526278369772839 -5.6673043225159859e-09
Q_CLEANUP 1.64 257 0 -0
AMR_VOLUME_STAGE 1.64 257 2 40.526278369772839 -5.6673043225159859e-09
POSTADAPT_REPROJECT 1.64 257 36 5.05502772453e-09 3.24297455187e-12 1.64621059839e-11 2.91113835324e-05 1.40629832525e-07 0.00316668892817 0.0958260673513
AMR_VOLUME_STAGE 1.64 257 3 40.526278369772839 -5.6673043225159859e-09
Q_MOMENTUM 1.65 258 0.0163440487455 2.78071931501 2.70224025267 0.459838790949 0.454982849922 1.69050083928 0.00317428241268
AMR_VOLUME_STAGE 1.65 258 0 40.526278369772307 -5.6673174721825784e-09
AMR_VOLUME_STAGE 1.65 258 1 40.526278369772307 -5.6673174721825784e-09
Q_CLEANUP 1.65 258 0 -0
AMR_VOLUME_STAGE 1.65 258 2 40.526278369772307 -5.6673174721825784e-09
POSTADAPT_REPROJECT 1.65 258 36 5.08931567028e-09 3.20621342578e-12 1.62226972307e-11 2.80977782014e-05 7.98856805306e-08 0.00310010553243 0.098607274338
AMR_VOLUME_STAGE 1.65 258 3 40.526278369772307 -5.6673174721825784e-09
RUN 1.66 259 40.5262783698 0.430222988665
Q_RUN 1.66 259 40.526278369772307 -5.6673127383e-09 -0 0 1.66533453694e-16 1.22785896034e-17 16
Q_CUTCELL_CFL 1.66 259 0.0112769699154 0.0112769699154 0.123012498341 0 640
SHORE 1.66 259 45.96875 0.00355685565688 0.45516254247
Q_MOMENTUM 1.66 259 0.0278860017773 2.68614962945 2.52343179151 0.460237942806 0.455203070615 1.64264274801 0.00287235133334
AMR_VOLUME_STAGE 1.66 259 0 40.52627836977198 -5.6673255373114216e-09
AMR_VOLUME_STAGE 1.66 259 1 40.52627836977198 -5.6673255373114216e-09
Q_CLEANUP 1.66 259 0 -0
AMR_VOLUME_STAGE 1.66 259 2 40.52627836977198 -5.6673255373114216e-09
POSTADAPT_REPROJECT 1.66 259 28 4.24562742515e-09 2.32697853939e-12 1.02846793582e-11 1.41625069615e-05 2.12105702069e-07 0.00315963726612 0.09824935931
AMR_VOLUME_STAGE 1.66 259 3 40.52627836977198 -5.6673255373114216e-09
Q_MOMENTUM 1.67 260 0.0162142660376 2.73975407551 2.6921158509 0.460327895267 0.455441935847 1.72558359371 0.00309861319321
AMR_VOLUME_STAGE 1.67 260 0 40.526278369771653 -5.6673336024402647e-09
AMR_VOLUME_STAGE 1.67 260 1 40.526278369771653 -5.6673336024402647e-09
Q_CLEANUP 1.67 260 0 -0
AMR_VOLUME_STAGE 1.67 260 2 40.526278369771653 -5.6673336024402647e-09
POSTADAPT_REPROJECT 1.67 260 28 4.21286929127e-09 2.31465369993e-12 1.02409296321e-11 3.27225773774e-05 7.82306711417e-08 0.00311105908804 0.0975862062926
AMR_VOLUME_STAGE 1.67 260 3 40.526278369771653 -5.6673336024402647e-09
RUN 1.68 261 40.5262783698 0.429283452021
Q_RUN 1.68 261 40.526278369771653 -5.66732886856e-09 -0 0 1.66533453694e-16 1.32035495818e-17 17
Q_CUTCELL_CFL 1.68 261 0.0114591097578 0.0114591097578 0.125689748452 0 640
SHORE 1.68 261 45.96875 0.00352343954655 0.453155457691
Q_MOMENTUM 1.68 261 0.0144519278334 2.74259753723 2.46225333691 0.460455771057 0.455693972528 1.72393915436 0.002895074306
AMR_VOLUME_STAGE 1.68 261 0 40.526278369771283 -5.6673427195424361e-09
AMR_VOLUME_STAGE 1.68 261 1 40.526278369771283 -5.6673427195424361e-09
Q_CLEANUP 1.68 261 0 -0
AMR_VOLUME_STAGE 1.68 261 2 40.526278369771283 -5.6673427195424361e-09
POSTADAPT_REPROJECT 1.68 261 28 4.19677197595e-09 2.29823474956e-12 1.01551250048e-11 3.2564383476e-05 7.92639575028e-07 0.00310056243661 0.0976392473303
AMR_VOLUME_STAGE 1.68 261 3 40.526278369771283 -5.6673427195424361e-09
Q_MOMENTUM 1.69 262 0.0157328087844 2.5872183796 2.50450085217 0.460814273963 0.455960842475 1.72076679431 0.00293568748003
AMR_VOLUME_STAGE 1.69 262 0 40.526278369770921 -5.6673516613157191e-09
AMR_VOLUME_STAGE 1.69 262 1 40.526278369770921 -5.6673516613157191e-09
Q_CLEANUP 1.69 262 0 -0
AMR_VOLUME_STAGE 1.69 262 2 40.526278369770921 -5.6673516613157191e-09
POSTADAPT_REPROJECT 1.69 262 23 4.66790918592e-09 2.35386425464e-12 9.20523379744e-12 3.40502902914e-05 1.29425893068e-07 0.0031114166453 0.0963174678368
AMR_VOLUME_STAGE 1.69 262 3 40.526278369770921 -5.6673516613157191e-09
RUN 1.7 263 40.5262783698 0.429098662097
Q_RUN 1.7 263 40.526278369770921 -5.66734692744e-09 -0 0 1.66533453694e-16 1.33356867216e-17 18
Q_CUTCELL_CFL 1.7 263 0.0116501424563 0.0116501424563 0.128481267369 0 640
SHORE 1.7 263 45.96875 0.00349833756541 0.451584070758
Q_MOMENTUM 1.7 263 0.0208222844134 2.61754811907 2.60367545682 0.461164060167 0.456165949813 1.70451470682 0.0030630519708
AMR_VOLUME_STAGE 1.7 263 0 40.526278369771333 -5.6673414922402204e-09
AMR_VOLUME_STAGE 1.7 263 1 40.526278369771333 -5.6673414922402204e-09
Q_CLEANUP 1.7 263 0 -0
AMR_VOLUME_STAGE 1.7 263 2 40.526278369771333 -5.6673414922402204e-09
POSTADAPT_REPROJECT 1.7 263 23 4.00077411304e-09 1.98193771985e-12 7.89243843891e-12 3.27368279036e-05 2.86598382332e-07 0.00311850720493 0.0959604720703
AMR_VOLUME_STAGE 1.7 263 3 40.526278369771333 -5.6673414922402204e-09
Q_MOMENTUM 1.71 264 0.0169553868831 2.81985454562 2.67895802751 0.461501706055 0.456411413798 1.69027285483 0.00314053921659
AMR_VOLUME_STAGE 1.71 264 0 40.526278369771561 -5.6673358817158078e-09
AMR_VOLUME_STAGE 1.71 264 1 40.526278369771561 -5.6673358817158078e-09
Q_CLEANUP 1.71 264 0 -0
AMR_VOLUME_STAGE 1.71 264 2 40.526278369771561 -5.6673358817158078e-09
POSTADAPT_REPROJECT 1.71 264 23 4.3442224219e-09 2.07574103142e-12 9.27359057601e-12 3.36349928395e-05 1.22478825202e-07 0.00312172455951 0.0956961202722
AMR_VOLUME_STAGE 1.71 264 3 40.526278369771561 -5.6673358817158078e-09
RUN 1.72 265 40.5262783698 0.427694128024
Q_RUN 1.72 265 40.526278369771561 -5.66733114784e-09 -0 0 1.66533453694e-16 5.90858420269e-18 12
Q_CUTCELL_CFL 1.72 265 0.0112366450488 0.0112366450488 0.124581148416 0 640
SHORE 1.72 265 45.96875 0.00344907593916 0.450267159604
Q_MOMENTUM 1.72 265 0.0153815764286 2.75494569335 2.73355481298 0.461532871089 0.456606868409 1.68488478978 0.00320651436226
AMR_VOLUME_STAGE 1.72 265 0 40.526278369771767 -5.6673307971780584e-09
AMR_VOLUME_STAGE 1.72 265 1 40.526278369771767 -5.6673307971780584e-09
Q_CLEANUP 1.72 265 0 -0
AMR_VOLUME_STAGE 1.72 265 2 40.526278369771767 -5.6673307971780584e-09
POSTADAPT_REPROJECT 1.72 265 63 9.30746730682e-09 3.7814052009e-13 1.93187688069e-11 3.3779095613e-05 1.4359313455e-07 0.00312714452145 0.0954186071637
AMR_VOLUME_STAGE 1.72 265 3 40.526278369771767 -5.6673307971780584e-09
Q_MOMENTUM 1.73 266 0.0174794884331 2.82835169707 2.77415885056 0.461816930239 0.456821207142 1.67988312778 0.00326334091491
AMR_VOLUME_STAGE 1.73 266 0 40.526278369771767 -5.6673307971780584e-09
AMR_VOLUME_STAGE 1.73 266 1 40.526278369771767 -5.6673307971780584e-09
Q_CLEANUP 1.73 266 0 -0
AMR_VOLUME_STAGE 1.73 266 2 40.526278369771767 -5.6673307971780584e-09
POSTADAPT_REPROJECT 1.73 266 36 7.39960392959e-09 4.38845573758e-12 2.21567278413e-11 3.37657073155e-05 2.16058242559e-07 0.00313524719778 0.0952008856615
AMR_VOLUME_STAGE 1.73 266 3 40.526278369771767 -5.6673307971780584e-09
RUN 1.74 267 40.5262783698 0.428996788325
Q_RUN 1.74 267 40.526278369771767 -5.6673260633e-09 -0 0 1.66533453694e-16 1.06721916189e-17 16
Q_CUTCELL_CFL 1.74 267 0.0112261139761 0.0112261139761 0.125174530132 0 638
SHORE 1.74 267 45.96875 0.00342948751739 0.449952547844
Q_MOMENTUM 1.74 267 0.0186192544957 2.97705771426 2.84909304099 0.462191948015 0.457064485432 1.67234275726 0.00333962341269
AMR_VOLUME_STAGE 1.74 267 0 40.526278369771184 -5.6673451741468666e-09
AMR_VOLUME_STAGE 1.74 267 1 40.526278369771184 -5.6673451741468666e-09
Q_CLEANUP 1.74 267 0 -0
AMR_VOLUME_STAGE 1.74 267 2 40.526278369771184 -5.6673451741468666e-09
POSTADAPT_REPROJECT 1.74 267 36 5.81652605507e-09 3.50817912615e-12 1.73522862745e-11 3.40338880087e-05 1.49695564117e-07 0.00313683792263 0.0949481422083
AMR_VOLUME_STAGE 1.74 267 3 40.526278369771184 -5.6673451741468666e-09
Q_MOMENTUM 1.75 268 0.0164434351152 3.00704536236 2.97668393057 0.462544077545 0.457310424338 1.7014795503 0.00347843597115
AMR_VOLUME_STAGE 1.75 268 0 40.526278369770573 -5.6673602524312263e-09
AMR_VOLUME_STAGE 1.75 268 1 40.526278369770573 -5.6673602524312263e-09
Q_CLEANUP 1.75 268 0 -0
AMR_VOLUME_STAGE 1.75 268 2 40.526278369770573 -5.6673602524312263e-09
POSTADAPT_REPROJECT 1.75 268 60 8.0871959947e-09 3.72771638738e-13 1.35118582989e-11 3.3872395303e-05 1.62897998431e-07 0.00314209000329 0.094743625738
AMR_VOLUME_STAGE 1.75 268 3 40.526278369770573 -5.6673602524312263e-09
RUN 1.76 269 40.5262783698 0.428922795663
Q_RUN 1.76 269 40.526278369770573 -5.66735551855e-09 -0 0 1.66533453694e-16 9.22154181764e-18 19
Q_CUTCELL_CFL 1.76 269 0.0104387997076 0.0104387997076 0.117104102963 0 636
SHORE 1.76 269 45.96875 0.00343058172152 0.453107950338
Q_MOMENTUM 1.76 269 0.0167942486413 3.06530915716 2.73115098309 0.462756001262 0.457576453616 1.69138493037 0.00320889960733
AMR_VOLUME_STAGE 1.76 269 0 40.526278369770601 -5.6673595511156748e-09
AMR_VOLUME_STAGE 1.76 269 1 40.526278369770601 -5.6673595511156748e-09
Q_CLEANUP 1.76 269 0 -0
AMR_VOLUME_STAGE 1.76 269 2 40.526278369770601 -5.6673595511156748e-09
POSTADAPT_REPROJECT 1.76 269 93 8.28447430604e-09 4.41600040811e-13 1.3649525954e-11 3.27894916433e-05 3.48304976353e-07 0.00314695438 0.0944942913016
AMR_VOLUME_STAGE 1.76 269 3 40.526278369770601 -5.6673595511156748e-09
Q_MOMENTUM 1.77 270 0.0244204167252 2.75114992542 2.66446421356 0.463084599261 0.457844645172 1.71349403244 0.00301545447347
AMR_VOLUME_STAGE 1.77 270 0 40.526278369770637 -5.6673586744712349e-09
AMR_VOLUME_STAGE 1.77 270 1 40.526278369770637 -5.6673586744712349e-09
Q_CLEANUP 1.77 270 0 -0
AMR_VOLUME_STAGE 1.77 270 2 40.526278369770637 -5.6673586744712349e-09
POSTADAPT_REPROJECT 1.77 270 36 6.51689280502e-09 3.59389108481e-12 1.86987474116e-11 3.417820891e-05 1.55036396298e-07 0.00313804746918 0.0942882560615
AMR_VOLUME_STAGE 1.77 270 3 40.526278369770637 -5.6673586744712349e-09
RUN 1.78 271 40.5262783698 0.428902421293
Q_RUN 1.78 271 40.526278369770637 -5.66735394059e-09 -0 0 1.66533453694e-16 8.40256683676e-18 15
Q_CUTCELL_CFL 1.78 271 0.0106905815891 0.0106905815891 0.120618236754 0 636
SHORE 1.78 271 45.96875 0.0034312502041 0.456798779376
Q_MOMENTUM 1.78 271 0.0191496741768 2.98068764129 2.85946523542 0.463378096941 0.458083656811 1.73118194953 0.00329215323596
AMR_VOLUME_STAGE 1.78 271 0 40.52627836977004 -5.6673734020978188e-09
AMR_VOLUME_STAGE 1.78 271 1 40.52627836977004 -5.6673734020978188e-09
Q_CLEANUP 1.78 271 0 -0
AMR_VOLUME_STAGE 1.78 271 2 40.52627836977004 -5.6673734020978188e-09
POSTADAPT_REPROJECT 1.78 271 36 5.79605326581e-09 3.39904643117e-12 1.74677182441e-11 3.39626351954e-05 1.65521581189e-07 0.00316150509342 0.0940347836761
AMR_VOLUME_STAGE 1.78 271 3 40.52627836977004 -5.6673734020978188e-09
Q_MOMENTUM 1.79 272 0.016316606654 2.9712490226 2.65046740583 0.463610435317 0.458311740102 1.73486438098 0.00308795107496
AMR_VOLUME_STAGE 1.79 272 0 40.526278369769713 -5.667381467226662e-09
AMR_VOLUME_STAGE 1.79 272 1 40.526278369769713 -5.667381467226662e-09
Q_CLEANUP 1.79 272 0 -0
AMR_VOLUME_STAGE 1.79 272 2 40.526278369769713 -5.667381467226662e-09
POSTADAPT_REPROJECT 1.79 272 54 6.77081318611e-09 3.77610464583e-12 2.34854705128e-11 3.47501934117e-05 1.77609454823e-07 0.00316888442557 0.0938225145284
AMR_VOLUME_STAGE 1.79 272 3 40.526278369769713 -5.667381467226662e-09
RUN 1.8 273 40.5262783698 0.428018321842
Q_RUN 1.8 273 40.526278369769713 -5.66737673335e-09 -0 0 1.66533453694e-16 7.94178091346e-18 11
Q_CUTCELL_CFL 1.8 273 0.0108476999827 0.0108476999827 0.123076122111 0 636
SHORE 1.8 273 45.96875 0.00351906820303 0.459928508366
Q_MOMENTUM 1.8 273 0.0157412623748 2.68526728323 2.68262365305 0.463820514044 0.458566843492 1.73345946455 0.00296450455992
AMR_VOLUME_STAGE 1.8 273 0 40.526278369769209 -5.6673939155777029e-09
AMR_VOLUME_STAGE 1.8 273 1 40.526278369769209 -5.6673939155777029e-09
Q_CLEANUP 1.8 273 0 -0
AMR_VOLUME_STAGE 1.8 273 2 40.526278369769209 -5.6673939155777029e-09
POSTADAPT_REPROJECT 1.8 273 54 6.68553271417e-09 3.75259310707e-12 2.32854360793e-11 2.87610428645e-05 1.7360246274e-07 0.00319250095169 0.0935575163787
AMR_VOLUME_STAGE 1.8 273 3 40.526278369769209 -5.6673939155777029e-09
Q_MOMENTUM 1.81 274 0.0282439879548 2.63541260666 2.66244979921 0.464248812162 0.458839144262 1.73312098944 0.00296892079868
AMR_VOLUME_STAGE 1.81 274 0 40.526278369768562 -5.6674098705065017e-09
AMR_VOLUME_STAGE 1.81 274 1 40.526278369768562 -5.6674098705065017e-09
Q_CLEANUP 1.81 274 0 -0
AMR_VOLUME_STAGE 1.81 274 2 40.526278369768562 -5.6674098705065017e-09
WARNING: convergence for p not reached after 100 iterations
  res: 1.72296e-08 sum: -7.45379e-08 nrelax: 4
POSTADAPT_REPROJECT 1.81 274 100 1.72296110726e-08 9.8733933941e-13 2.29078978009e-11 3.12873494885e-05 1.45244150502e-07 0.00318624277492 0.0933319330598
AMR_VOLUME_STAGE 1.81 274 3 40.526278369768562 -5.6674098705065017e-09
RUN 1.82 275 40.5262783698 0.428838166104
Q_RUN 1.82 275 40.526278369768562 -5.66740513663e-09 -0 0 1.66533453694e-16 6.3561352362e-18 14
Q_CUTCELL_CFL 1.82 275 0.011154812841 0.011154812841 0.12722616068 0 636
SHORE 1.82 275 45.96875 0.00340606869942 0.462827810182
Q_MOMENTUM 1.82 275 0.0167696715418 2.91328182027 2.72890477121 0.464521719321 0.459122180959 1.70794065599 0.00314947626405
AMR_VOLUME_STAGE 1.82 275 0 40.526278369768619 -5.6674084678753986e-09
AMR_VOLUME_STAGE 1.82 275 1 40.526278369768619 -5.6674084678753986e-09
Q_CLEANUP 1.82 275 0 -0
AMR_VOLUME_STAGE 1.82 275 2 40.526278369768619 -5.6674084678753986e-09
WARNING: convergence for p not reached after 100 iterations
  res: 1.00445e-07 sum: 0.0412553 nrelax: 6
POSTADAPT_REPROJECT 1.82 275 100 1.00444578978e-07 5.04232442389e-12 1.85466753067e-10 2.13977060198e-05 3.58719692779e-07 0.00318238277327 0.0931961545313
AMR_VOLUME_STAGE 1.82 275 3 40.526278369768619 -5.6674084678753986e-09
Q_MOMENTUM 1.83 276 0.0157575831651 2.89329499835 2.78214152833 0.464818853871 0.459403059667 1.68483973813 0.00322234723899
AMR_VOLUME_STAGE 1.83 276 0 40.526278369768768 -5.6674047859687524e-09
AMR_VOLUME_STAGE 1.83 276 1 40.526278369768768 -5.6674047859687524e-09
Q_CLEANUP 1.83 276 0 -0
AMR_VOLUME_STAGE 1.83 276 2 40.526278369768768 -5.6674047859687524e-09
WARNING: convergence for p not reached after 100 iterations
  res: 1.23676e-07 sum: -7.18255e-08 nrelax: 6
POSTADAPT_REPROJECT 1.83 276 100 1.23675909726e-07 7.3841396826e-12 3.10552472627e-10 3.26145842426e-05 1.80074437868e-07 0.00313240433503 0.0936954816576
AMR_VOLUME_STAGE 1.83 276 3 40.526278369768768 -5.6674047859687524e-09
RUN 1.84 277 40.5262783698 0.428252641707
Q_RUN 1.84 277 40.526278369768768 -5.66740005209e-09 -0 0 1.66533453694e-16 9.81202966099e-18 18
Q_CUTCELL_CFL 1.84 277 0.0105891633101 0.0105891633101 0.121432448687 0 635
SHORE 1.84 277 45.96875 0.00335145478621 0.465295754781
Q_MOMENTUM 1.84 277 0.0225393230406 2.90008784157 2.70750636661 0.465189085112 0.459660501148 1.7062093337 0.00315781490481
AMR_VOLUME_STAGE 1.84 277 0 40.526278369768342 -5.6674153057020269e-09
AMR_VOLUME_STAGE 1.84 277 1 40.526278369768342 -5.6674153057020269e-09
Q_CLEANUP 1.84 277 0 -0
AMR_VOLUME_STAGE 1.84 277 2 40.526278369768342 -5.6674153057020269e-09
POSTADAPT_REPROJECT 1.84 277 58 9.07356692622e-09 1.21332852263e-12 4.69997374353e-11 3.17480721795e-05 9.76932898179e-07 0.00316363974929 0.0926338320158
AMR_VOLUME_STAGE 1.84 277 3 40.526278369768342 -5.6674153057020269e-09
Q_MOMENTUM 1.85 278 0.0205282332339 3.21746608499 2.93279361495 0.465561216025 0.459964065177 1.77335217558 0.00336930359617
AMR_VOLUME_STAGE 1.85 278 0 40.526278369768384 -5.6674142537286995e-09
AMR_VOLUME_STAGE 1.85 278 1 40.526278369768384 -5.6674142537286995e-09
Q_CLEANUP 1.85 278 0 -0
AMR_VOLUME_STAGE 1.85 278 2 40.526278369768384 -5.6674142537286995e-09
POSTADAPT_REPROJECT 1.85 278 27 9.68301646341e-09 5.1700462436e-12 2.91295876309e-11 3.58960021392e-05 1.45443057634e-07 0.00317057843757 0.0925165073119
AMR_VOLUME_STAGE 1.85 278 3 40.526278369768384 -5.6674142537286995e-09
RUN 1.86 279 40.5262783698 0.430717398017
Q_RUN 1.86 279 40.526278369768384 -5.66740951985e-09 -0 0 1.66533453694e-16 1.01173850385e-17 17
Q_CUTCELL_CFL 1.86 279 0.0100633414033 0.0100633414033 0.116008862557 0 635
SHORE 1.86 279 45.96875 0.00334426342562 0.467125892373
Q_MOMENTUM 1.86 279 0.0113880447182 3.16903438931 3.13940042535 0.46400748993 0.460239887927 1.82652016241 0.00363264572486
AMR_VOLUME_STAGE 1.86 279 0 40.526278369768775 -5.6674046106398649e-09
AMR_VOLUME_STAGE 1.86 279 1 40.526278369768775 -5.6674046106398649e-09
Q_CLEANUP 1.86 279 0 -0
AMR_VOLUME_STAGE 1.86 279 2 40.526278369768775 -5.6674046106398649e-09
POSTADAPT_REPROJECT 1.86 279 39 6.12296865203e-09 4.43548247929e-12 1.0174439069e-10 3.10660226894e-05 9.10133958554e-08 0.00312562068145 0.0925041751863
AMR_VOLUME_STAGE 1.86 279 3 40.526278369768775 -5.6674046106398649e-09
Q_MOMENTUM 1.86666666667 280 0.0144736512329 3.15910967668 3.04427203041 0.464200517415 0.460436775884 1.82478500583 0.003541031898
AMR_VOLUME_STAGE 1.86666666667 280 0 40.526278369768988 -5.6673993507732281e-09
AMR_VOLUME_STAGE 1.86666666667 280 1 40.526278369768988 -5.6673993507732281e-09
Q_CLEANUP 1.86666666667 280 0 -0
AMR_VOLUME_STAGE 1.86666666667 280 2 40.526278369768988 -5.6673993507732281e-09
POSTADAPT_REPROJECT 1.86666666667 280 99 9.47478508772e-09 1.09464051421e-12 3.68913788407e-11 3.18511596128e-05 8.72465110452e-08 0.00314649731269 0.0925105566622
AMR_VOLUME_STAGE 1.86666666667 280 3 40.526278369768988 -5.6673993507732281e-09
Q_MOMENTUM 1.87333333333 281 0.012636675196 3.26510372778 2.89920885895 0.464228380517 0.460540280053 1.81228286087 0.00339367615085
AMR_VOLUME_STAGE 1.87333333333 281 0 40.526278369768981 -5.6673995261021155e-09
AMR_VOLUME_STAGE 1.87333333333 281 1 40.526278369768981 -5.6673995261021155e-09
Q_CLEANUP 1.87333333333 281 0 -0
AMR_VOLUME_STAGE 1.87333333333 281 2 40.526278369768981 -5.6673995261021155e-09
WARNING: convergence for p not reached after 100 iterations
  res: 4.18613e-07 sum: -0.0305314 nrelax: 11
POSTADAPT_REPROJECT 1.87333333333 281 100 4.18613442877e-07 2.13122054056e-11 4.90770979411e-10 3.09695961246e-05 1.16633450197e-07 0.003149151529 0.092474224687
AMR_VOLUME_STAGE 1.87333333333 281 3 40.526278369768981 -5.6673995261021155e-09
RUN 1.88 282 40.5262783698 0.429617277673
Q_RUN 1.88 282 40.526278369768981 -5.66739479222e-09 -0 0 1.66533453694e-16 7.20994444703e-18 13
Q_CUTCELL_CFL 1.88 282 0.00984857388274 0.00984857388274 0.114487752796 0 636
SHORE 1.88 282 45.96875 0.00317698525225 0.468559710834
Q_MOMENTUM 1.88 282 0.027654314164 3.00388338807 2.65895423562 0.466294061842 0.460594919572 1.80551508657 0.00304049972761
AMR_VOLUME_STAGE 1.88 282 0 40.526278369770225 -5.6673688435467328e-09
AMR_VOLUME_STAGE 1.88 282 1 40.526278369770225 -5.6673688435467328e-09
Q_CLEANUP 1.88 282 0 -0
AMR_VOLUME_STAGE 1.88 282 2 40.526278369770225 -5.6673688435467328e-09
WARNING: convergence for p not reached after 100 iterations
  res: 1.10414e-07 sum: 6.86819e-08 nrelax: 11
POSTADAPT_REPROJECT 1.88 282 100 1.10414117865e-07 5.90723992259e-12 1.51519685687e-10 3.1434799807e-05 1.03583503219e-07 0.00314683921687 0.0922936360009
AMR_VOLUME_STAGE 1.88 282 3 40.526278369770225 -5.6673688435467328e-09
Q_MOMENTUM 1.89 283 0.0092724896675 3.09313174411 3.07522449305 0.46358187021 0.460776113338 1.79093702642 0.00353114324382
AMR_VOLUME_STAGE 1.89 283 0 40.526278369770466 -5.6673628823645443e-09
AMR_VOLUME_STAGE 1.89 283 1 40.526278369770466 -5.6673628823645443e-09
Q_CLEANUP 1.89 283 0 -0
AMR_VOLUME_STAGE 1.89 283 2 40.526278369770466 -5.6673628823645443e-09
POSTADAPT_REPROJECT 1.89 283 53 7.04093545795e-09 1.04598312204e-12 2.04094519063e-11 2.70773403809e-05 1.32198591731e-07 0.00315404691768 0.0923222367427
AMR_VOLUME_STAGE 1.89 283 3 40.526278369770466 -5.6673628823645443e-09
Q_MOMENTUM 1.895 284 0.01085073732 3.3107804998 3.10220562367 0.463689307743 0.460766554783 1.78137312351 0.00358601000413
AMR_VOLUME_STAGE 1.895 284 0 40.526278369770381 -5.6673649863111991e-09
AMR_VOLUME_STAGE 1.895 284 1 40.526278369770381 -5.6673649863111991e-09
Q_CLEANUP 1.895 284 0 -0
AMR_VOLUME_STAGE 1.895 284 2 40.526278369770381 -5.6673649863111991e-09
POSTADAPT_REPROJECT 1.895 284 31 8.26421060586e-09 2.36092261899e-12 3.76081388254e-11 3.60337474145e-05 1.52744480628e-07 0.00313236039087 0.0923568733059
AMR_VOLUME_STAGE 1.895 284 3 40.526278369770381 -5.6673649863111991e-09
RUN 1.9 285 40.5262783698 0.428495232889
Q_RUN 1.9 285 40.526278369770381 -5.66736025243e-09 -0 0 1.66533453694e-16 8.13151629364e-18 13
Q_CUTCELL_CFL 1.9 285 0.00975586535824 0.00975586535824 0.114215398919 0 636
SHORE 1.9 285 45.96875 0.00316570367722 0.469878374806
Q_MOMENTUM 1.9 285 0.0125743197111 3.22931475978 2.91720883952 0.464637184942 0.46070873123 1.78387752562 0.00339612202483
AMR_VOLUME_STAGE 1.9 285 0 40.526278369770338 -5.6673660382845264e-09
AMR_VOLUME_STAGE 1.9 285 1 40.526278369770338 -5.6673660382845264e-09
Q_CLEANUP 1.9 285 0 -0
AMR_VOLUME_STAGE 1.9 285 2 40.526278369770338 -5.6673660382845264e-09
POSTADAPT_REPROJECT 1.9 285 24 6.98275916906e-09 3.37087339291e-12 5.71107605651e-11 3.34621325579e-05 2.20671961802e-07 0.00313465456647 0.0922525814314
AMR_VOLUME_STAGE 1.9 285 3 40.526278369770338 -5.6673660382845264e-09
Q_MOMENTUM 1.90666666667 286 0.0128494596955 2.989480594 2.73591754323 0.464770794011 0.460746188728 1.77256875359 0.0031948027049
AMR_VOLUME_STAGE 1.90666666667 286 0 40.526278369770125 -5.6673712981511641e-09
AMR_VOLUME_STAGE 1.90666666667 286 1 40.526278369770125 -5.6673712981511641e-09
Q_CLEANUP 1.90666666667 286 0 -0
AMR_VOLUME_STAGE 1.90666666667 286 2 40.526278369770125 -5.6673712981511641e-09
POSTADAPT_REPROJECT 1.90666666667 286 21 6.7831288766e-09 6.70755843739e-12 1.52935442088e-10 3.39377562576e-05 1.3351303425e-07 0.00313496755034 0.0922003534729
AMR_VOLUME_STAGE 1.90666666667 286 3 40.526278369770125 -5.6673712981511641e-09
Q_MOMENTUM 1.91333333333 287 0.0119013142571 2.78274138864 2.58443775261 0.464679638456 0.46082736359 1.76466775247 0.00302632810835
AMR_VOLUME_STAGE 1.91333333333 287 0 40.526278369770402 -5.6673644603245358e-09
AMR_VOLUME_STAGE 1.91333333333 287 1 40.526278369770402 -5.6673644603245358e-09
Q_CLEANUP 1.91333333333 287 0 -0
AMR_VOLUME_STAGE 1.91333333333 287 2 40.526278369770402 -5.6673644603245358e-09
POSTADAPT_REPROJECT 1.91333333333 287 20 6.85809789332e-09 5.87980558931e-12 1.39712241776e-10 3.59328615455e-05 1.63565858326e-07 0.00313745041306 0.0921085528398
AMR_VOLUME_STAGE 1.91333333333 287 3 40.526278369770402 -5.6673644603245358e-09
RUN 1.92 288 40.5262783698 0.429461468154
Q_RUN 1.92 288 40.526278369770402 -5.66735972644e-09 -0 0 1.66533453694e-16 1.04354459102e-17 17
Q_CUTCELL_CFL 1.92 288 0.0102918899653 0.0102918899653 0.121202320787 0 635
SHORE 1.92 288 45.96875 0.00323364382305 0.471136240213
Q_MOMENTUM 1.92 288 0.0257423825144 2.63954880269 2.50776046749 0.46661913958 0.460801854873 1.75409586154 0.00283343750085
AMR_VOLUME_STAGE 1.92 288 0 40.526278369769734 -5.6673809412399979e-09
AMR_VOLUME_STAGE 1.92 288 1 40.526278369769734 -5.6673809412399979e-09
Q_CLEANUP 1.92 288 0 -0
AMR_VOLUME_STAGE 1.92 288 2 40.526278369769734 -5.6673809412399979e-09
POSTADAPT_REPROJECT 1.92 288 25 9.81673453305e-09 1.38386163713e-12 2.50492959708e-11 2.39246111185e-05 7.3668412e-08 0.00316776676989 0.0918782841811
AMR_VOLUME_STAGE 1.92 288 3 40.526278369769734 -5.6673809412399979e-09
Q_MOMENTUM 1.93 289 0.0217947903647 2.83080562403 2.5542733158 0.467052536894 0.460792806548 1.83161064675 0.0029477976488
AMR_VOLUME_STAGE 1.93 289 0 40.526278369769763 -5.6673802399244463e-09
AMR_VOLUME_STAGE 1.93 289 1 40.526278369769763 -5.6673802399244463e-09
Q_CLEANUP 1.93 289 0 -0
AMR_VOLUME_STAGE 1.93 289 2 40.526278369769763 -5.6673802399244463e-09
POSTADAPT_REPROJECT 1.93 289 28 4.38523783041e-09 2.17114352726e-12 1.06688442802e-11 2.61399189618e-05 1.90140863772e-07 0.00316460770988 0.0905153099511
AMR_VOLUME_STAGE 1.93 289 3 40.526278369769763 -5.6673802399244463e-09
RUN 1.94 290 40.5262783698 0.429478372595
Q_RUN 1.94 290 40.526278369769763 -5.66737550604e-09 -0 0 1.66533453694e-16 9.02598308594e-18 17
Q_CUTCELL_CFL 1.94 290 0.0106156459536 0.0106156459536 0.125575581127 0 635
SHORE 1.94 290 45.96875 0.00327743312868 0.471342260392
Q_MOMENTUM 1.94 290 0.0183672808944 2.60590218426 2.37307521282 0.466780231687 0.460706260405 1.81070638021 0.00276487097317
AMR_VOLUME_STAGE 1.94 290 0 40.526278369769642 -5.6673832205155409e-09
AMR_VOLUME_STAGE 1.94 290 1 40.526278369769642 -5.6673832205155409e-09
Q_CLEANUP 1.94 290 0 -0
AMR_VOLUME_STAGE 1.94 290 2 40.526278369769642 -5.6673832205155409e-09
POSTADAPT_REPROJECT 1.94 290 36 7.04743453937e-09 4.39810194293e-12 2.1824203035e-11 3.49254129739e-05 9.42648788783e-08 0.00311971293409 0.0914369334725
AMR_VOLUME_STAGE 1.94 290 3 40.526278369769642 -5.6673832205155409e-09
Q_MOMENTUM 1.95 291 0.017021293614 2.44295706519 2.33531561364 0.466227570665 0.460626931106 1.73612188803 0.00267805283914
AMR_VOLUME_STAGE 1.95 291 0 40.526278369768939 -5.6674005780754429e-09
AMR_VOLUME_STAGE 1.95 291 1 40.526278369768939 -5.6674005780754429e-09
Q_CLEANUP 1.95 291 0 -0
AMR_VOLUME_STAGE 1.95 291 2 40.526278369768939 -5.6674005780754429e-09
POSTADAPT_REPROJECT 1.95 291 48 8.74169176952e-09 1.62644191312e-12 3.68070018908e-11 3.44816329294e-05 1.98108666045e-07 0.003109179761 0.0909996718693
AMR_VOLUME_STAGE 1.95 291 3 40.526278369768939 -5.6674005780754429e-09
RUN 1.96 292 40.5262783698 0.430455094167
Q_RUN 1.96 292 40.526278369768939 -5.6673958442e-09 -0 0 1.66533453694e-16 6.97616335359e-18 15
Q_CUTCELL_CFL 1.96 292 0.0111175444883 0.0111175444883 0.132146646391 0 636
SHORE 1.96 292 45.96875 0.00329211856248 0.472251054291
Q_MOMENTUM 1.96 292 0.0216690175367 2.36736104635 2.33403155076 0.466168180372 0.460624764302 1.90567323349 0.00270063803122
AMR_VOLUME_STAGE 1.96 292 0 40.526278369768946 -5.6674004027465554e-09
AMR_VOLUME_STAGE 1.96 292 1 40.526278369768946 -5.6674004027465554e-09
Q_CLEANUP 1.96 292 0 -0
AMR_VOLUME_STAGE 1.96 292 2 40.526278369768946 -5.6674004027465554e-09
POSTADAPT_REPROJECT 1.96 292 70 9.7757087206e-09 4.77979962527e-12 1.78369319315e-10 3.57266900761e-05 1.49251885832e-07 0.00310338517445 0.0906478539141
AMR_VOLUME_STAGE 1.96 292 3 40.526278369768946 -5.6674004027465554e-09
Q_MOMENTUM 1.97 293 0.0178514805536 2.41120304129 2.36057352474 0.466591502976 0.460615370616 1.82868240366 0.00272910787705
AMR_VOLUME_STAGE 1.97 293 0 40.526278369768818 -5.6674035586665375e-09
AMR_VOLUME_STAGE 1.97 293 1 40.526278369768818 -5.6674035586665375e-09
Q_CLEANUP 1.97 293 0 -0
AMR_VOLUME_STAGE 1.97 293 2 40.526278369768818 -5.6674035586665375e-09
WARNING: convergence for p not reached after 100 iterations
  res: 5.74439e-07 sum: -0.025883 nrelax: 8
POSTADAPT_REPROJECT 1.97 293 100 5.7443934183e-07 4.29882007911e-11 1.3746159766e-09 2.75461567788e-05 3.47879114193e-08 0.00314994570981 0.0902976495697
AMR_VOLUME_STAGE 1.97 293 3 40.526278369768818 -5.6674035586665375e-09
RUN 1.98 294 40.5262783698 0.429580529395
Q_RUN 1.98 294 40.526278369768818 -5.66739882479e-09 -0 0 1.66533453694e-16 5.76660030491e-18 14
Q_CUTCELL_CFL 1.98 294 0.0115371379802 0.0115371379802 0.137835961406 0 636
SHORE 1.98 294 45.96875 0.00320093819788 0.47246104707
Q_MOMENTUM 1.98 294 0.0179332475728 2.37573946419 2.38123466037 0.466592610738 0.46066695937 1.82169803637 0.00275189156879
AMR_VOLUME_STAGE 1.98 294 0 40.526278369766707 -5.6674556313462443e-09
AMR_VOLUME_STAGE 1.98 294 1 40.526278369766707 -5.6674556313462443e-09
Q_CLEANUP 1.98 294 0 -0
AMR_VOLUME_STAGE 1.98 294 2 40.526278369766707 -5.6674556313462443e-09
WARNING: convergence for p not reached after 100 iterations
  res: 2.0326e-07 sum: -0.00212975 nrelax: 8
POSTADAPT_REPROJECT 1.98 294 100 2.03260340316e-07 1.51950535748e-11 4.56825688389e-10 3.06692209643e-05 1.57074965885e-07 0.00311110116864 0.0899873900697
AMR_VOLUME_STAGE 1.98 294 3 40.526278369766707 -5.6674556313462443e-09
Q_MOMENTUM 1.99 295 0.0344861410956 2.39279116209 2.35127402393 0.466669145797 0.460680342103 1.9490231911 0.00271591927514
AMR_VOLUME_STAGE 1.99 295 0 40.526278369765905 -5.6674754435105768e-09
AMR_VOLUME_STAGE 1.99 295 1 40.526278369765905 -5.6674754435105768e-09
Q_CLEANUP 1.99 295 0 -0
AMR_VOLUME_STAGE 1.99 295 2 40.526278369765905 -5.6674754435105768e-09
POSTADAPT_REPROJECT 1.99 295 40 7.76946858726e-09 2.84659212765e-12 8.92672602504e-11 2.1125308692e-05 1.55950693745e-07 0.00310403834546 0.0896789890549
AMR_VOLUME_STAGE 1.99 295 3 40.526278369765905 -5.6674754435105768e-09
RUN 2 296 40.5262783698 0.429845497345
Q_RUN 2 296 40.526278369765905 -5.66747070963e-09 -0 0 1.66533453694e-16 9.29703362906e-18 15
Q_CUTCELL_CFL 2 296 0.0118755593021 0.0118755593021 0.142640459432 0 636
SHORE 2 296 45.96875 0.00320270675054 0.472766004931
Q_MOMENTUM 2 296 0.0201443164479 2.38473439124 2.31919782716 0.466966996836 0.460663089028 1.86432531847 0.0026808365287
AMR_VOLUME_STAGE 2 296 0 40.526278369766104 -5.6674705343017157e-09
AMR_VOLUME_STAGE 2 296 1 40.526278369766104 -5.6674705343017157e-09
Q_CLEANUP 2 296 0 -0
AMR_VOLUME_STAGE 2 296 2 40.526278369766104 -5.6674705343017157e-09
POSTADAPT_REPROJECT 2 296 27 8.98153509628e-09 8.9885083156e-12 2.41529463096e-10 2.75257626523e-05 1.24744934351e-07 0.00308486550018 0.0893721519853
AMR_VOLUME_STAGE 2 296 3 40.526278369766104 -5.6674705343017157e-09
Q_MOMENTUM 2.01 297 0.0169473561689 2.3702846665 2.31553235165 0.466554433148 0.460636710911 1.80300533337 0.00267082679934
AMR_VOLUME_STAGE 2.01 297 0 40.526278369766501 -5.6674607158839928e-09
AMR_VOLUME_STAGE 2.01 297 1 40.526278369766501 -5.6674607158839928e-09
Q_CLEANUP 2.01 297 0 -0
AMR_VOLUME_STAGE 2.01 297 2 40.526278369766501 -5.6674607158839928e-09
POSTADAPT_REPROJECT 2.01 297 30 6.46734186672e-09 3.73901704377e-12 1.26498367337e-10 2.38795876181e-05 1.77849964029e-07 0.00308006797684 0.0890679713938
AMR_VOLUME_STAGE 2.01 297 3 40.526278369766501 -5.6674607158839928e-09
RUN 2.02 298 40.5262783698 0.43016018545
Q_RUN 2.02 298 40.526278369766501 -5.667455982e-09 -0 0 1.66533453694e-16 9.26992857475e-18 16
Q_CUTCELL_CFL 2.02 298 0.0121977173089 0.0121977173089 0.147306614443 0 635
SHORE 2.02 298 45.96875 0.00319815157279 0.472345964555
Q_MOMENTUM 2.02 298 0.0372271552868 2.35688103597 2.35474331971 0.466800691443 0.460799525499 1.88431622755 0.00271273396193
AMR_VOLUME_STAGE 2.02 298 0 40.52627836976653 -5.6674600145684412e-09
AMR_VOLUME_STAGE 2.02 298 1 40.52627836976653 -5.6674600145684412e-09
Q_CLEANUP 2.02 298 0 -0
AMR_VOLUME_STAGE 2.02 298 2 40.52627836976653 -5.6674600145684412e-09
POSTADAPT_REPROJECT 2.02 298 91 8.04241915468e-09 1.46222170784e-12 6.80762113348e-11 3.55382428879e-05 1.5796140141e-07 0.00302751477078 0.088801087831
AMR_VOLUME_STAGE 2.02 298 3 40.52627836976653 -5.6674600145684412e-09
Q_MOMENTUM 2.03 299 0.0214147280156 2.58744162548 2.36917850282 0.467751550161 0.460865715543 1.91122373644 0.00276547280342
AMR_VOLUME_STAGE 2.03 299 0 40.526278369766629 -5.6674575599640107e-09
AMR_VOLUME_STAGE 2.03 299 1 40.526278369766629 -5.6674575599640107e-09
Q_CLEANUP 2.03 299 0 -0
AMR_VOLUME_STAGE 2.03 299 2 40.526278369766629 -5.6674575599640107e-09
WARNING: convergence for p not reached after 100 iterations
  res: 3.85588e-07 sum: -0.0334802 nrelax: 6
POSTADAPT_REPROJECT 2.03 299 100 3.85588206789e-07 3.43552587632e-11 1.11042108841e-09 2.92851591947e-05 1.19014145809e-07 0.00307089372823 0.0884990445156
AMR_VOLUME_STAGE 2.03 299 3 40.526278369766629 -5.6674575599640107e-09
RUN 2.04 300 40.5262783698 0.429378995465
Q_RUN 2.04 300 40.526278369766629 -5.66745282608e-09 -0 0 1.66533453694e-16 6.93211764033e-18 12
Q_CUTCELL_CFL 2.04 300 0.0117584990836 0.0117584990836 0.142769449048 0 634
SHORE 2.04 300 45.96875 0.00319122198493 0.471639811424
Q_MOMENTUM 2.04 300 0.0195670943235 2.57894790781 2.46377700999 0.467622801265 0.460945148564 1.86307768095 0.00287616579974
AMR_VOLUME_STAGE 2.04 300 0 40.526278369768193 -5.6674189876086731e-09
AMR_VOLUME_STAGE 2.04 300 1 40.526278369768193 -5.6674189876086731e-09
Q_CLEANUP 2.04 300 0 -0
AMR_VOLUME_STAGE 2.04 300 2 40.526278369768193 -5.6674189876086731e-09
POSTADAPT_REPROJECT 2.04 300 77 9.24949988107e-09 1.35113309146e-12 3.79234421644e-11 3.11722501663e-05 1.25238462066e-07 0.00302787045522 0.0882247884579
AMR_VOLUME_STAGE 2.04 300 3 40.526278369768193 -5.6674189876086731e-09
Q_MOMENTUM 2.05 301 0.0194616939444 2.57487363087 2.39231682096 0.467460999068 0.461120607657 1.82776448664 0.00280746848272
AMR_VOLUME_STAGE 2.05 301 0 40.526278369768328 -5.6674156563598027e-09
AMR_VOLUME_STAGE 2.05 301 1 40.526278369768328 -5.6674156563598027e-09
Q_CLEANUP 2.05 301 0 -0
AMR_VOLUME_STAGE 2.05 301 2 40.526278369768328 -5.6674156563598027e-09
POSTADAPT_REPROJECT 2.05 301 41 9.51221095792e-09 7.88446858307e-12 2.32766694808e-10 2.56887154994e-05 2.07157486114e-07 0.00304744307106 0.0879132407836
AMR_VOLUME_STAGE 2.05 301 3 40.526278369768328 -5.6674156563598027e-09
RUN 2.06 302 40.5262783698 0.430418042031
Q_RUN 2.06 302 40.526278369768328 -5.66741092248e-09 -0 0 1.66533453694e-16 1.08419687853e-17 19
Q_CUTCELL_CFL 2.06 302 0.0118778575893 0.0118778575893 0.144971860633 0 634
SHORE 2.06 302 45.96875 0.00317831377813 0.470887211955
Q_MOMENTUM 2.06 302 0.0232732540698 2.67120277183 2.41859398824 0.468741082554 0.461266536008 1.83234014411 0.00284344581133
AMR_VOLUME_STAGE 2.06 302 0 40.526278369768626 -5.6674082925465111e-09
AMR_VOLUME_STAGE 2.06 302 1 40.526278369768626 -5.6674082925465111e-09
Q_CLEANUP 2.06 302 0 -0
AMR_VOLUME_STAGE 2.06 302 2 40.526278369768626 -5.6674082925465111e-09
POSTADAPT_REPROJECT 2.06 302 37 9.89033591104e-09 1.04397315497e-11 3.38356009877e-10 3.48386533877e-05 1.07225862233e-07 0.00303965701036 0.0876295096366
AMR_VOLUME_STAGE 2.06 302 3 40.526278369768626 -5.6674082925465111e-09
Q_MOMENTUM 2.07 303 0.0185127300261 2.624221201 2.56627345589 0.468103470064 0.461410428138 1.90417769245 0.0029733875045
AMR_VOLUME_STAGE 2.07 303 0 40.526278369769287 -5.6673919869599357e-09
AMR_VOLUME_STAGE 2.07 303 1 40.526278369769287 -5.6673919869599357e-09
Q_CLEANUP 2.07 303 0 -0
AMR_VOLUME_STAGE 2.07 303 2 40.526278369769287 -5.6673919869599357e-09
POSTADAPT_REPROJECT 2.07 303 54 8.4959700527e-09 4.12176726481e-12 2.62660119349e-11 2.99883561632e-05 1.97197824189e-07 0.00305662740188 0.0873105953968
AMR_VOLUME_STAGE 2.07 303 3 40.526278369769287 -5.6673919869599357e-09
RUN 2.08 304 40.5262783698 0.429605181273
Q_RUN 2.08 304 40.526278369769287 -5.66738725308e-09 -0 0 1.66533453694e-16 8.4212015616e-18 13
Q_CUTCELL_CFL 2.08 304 0.0116459071357 0.0116459071357 0.142827499597 0 635
SHORE 2.08 304 45.96875 0.00318935681739 0.469794967195
Q_MOMENTUM 2.08 304 0.0207843449901 2.74234549291 2.52315002019 0.469020221202 0.46162649799 1.8213227117 0.00294656865571
AMR_VOLUME_STAGE 2.08 304 0 40.526278369768853 -5.6674026820220976e-09
AMR_VOLUME_STAGE 2.08 304 1 40.526278369768853 -5.6674026820220976e-09
Q_CLEANUP 2.08 304 0 -0
AMR_VOLUME_STAGE 2.08 304 2 40.526278369768853 -5.6674026820220976e-09
POSTADAPT_REPROJECT 2.08 304 54 8.45437883612e-09 4.09520300034e-12 2.61154240594e-11 3.68218084678e-05 1.17160309639e-07 0.00304501126744 0.0870194068535
AMR_VOLUME_STAGE 2.08 304 3 40.526278369768853 -5.6674026820220976e-09
Q_MOMENTUM 2.09 305 0.0240041236223 2.57535867584 2.38050216594 0.468801360154 0.461744993384 1.82367881972 0.0027902387805
AMR_VOLUME_STAGE 2.09 305 0 40.526278369768285 -5.66741670833313e-09
AMR_VOLUME_STAGE 2.09 305 1 40.526278369768285 -5.66741670833313e-09
Q_CLEANUP 2.09 305 0 -0
AMR_VOLUME_STAGE 2.09 305 2 40.526278369768285 -5.66741670833313e-09
POSTADAPT_REPROJECT 2.09 305 54 8.63293922481e-09 4.19629128238e-12 2.68852509699e-11 3.30180950191e-05 5.83823518818e-07 0.00305555369227 0.0866935813989
AMR_VOLUME_STAGE 2.09 305 3 40.526278369768285 -5.66741670833313e-09
RUN 2.1 306 40.5262783698 0.431324839407
Q_RUN 2.1 306 40.526278369768285 -5.66741197445e-09 -0 0 1.66533453694e-16 9.36818439663e-18 14
Q_CUTCELL_CFL 2.1 306 0.0117735907584 0.0117735907584 0.145074715815 0 633
SHORE 2.1 306 45.96875 0.00318908762164 0.468554133644
Q_MOMENTUM 2.1 306 0.0204313697404 2.63726237984 2.4301563907 0.469325686633 0.461917708269 1.90512913208 0.00277197306287
AMR_VOLUME_STAGE 2.1 306 0 40.526278369767638 -5.6674326632619288e-09
AMR_VOLUME_STAGE 2.1 306 1 40.526278369767638 -5.6674326632619288e-09
Q_CLEANUP 2.1 306 0 -0
AMR_VOLUME_STAGE 2.1 306 2 40.526278369767638 -5.6674326632619288e-09
POSTADAPT_REPROJECT 2.1 306 54 8.65501448657e-09 4.18858902797e-12 2.65067273686e-11 3.84345306941e-05 1.46611114722e-07 0.00304464644263 0.0863988487154
AMR_VOLUME_STAGE 2.1 306 3 40.526278369767638 -5.6674326632619288e-09
Q_MOMENTUM 2.11 307 0.0213876612756 2.62809691804 2.46574307994 0.469873530101 0.462108401365 1.89255764443 0.00285776702874
AMR_VOLUME_STAGE 2.11 307 0 40.526278369767113 -5.6674456375996339e-09
AMR_VOLUME_STAGE 2.11 307 1 40.526278369767113 -5.6674456375996339e-09
Q_CLEANUP 2.11 307 0 -0
AMR_VOLUME_STAGE 2.11 307 2 40.526278369767113 -5.6674456375996339e-09
WARNING: convergence for p not reached after 100 iterations
  res: 1.91332e-07 sum: 0.0225489 nrelax: 3
POSTADAPT_REPROJECT 2.11 307 100 1.91331790373e-07 2.14031022474e-11 8.14825540374e-10 3.69197158229e-05 6.29032048817e-07 0.00304062107554 0.086070744658
AMR_VOLUME_STAGE 2.11 307 3 40.526278369767113 -5.6674456375996339e-09
RUN 2.12 308 40.5262783698 0.43077858697
Q_RUN 2.12 308 40.526278369767113 -5.66744090372e-09 -0 0 1.66533453694e-16 1.01915004214e-17 14
Q_CUTCELL_CFL 2.12 308 0.0118038356637 0.0118038356637 0.146064034073 0 633
SHORE 2.12 308 45.96875 0.00318629861409 0.467227445602
Q_MOMENTUM 2.12 308 0.0212761436299 2.52614350137 2.36778226226 0.470005886327 0.462316667089 1.77172941732 0.00275659849648
AMR_VOLUME_STAGE 2.12 308 0 40.526278369766288 -5.6674659757506305e-09
AMR_VOLUME_STAGE 2.12 308 1 40.526278369766288 -5.6674659757506305e-09
Q_CLEANUP 2.12 308 0 -0
AMR_VOLUME_STAGE 2.12 308 2 40.526278369766288 -5.6674659757506305e-09
WARNING: convergence for p not reached after 100 iterations
  res: 1.10736e-07 sum: -4.19585e-08 nrelax: 7
POSTADAPT_REPROJECT 2.12 308 100 1.10736048728e-07 7.92889187677e-12 2.6458746305e-10 4.64033014211e-05 9.02117018607e-08 0.00300631657936 0.085773470725
AMR_VOLUME_STAGE 2.12 308 3 40.526278369766288 -5.6674659757506305e-09
Q_MOMENTUM 2.13 309 0.02474907924 2.49834294513 2.33988981841 0.469778257525 0.462468080441 2.03073516616 0.00260363825948
AMR_VOLUME_STAGE 2.13 309 0 40.526278369765826 -5.667477372128344e-09
AMR_VOLUME_STAGE 2.13 309 1 40.526278369765826 -5.667477372128344e-09
Q_CLEANUP 2.13 309 0 -0
AMR_VOLUME_STAGE 2.13 309 2 40.526278369765826 -5.667477372128344e-09
POSTADAPT_REPROJECT 2.13 309 91 8.68487650361e-09 3.78639919601e-13 1.47695189412e-11 4.14514681106e-05 1.77236128232e-07 0.00298193606402 0.0864464314052
AMR_VOLUME_STAGE 2.13 309 3 40.526278369765826 -5.667477372128344e-09
RUN 2.14 310 40.5262783698 0.43200605981
Q_RUN 2.14 310 40.526278369765826 -5.66747263825e-09 -0 0 1.66533453694e-16 1.15535294005e-17 17
Q_CUTCELL_CFL 2.14 310 0.0120308060791 0.0120308060791 0.149457957947 0 633
SHORE 2.14 310 45.96875 0.00313954104368 0.465885157786
Q_MOMENTUM 2.14 310 0.0225182977792 2.51668220852 2.38660246466 0.470780854914 0.462565816813 1.94224158763 0.00263297588544
AMR_VOLUME_STAGE 2.14 310 0 40.526278369765869 -5.6674763201550166e-09
AMR_VOLUME_STAGE 2.14 310 1 40.526278369765869 -5.6674763201550166e-09
Q_CLEANUP 2.14 310 0 -0
AMR_VOLUME_STAGE 2.14 310 2 40.526278369765869 -5.6674763201550166e-09
POSTADAPT_REPROJECT 2.14 310 95 8.7722459399e-09 3.32140101756e-13 1.3983925129e-11 4.81314280078e-05 1.65671469845e-07 0.00297069832761 0.0849103914547
AMR_VOLUME_STAGE 2.14 310 3 40.526278369765869 -5.6674763201550166e-09
Q_MOMENTUM 2.15 311 0.0202917307562 2.39449958471 2.3680221193 0.470210722577 0.462653082435 1.84836648737 0.00260013445771
AMR_VOLUME_STAGE 2.15 311 0 40.526278369765798 -5.6674780734438956e-09
AMR_VOLUME_STAGE 2.15 311 1 40.526278369765798 -5.6674780734438956e-09
Q_CLEANUP 2.15 311 0 -0
AMR_VOLUME_STAGE 2.15 311 2 40.526278369765798 -5.6674780734438956e-09
WARNING: convergence for p not reached after 100 iterations
  res: 6.34922e-07 sum: -0.0330284 nrelax: 4
POSTADAPT_REPROJECT 2.15 311 100 6.34922468823e-07 2.1337965124e-11 8.91709817097e-10 4.79896318328e-05 1.54106822203e-07 0.00296805412151 0.0846407722581
AMR_VOLUME_STAGE 2.15 311 3 40.526278369765798 -5.6674780734438956e-09
RUN 2.16 312 40.5262783698 0.430373246763
Q_RUN 2.16 312 40.526278369765798 -5.66747333956e-09 -0 0 1.66533453694e-16 5.77549415085e-18 10
Q_CUTCELL_CFL 2.16 312 0.0121809962384 0.0121809962384 0.151902835493 0 633
SHORE 2.16 312 45.96875 0.00315064170983 0.46450800121
Q_MOMENTUM 2.16 312 0.0234807199134 2.4759773092 2.42998871943 0.470634972097 0.462809116567 2.10812535278 0.00262524264695
AMR_VOLUME_STAGE 2.16 312 0 40.526278369764832 -5.6675019181726501e-09
AMR_VOLUME_STAGE 2.16 312 1 40.526278369764832 -5.6675019181726501e-09
Q_CLEANUP 2.16 312 0 -0
AMR_VOLUME_STAGE 2.16 312 2 40.526278369764832 -5.6675019181726501e-09
WARNING: convergence for p not reached after 100 iterations
  res: 2.75028e-07 sum: 0.000913162 nrelax: 4
POSTADAPT_REPROJECT 2.16 312 100 2.75027971464e-07 1.0914094278e-11 4.38833414051e-10 4.99664992613e-05 1.64974491979e-07 0.00296238006556 0.0843911914798
AMR_VOLUME_STAGE 2.16 312 3 40.526278369764832 -5.6675019181726501e-09
Q_MOMENTUM 2.17 313 0.0227070079384 2.59083769103 2.37561567433 0.47106794848 0.462916138644 2.0159914169 0.0026451060787
AMR_VOLUME_STAGE 2.17 313 0 40.526278369764313 -5.6675147171814668e-09
AMR_VOLUME_STAGE 2.17 313 1 40.526278369764313 -5.6675147171814668e-09
Q_CLEANUP 2.17 313 0 -0
AMR_VOLUME_STAGE 2.17 313 2 40.526278369764313 -5.6675147171814668e-09
WARNING: convergence for p not reached after 100 iterations
  res: 3.8593e-07 sum: 0.0117451 nrelax: 6
POSTADAPT_REPROJECT 2.17 313 100 3.8593039156e-07 1.39862322537e-11 4.6506976048e-10 3.88942248208e-05 1.08193301494e-07 0.00289425551039 0.0842432011064
AMR_VOLUME_STAGE 2.17 313 3 40.526278369764313 -5.6675147171814668e-09
RUN 2.18 314 40.5262783698 0.429204242607
Q_RUN 2.18 314 40.526278369764313 -5.6675099833e-09 -0 0 1.66533453694e-16 9.08358132636e-18 15
Q_CUTCELL_CFL 2.18 314 0.0123432161545 0.0123432161545 0.154459469168 0 633
SHORE 2.18 314 45.96875 0.00313912245907 0.463513650846
Q_MOMENTUM 2.18 314 0.0220671127995 2.45034122033 2.43055186341 0.470872371578 0.463051943365 1.90553301575 0.00265801094093
AMR_VOLUME_STAGE 2.18 314 0 40.526278369763382 -5.6675376852657814e-09
AMR_VOLUME_STAGE 2.18 314 1 40.526278369763382 -5.6675376852657814e-09
Q_CLEANUP 2.18 314 0 -0
AMR_VOLUME_STAGE 2.18 314 2 40.526278369763382 -5.6675376852657814e-09
WARNING: convergence for p not reached after 100 iterations
  res: 2.92719e-06 sum: 1.77071e-08 nrelax: 7
POSTADAPT_REPROJECT 2.18 314 100 2.92718703092e-06 9.88073544508e-11 3.85773546441e-09 3.72724250156e-05 1.98757775614e-07 0.00277381253826 0.0725554014534
AMR_VOLUME_STAGE 2.18 314 3 40.526278369763382 -5.6675376852657814e-09
Q_MOMENTUM 2.19 315 0.0222184648594 2.51535649782 2.44881632997 0.470662696373 0.463242548073 2.15849936161 0.00264903226562
AMR_VOLUME_STAGE 2.19 315 0 40.526278369758039 -5.667669532589483e-09
AMR_VOLUME_STAGE 2.19 315 1 40.526278369758039 -5.667669532589483e-09
Q_CLEANUP 2.19 315 0 -0
AMR_VOLUME_STAGE 2.19 315 2 40.526278369758039 -5.667669532589483e-09
WARNING: convergence for p not reached after 100 iterations
  res: 3.00623e-06 sum: -0.00166052 nrelax: 7
POSTADAPT_REPROJECT 2.19 315 100 3.00623343867e-06 1.12381456576e-10 3.7959591026e-09 3.8359873243e-05 1.96589598975e-07 0.00285289871933 0.0776183104426
AMR_VOLUME_STAGE 2.19 315 3 40.526278369758039 -5.667669532589483e-09
RUN 2.2 316 40.5262783698 0.429402273278
Q_RUN 2.2 316 40.526278369758039 -5.66766479871e-09 -0 0 1.66533453694e-16 1.04354724058e-17 16
Q_CUTCELL_CFL 2.2 316 0.0124792959913 0.0124792959913 0.156718688906 0 633
SHORE 2.2 316 45.96875 0.00313189374957 0.462544760519
Q_MOMENTUM 2.2 316 0.0223980775966 2.59818396841 2.41965914753 0.471515518589 0.463414402489 2.0195743447 0.0026426428439
AMR_VOLUME_STAGE 2.2 316 0 40.526278369752092 -5.6678162828686561e-09
AMR_VOLUME_STAGE 2.2 316 1 40.526278369752092 -5.6678162828686561e-09
Q_CLEANUP 2.2 316 0 -0
AMR_VOLUME_STAGE 2.2 316 2 40.526278369752092 -5.6678162828686561e-09
POSTADAPT_REPROJECT 2.2 316 68 8.01503055079e-09 6.46740724765e-13 2.04529726489e-11 3.83165668188e-05 1.5373752829e-07 0.00285218298887 0.0791871974121
AMR_VOLUME_STAGE 2.2 316 3 40.526278369752092 -5.6678162828686561e-09
Q_MOMENTUM 2.21 317 0.0206414673365 2.48580200005 2.59742514066 0.470834256553 0.463487808253 1.95550034375 0.00268353058013
AMR_VOLUME_STAGE 2.21 317 0 40.526278369751999 -5.6678185621441992e-09
AMR_VOLUME_STAGE 2.21 317 1 40.526278369751999 -5.6678185621441992e-09
Q_CLEANUP 2.21 317 0 -0
AMR_VOLUME_STAGE 2.21 317 2 40.526278369751999 -5.6678185621441992e-09
POSTADAPT_REPROJECT 2.21 317 34 5.57329028404e-09 7.34871340678e-13 1.92850180269e-11 3.65355125368e-05 1.70545060405e-07 0.00284238906486 0.0791647633618
AMR_VOLUME_STAGE 2.21 317 3 40.526278369751999 -5.6678185621441992e-09
RUN 2.22 318 40.5262783698 0.431518046484
Q_RUN 2.22 318 40.526278369751999 -5.66781382826e-09 -0 0 1.66533453694e-16 9.86623976962e-18 16
Q_CUTCELL_CFL 2.22 318 0.0126340566142 0.0126340566142 0.159225796787 0 634
SHORE 2.22 318 45.96875 0.00312777214866 0.461728439218
Q_MOMENTUM 2.22 318 0.0224447822778 2.64459407315 2.48765010963 0.471563275407 0.463624360847 2.12934863373 0.00271285046599
AMR_VOLUME_STAGE 2.22 318 0 40.526278369752035 -5.6678176854997593e-09
AMR_VOLUME_STAGE 2.22 318 1 40.526278369752035 -5.6678176854997593e-09
Q_CLEANUP 2.22 318 0 -0
AMR_VOLUME_STAGE 2.22 318 2 40.526278369752035 -5.6678176854997593e-09
POSTADAPT_REPROJECT 2.22 318 40 7.56067723524e-09 4.01721949695e-12 1.14301457188e-10 3.41239650303e-05 1.13581023441e-07 0.00283504061641 0.079159419154
AMR_VOLUME_STAGE 2.22 318 3 40.526278369752035 -5.6678176854997593e-09
Q_MOMENTUM 2.23 319 0.0228225140589 2.5972032011 2.43342926136 0.471734141031 0.463668313408 2.05451705963 0.00272178307765
AMR_VOLUME_STAGE 2.23 319 0 40.526278369752355 -5.6678097956998036e-09
AMR_VOLUME_STAGE 2.23 319 1 40.526278369752355 -5.6678097956998036e-09
Q_CLEANUP 2.23 319 0 -0
AMR_VOLUME_STAGE 2.23 319 2 40.526278369752355 -5.6678097956998036e-09
WARNING: convergence for p not reached after 100 iterations
  res: 5.02943e-08 sum: -0.0274046 nrelax: 13
POSTADAPT_REPROJECT 2.23 319 100 5.02942616484e-08 2.94029182303e-12 6.28439522643e-11 4.46272107357e-05 2.02377387563e-07 0.00282960156466 0.0791043809752
AMR_VOLUME_STAGE 2.23 319 3 40.526278369752355 -5.6678097956998036e-09
RUN 2.24 320 40.5262783698 0.428978409918
Q_RUN 2.24 320 40.526278369752355 -5.66780506182e-09 -0 0 1.66533453694e-16 1.11943874309e-17 16
Q_CUTCELL_CFL 2.24 320 0.0127224911996 0.0127224911996 0.160833632008 0 632
SHORE 2.24 320 45.96875 0.0031451186921 0.460710845122
Q_MOMENTUM 2.24 320 0.0248720181863 2.49955786324 2.61840039579 0.471654139548 0.463786210807 2.02841913993 0.00272626650547
AMR_VOLUME_STAGE 2.24 320 0 40.526278369752021 -5.6678180361575351e-09
AMR_VOLUME_STAGE 2.24 320 1 40.526278369752021 -5.6678180361575351e-09
Q_CLEANUP 2.24 320 0 -0
AMR_VOLUME_STAGE 2.24 320 2 40.526278369752021 -5.6678180361575351e-09
WARNING: convergence for p not reached after 100 iterations
  res: 4.68278e-07 sum: -4.3474e-08 nrelax: 17
POSTADAPT_REPROJECT 2.24 320 100 4.68278000997e-07 2.52782998022e-11 5.10954833999e-10 3.38103635309e-05 1.65206244598e-07 0.00278921984163 0.0790636386063
AMR_VOLUME_STAGE 2.24 320 3 40.526278369752021 -5.6678180361575351e-09
Q_MOMENTUM 2.25 321 0.0218265890869 2.63836226554 2.49463627632 0.471515077204 0.463895225606 2.15746720303 0.00270537296621
AMR_VOLUME_STAGE 2.25 321 0 40.526278369750507 -5.6678553812106578e-09
AMR_VOLUME_STAGE 2.25 321 1 40.526278369750507 -5.6678553812106578e-09
Q_CLEANUP 2.25 321 0 -0
AMR_VOLUME_STAGE 2.25 321 2 40.526278369750507 -5.6678553812106578e-09
WARNING: convergence for p not reached after 100 iterations
  res: 1.34106e-08 sum: -0.00503852 nrelax: 15
POSTADAPT_REPROJECT 2.25 321 100 1.34105679962e-08 7.0433082344e-13 1.46389567135e-11 3.41143625275e-05 2.06727163096e-07 0.00279446522416 0.0789689350565
AMR_VOLUME_STAGE 2.25 321 3 40.526278369750507 -5.6678553812106578e-09
RUN 2.26 322 40.5262783698 0.430502378621
Q_RUN 2.26 322 40.526278369750507 -5.66785064733e-09 -0 0 1.66533453694e-16 7.91467585914e-18 11
Q_CUTCELL_CFL 2.26 322 0.0127949987417 0.0127949987417 0.162199055588 0 632
SHORE 2.26 322 45.96875 0.00314572550383 0.459507163076
Q_MOMENTUM 2.26 322 0.0216822472799 2.60347214278 2.445881328 0.47200304249 0.464054831158 2.03189540036 0.00271350345159
AMR_VOLUME_STAGE 2.26 322 0 40.526278369750514 -5.6678552058817703e-09
AMR_VOLUME_STAGE 2.26 322 1 40.526278369750514 -5.6678552058817703e-09
Q_CLEANUP 2.26 322 0 -0
AMR_VOLUME_STAGE 2.26 322 2 40.526278369750514 -5.6678552058817703e-09
POSTADAPT_REPROJECT 2.26 322 91 9.73583176604e-09 5.51126441966e-13 1.30047084212e-11 3.554538817e-05 1.39383064686e-07 0.00278686580621 0.0788805988829
AMR_VOLUME_STAGE 2.26 322 3 40.526278369750514 -5.6678552058817703e-09
Q_MOMENTUM 2.27 323 0.0200402081738 2.48586853307 2.59340008873 0.471419820361 0.464124728859 1.98674180404 0.00274458898705
AMR_VOLUME_STAGE 2.27 323 0 40.526278369750393 -5.6678581864728641e-09
AMR_VOLUME_STAGE 2.27 323 1 40.526278369750393 -5.6678581864728641e-09
Q_CLEANUP 2.27 323 0 -0
AMR_VOLUME_STAGE 2.27 323 2 40.526278369750393 -5.6678581864728641e-09
POSTADAPT_REPROJECT 2.27 323 76 9.06061370385e-09 8.93128882974e-13 2.59126053948e-11 3.2317079418e-05 6.57982386343e-08 0.00277958652335 0.0787424174512
AMR_VOLUME_STAGE 2.27 323 3 40.526278369750393 -5.6678581864728641e-09
RUN 2.28 324 40.5262783698 0.430701858495
Q_RUN 2.28 324 40.526278369750393 -5.66785345259e-09 -0 0 1.66533453694e-16 1.00288700955e-17 19
Q_CUTCELL_CFL 2.28 324 0.0129224363638 0.0129224363638 0.164216449077 0 631
SHORE 2.28 324 45.96875 0.00312774759321 0.458668786571
Q_MOMENTUM 2.28 324 0.0218554264119 2.60567611807 2.48064317801 0.472207374055 0.464152663328 2.13019804258 0.00276221732504
AMR_VOLUME_STAGE 2.28 324 0 40.526278369750493 -5.6678557318684336e-09
AMR_VOLUME_STAGE 2.28 324 1 40.526278369750493 -5.6678557318684336e-09
Q_CLEANUP 2.28 324 0 -0
AMR_VOLUME_STAGE 2.28 324 2 40.526278369750493 -5.6678557318684336e-09
POSTADAPT_REPROJECT 2.28 324 32 7.7732104229e-09 4.30270950083e-12 1.07698738816e-10 3.12696112842e-05 2.21690538675e-07 0.0027070906513 0.0801590781396
AMR_VOLUME_STAGE 2.28 324 3 40.526278369750493 -5.6678557318684336e-09
Q_MOMENTUM 2.29 325 0.0232043716112 2.54160545977 2.41440435278 0.472255994761 0.464223521247 2.10610449743 0.00275805657755
AMR_VOLUME_STAGE 2.29 325 0 40.526278369750798 -5.6678481927262537e-09
AMR_VOLUME_STAGE 2.29 325 1 40.526278369750798 -5.6678481927262537e-09
Q_CLEANUP 2.29 325 0 -0
AMR_VOLUME_STAGE 2.29 325 2 40.526278369750798 -5.6678481927262537e-09
WARNING: convergence for p not reached after 100 iterations
  res: 4.59117e-07 sum: 0.0222275 nrelax: 12
POSTADAPT_REPROJECT 2.29 325 100 4.59117382447e-07 2.81033310491e-11 7.0691186238e-10 3.19862724919e-05 1.99577460551e-07 0.002742759129 0.0799833709001
AMR_VOLUME_STAGE 2.29 325 3 40.526278369750798 -5.6678481927262537e-09
RUN 2.3 326 40.5262783698 0.428963907031
Q_RUN 2.3 326 40.526278369750798 -5.66784345885e-09 -0 0 1.66533453694e-16 9.93823757013e-18 16
Q_CUTCELL_CFL 2.3 326 0.0129795310356 0.0129795310356 0.165320897552 0 630
SHORE 2.3 326 45.96875 0.00311719485702 0.457622869104
Q_MOMENTUM 2.3 326 0.0215058218545 2.46803614441 2.5190065236 0.472172512145 0.464343772516 1.98926917253 0.00275765757077
AMR_VOLUME_STAGE 2.3 326 0 40.526278369749242 -5.6678865897527047e-09
AMR_VOLUME_STAGE 2.3 326 1 40.526278369749242 -5.6678865897527047e-09
Q_CLEANUP 2.3 326 0 -0
AMR_VOLUME_STAGE 2.3 326 2 40.526278369749242 -5.6678865897527047e-09
WARNING: convergence for p not reached after 100 iterations
  res: 6.5764e-07 sum: -1.86298e-08 nrelax: 19
POSTADAPT_REPROJECT 2.3 326 100 6.57640317701e-07 3.467031011e-11 7.37189420619e-10 3.19554069193e-05 1.73389709899e-07 0.00273999303543 0.0794136826489
AMR_VOLUME_STAGE 2.3 326 3 40.526278369749242 -5.6678865897527047e-09
Q_MOMENTUM 2.31 327 0.0203752604566 2.50834325605 2.45323332467 0.47178054737 0.464520286611 2.1302258199 0.0027282321692
AMR_VOLUME_STAGE 2.31 327 0 40.526278369747097 -5.6679395390768505e-09
AMR_VOLUME_STAGE 2.31 327 1 40.526278369747097 -5.6679395390768505e-09
Q_CLEANUP 2.31 327 0 -0
AMR_VOLUME_STAGE 2.31 327 2 40.526278369747097 -5.6679395390768505e-09
WARNING: convergence for p not reached after 100 iterations
  res: 4.572e-07 sum: 0.00392001 nrelax: 19
POSTADAPT_REPROJECT 2.31 327 100 4.57199693635e-07 2.50574483947e-11 5.30819832534e-10 3.15864152352e-05 2.0053587958e-07 0.00273683985829 0.0788892617035
AMR_VOLUME_STAGE 2.31 327 3 40.526278369747097 -5.6679395390768505e-09
RUN 2.32 328 40.5262783697 0.429338146306
Q_RUN 2.32 328 40.526278369747097 -5.6679348052e-09 -0 0 1.66533453694e-16 1.36279130884e-17 25
Q_CUTCELL_CFL 2.32 328 0.0130474420503 0.0130474420503 0.1664365079 0 630
SHORE 2.32 328 45.96875 0.0031401424791 0.456662337806
Q_MOMENTUM 2.32 328 0.0207192214766 2.54794747393 2.41124887922 0.472428698162 0.464712960102 2.03576167851 0.00275682400655
AMR_VOLUME_STAGE 2.32 328 0 40.526278369745476 -5.6679795140632921e-09
AMR_VOLUME_STAGE 2.32 328 1 40.526278369745476 -5.6679795140632921e-09
Q_CLEANUP 2.32 328 0 -0
AMR_VOLUME_STAGE 2.32 328 2 40.526278369745476 -5.6679795140632921e-09
WARNING: convergence for p not reached after 100 iterations
  res: 3.71569e-07 sum: -1.88744e-08 nrelax: 19
POSTADAPT_REPROJECT 2.32 328 100 3.7156870531e-07 2.10065612002e-11 5.21276355414e-10 3.15061996173e-05 1.80483340772e-07 0.00273390855053 0.0784769286772
AMR_VOLUME_STAGE 2.32 328 3 40.526278369745476 -5.6679795140632921e-09
Q_MOMENTUM 2.33 329 0.0191066433433 2.4441324729 2.37597118586 0.472107286624 0.464863453865 2.02967727521 0.00277263528112
AMR_VOLUME_STAGE 2.33 329 0 40.526278369744297 -5.6680086186586834e-09
AMR_VOLUME_STAGE 2.33 329 1 40.526278369744297 -5.6680086186586834e-09
Q_CLEANUP 2.33 329 0 -0
AMR_VOLUME_STAGE 2.33 329 2 40.526278369744297 -5.6680086186586834e-09
POSTADAPT_REPROJECT 2.33 329 57 9.72280566819e-09 1.53280045971e-12 3.25801607914e-11 3.11888434821e-05 2.15104414483e-07 0.00273180728776 0.0780961320775
AMR_VOLUME_STAGE 2.33 329 3 40.526278369744297 -5.6680086186586834e-09
RUN 2.34 330 40.5262783697 0.429088855726
Q_RUN 2.34 330 40.526278369744297 -5.66800388478e-09 -0 0 1.66533453694e-16 8.02309607639e-18 13
Q_CUTCELL_CFL 2.34 330 0.0131130892835 0.0131130892835 0.167612214624 0 628
SHORE 2.34 330 45.96875 0.00313820574011 0.455876617237
Q_MOMENTUM 2.34 330 0.0230301116276 2.37943368288 2.4660712439 0.472103673742 0.464887359659 2.15729405002 0.00278460720634
AMR_VOLUME_STAGE 2.34 330 0 40.526278369744269 -5.668009319974235e-09
AMR_VOLUME_STAGE 2.34 330 1 40.526278369744269 -5.668009319974235e-09
Q_CLEANUP 2.34 330 0 -0
AMR_VOLUME_STAGE 2.34 330 2 40.526278369744269 -5.668009319974235e-09
POSTADAPT_REPROJECT 2.34 330 22 7.404319461e-09 6.25547343402e-12 1.25537802376e-10 3.2519819689e-05 1.85979859833e-07 0.00273050690237 0.0777878389151
AMR_VOLUME_STAGE 2.34 330 3 40.526278369744269 -5.668009319974235e-09
Q_MOMENTUM 2.35 331 0.021567018518 2.52794297312 2.37974879514 0.472711217681 0.464941044515 2.12553283936 0.00277426126479
AMR_VOLUME_STAGE 2.35 331 0 40.526278369744624 -5.6680005535298394e-09
AMR_VOLUME_STAGE 2.35 331 1 40.526278369744624 -5.6680005535298394e-09
Q_CLEANUP 2.35 331 0 -0
AMR_VOLUME_STAGE 2.35 331 2 40.526278369744624 -5.6680005535298394e-09
POSTADAPT_REPROJECT 2.35 331 33 6.0945766833e-09 8.75546368196e-13 1.31912258894e-11 3.03043993719e-05 1.44118016115e-07 0.00273830575874 0.077478929599
AMR_VOLUME_STAGE 2.35 331 3 40.526278369744624 -5.6680005535298394e-09
RUN 2.36 332 40.5262783697 0.427933483716
Q_RUN 2.36 332 40.526278369744624 -5.66799581965e-09 -0 0 1.66533453694e-16 9.65024636807e-18 15
Q_CUTCELL_CFL 2.36 332 0.0131461864759 0.0131461864759 0.168344651646 0 628
SHORE 2.36 332 45.96875 0.00313305272882 0.454731697736
Q_MOMENTUM 2.36 332 0.020291549289 2.41588555541 2.36983766131 0.472624517747 0.465076804519 1.9721940727 0.00276154857836
AMR_VOLUME_STAGE 2.36 332 0 40.526278369744652 -5.6679998522142879e-09
AMR_VOLUME_STAGE 2.36 332 1 40.526278369744652 -5.6679998522142879e-09
Q_CLEANUP 2.36 332 0 -0
AMR_VOLUME_STAGE 2.36 332 2 40.526278369744652 -5.6679998522142879e-09
POSTADAPT_REPROJECT 2.36 332 79 9.26607303373e-09 3.97768103458e-13 1.07975850483e-11 2.7871650038e-05 2.53457518592e-07 0.00272634301836 0.0772153763667
AMR_VOLUME_STAGE 2.36 332 3 40.526278369744652 -5.6679998522142879e-09
Q_MOMENTUM 2.37 333 0.0209248256514 2.39511517121 2.41773891977 0.471999433564 0.465188224878 2.1155050726 0.00271995979254
AMR_VOLUME_STAGE 2.37 333 0 40.526278369744588 -5.6680014301742793e-09
AMR_VOLUME_STAGE 2.37 333 1 40.526278369744588 -5.6680014301742793e-09
Q_CLEANUP 2.37 333 0 -0
AMR_VOLUME_STAGE 2.37 333 2 40.526278369744588 -5.6680014301742793e-09
POSTADAPT_REPROJECT 2.37 333 66 7.83083766096e-09 2.79634142383e-13 8.98747742895e-12 2.90421112795e-05 2.1295276654e-07 0.002725839649 0.0769724730321
AMR_VOLUME_STAGE 2.37 333 3 40.526278369744588 -5.6680014301742793e-09
RUN 2.38 334 40.5262783697 0.428346406075
Q_RUN 2.38 334 40.526278369744588 -5.66799669629e-09 -0 0 1.66533453694e-16 9.12423890782e-18 19
Q_CUTCELL_CFL 2.38 334 0.0132114701699 0.0132114701699 0.169446455924 0 628
SHORE 2.38 334 45.96875 0.0031348627507 0.454044454609
Q_MOMENTUM 2.38 334 0.0202783110544 2.48400440503 2.36107045289 0.472932434657 0.465319892081 2.04723219765 0.00274578638842
AMR_VOLUME_STAGE 2.38 334 0 40.526278369744645 -5.6680000275431762e-09
AMR_VOLUME_STAGE 2.38 334 1 40.526278369744645 -5.6680000275431762e-09
Q_CLEANUP 2.38 334 0 -0
AMR_VOLUME_STAGE 2.38 334 2 40.526278369744645 -5.6680000275431762e-09
POSTADAPT_REPROJECT 2.38 334 46 7.80924399455e-09 3.02598907935e-13 1.09858788733e-11 2.98995910634e-05 2.01315436829e-07 0.00272240916236 0.0767527385895
AMR_VOLUME_STAGE 2.38 334 3 40.526278369744645 -5.6680000275431762e-09
Q_MOMENTUM 2.39 335 0.0190274688525 2.36998914477 2.36861781503 0.4725102106 0.465409003925 2.05440292967 0.00275202978045
AMR_VOLUME_STAGE 2.39 335 0 40.526278369744468 -5.668004410765374e-09
AMR_VOLUME_STAGE 2.39 335 1 40.526278369744468 -5.668004410765374e-09
Q_CLEANUP 2.39 335 0 -0
AMR_VOLUME_STAGE 2.39 335 2 40.526278369744468 -5.668004410765374e-09
POSTADAPT_REPROJECT 2.39 335 51 8.67766995252e-09 3.1101565005e-13 1.11777254119e-11 2.9350060145e-05 2.07439506041e-07 0.00272078233105 0.0765052008752
AMR_VOLUME_STAGE 2.39 335 3 40.526278369744468 -5.668004410765374e-09
RUN 2.4 336 40.5262783697 0.426050236546
Q_RUN 2.4 336 40.526278369744468 -5.66799967689e-09 -0 0 1.66533453694e-16 7.5284288352e-18 11
Q_CUTCELL_CFL 2.4 336 0.0132492165018 0.0132492165018 0.171117598561 0 629
SHORE 2.4 336 45.96875 0.00315055539084 0.453138176274
Q_MOMENTUM 2.4 336 0.0204201429216 2.37706148112 2.37959220402 0.472877943777 0.465488976702 2.04182371837 0.00276329732628
AMR_VOLUME_STAGE 2.4 336 0 40.526278369744567 -5.6680019561609434e-09
AMR_VOLUME_STAGE 2.4 336 1 40.526278369744567 -5.6680019561609434e-09
Q_CLEANUP 2.4 336 0 -0
AMR_VOLUME_STAGE 2.4 336 2 40.526278369744567 -5.6680019561609434e-09
POSTADAPT_REPROJECT 2.4 336 23 3.98024939697e-09 7.61006328587e-13 2.46460629683e-11 2.96536211358e-05 1.77077236681e-07 0.00271916632422 0.0762907676444
AMR_VOLUME_STAGE 2.4 336 3 40.526278369744567 -5.6680019561609434e-09
Q_MOMENTUM 2.41 337 0.0211165358174 2.3941530407 2.36111608003 0.472444055312 0.465596979392 2.1409407209 0.00274020243885
AMR_VOLUME_STAGE 2.41 337 0 40.526278369744574 -5.6680017808320551e-09
AMR_VOLUME_STAGE 2.41 337 1 40.526278369744574 -5.6680017808320551e-09
Q_CLEANUP 2.41 337 0 -0
AMR_VOLUME_STAGE 2.41 337 2 40.526278369744574 -5.6680017808320551e-09
POSTADAPT_REPROJECT 2.41 337 27 4.7394091194e-09 9.41530692993e-13 3.07434078195e-11 2.68146433877e-05 2.04217098025e-07 0.0026973297814 0.0760477601838
AMR_VOLUME_STAGE 2.41 337 3 40.526278369744574 -5.6680017808320551e-09
RUN 2.42 338 40.5262783697 0.426783194105
Q_RUN 2.42 338 40.526278369744574 -5.66799704695e-09 -0 0 1.66533453694e-16 1.00830802041e-17 21
Q_CUTCELL_CFL 2.42 338 0.0132726095483 0.0132726095483 0.173585537175 0 629
SHORE 2.42 338 45.96875 0.00316428921123 0.452224983452
Q_MOMENTUM 2.42 338 0.0202095055047 2.38406082393 2.32665129973 0.473291299942 0.465820581164 1.98931376225 0.00269970570776
AMR_VOLUME_STAGE 2.42 338 0 40.526278369744588 -5.6680014301742793e-09
AMR_VOLUME_STAGE 2.42 338 1 40.526278369744588 -5.6680014301742793e-09
Q_CLEANUP 2.42 338 0 -0
AMR_VOLUME_STAGE 2.42 338 2 40.526278369744588 -5.6680014301742793e-09
POSTADAPT_REPROJECT 2.42 338 57 8.7249006347e-09 5.43519371182e-13 1.73130398906e-11 2.92348720444e-05 1.78449829189e-07 0.00270972429471 0.0758388997182
AMR_VOLUME_STAGE 2.42 338 3 40.526278369744588 -5.6680014301742793e-09
Q_MOMENTUM 2.43 339 0.0196299035127 2.3657510372 2.30675386178 0.472962998607 0.465956521132 1.9801078311 0.0026718621201
AMR_VOLUME_STAGE 2.43 339 0 40.526278369744425 -5.6680054627387013e-09
AMR_VOLUME_STAGE 2.43 339 1 40.526278369744425 -5.6680054627387013e-09
Q_CLEANUP 2.43 339 0 -0
AMR_VOLUME_STAGE 2.43 339 2 40.526278369744425 -5.6680054627387013e-09
POSTADAPT_REPROJECT 2.43 339 84 9.31661080981e-09 3.8050476469e-13 1.17388321286e-11 2.52920268687e-05 2.07246478265e-07 0.00268336262809 0.0765534363345
AMR_VOLUME_STAGE 2.43 339 3 40.526278369744425 -5.6680054627387013e-09
RUN 2.44 340 40.5262783697 0.426105485808
Q_RUN 2.44 340 40.526278369744425 -5.66800072886e-09 -0 0 1.66533453694e-16 5.50232602536e-18 14
Q_CUTCELL_CFL 2.44 340 0.0133492065375 0.0133492065375 0.176551728498 0 629
SHORE 2.44 340 45.96875 0.00316584130827 0.451507484306
Q_MOMENTUM 2.44 340 0.0201283501208 2.34630669607 2.3343809647 0.473046042463 0.466119454471 2.08089837561 0.00270025519466
AMR_VOLUME_STAGE 2.44 340 0 40.526278369744517 -5.6680031834631583e-09
AMR_VOLUME_STAGE 2.44 340 1 40.526278369744517 -5.6680031834631583e-09
Q_CLEANUP 2.44 340 0 -0
AMR_VOLUME_STAGE 2.44 340 2 40.526278369744517 -5.6680031834631583e-09
POSTADAPT_REPROJECT 2.44 340 85 7.91085633752e-09 3.2328307836e-13 9.8645536184e-12 2.55853987489e-05 2.01287909645e-07 0.00268211876675 0.0751620153646
AMR_VOLUME_STAGE 2.44 340 3 40.526278369744517 -5.6680031834631583e-09
Q_MOMENTUM 2.45 341 0.0192083315865 2.33080476469 2.34136999385 0.473300848851 0.46627286813 2.06730430932 0.00270613360527
AMR_VOLUME_STAGE 2.45 341 0 40.526278369744411 -5.6680058133964771e-09
AMR_VOLUME_STAGE 2.45 341 1 40.526278369744411 -5.6680058133964771e-09
Q_CLEANUP 2.45 341 0 -0
AMR_VOLUME_STAGE 2.45 341 2 40.526278369744411 -5.6680058133964771e-09
POSTADAPT_REPROJECT 2.45 341 83 8.67275533502e-09 3.97746241478e-13 1.25224275394e-11 2.53482561303e-05 2.26829200642e-07 0.00268374274936 0.0749929954549
AMR_VOLUME_STAGE 2.45 341 3 40.526278369744411 -5.6680058133964771e-09
RUN 2.46 342 40.5262783697 0.423435182963
Q_RUN 2.46 342 40.526278369744411 -5.66800107952e-09 -0 0 1.66533453694e-16 8.01801387871e-18 13
Q_CUTCELL_CFL 2.46 342 0.013381480532 0.013381480532 0.179006767335 0 629
SHORE 2.46 342 45.96875 0.00317232276469 0.450748437433
Q_MOMENTUM 2.46 342 0.0199849318059 2.34948592892 2.34016355187 0.473733406831 0.46644869847 1.93808303063 0.00270214836159
AMR_VOLUME_STAGE 2.46 342 0 40.526278369744389 -5.6680063393831404e-09
AMR_VOLUME_STAGE 2.46 342 1 40.526278369744389 -5.6680063393831404e-09
Q_CLEANUP 2.46 342 0 -0
AMR_VOLUME_STAGE 2.46 342 2 40.526278369744389 -5.6680063393831404e-09
POSTADAPT_REPROJECT 2.46 342 61 8.04318409435e-09 5.48537016927e-13 1.51194612386e-11 2.18080859232e-05 1.92825641401e-07 0.00270242896896 0.0748471290547
AMR_VOLUME_STAGE 2.46 342 3 40.526278369744389 -5.6680063393831404e-09
Q_MOMENTUM 2.47 343 0.0222502152963 2.35203370863 2.30971461934 0.473749066328 0.466606424783 2.07702056783 0.0026660170126
AMR_VOLUME_STAGE 2.47 343 0 40.52627836974446 -5.6680045860942614e-09
AMR_VOLUME_STAGE 2.47 343 1 40.52627836974446 -5.6680045860942614e-09
Q_CLEANUP 2.47 343 0 -0
AMR_VOLUME_STAGE 2.47 343 2 40.52627836974446 -5.6680045860942614e-09
POSTADAPT_REPROJECT 2.47 343 21 6.52385282102e-09 2.93114626006e-12 7.76516628775e-11 2.41649970158e-05 2.18113261951e-07 0.00269630640388 0.074662076606
AMR_VOLUME_STAGE 2.47 343 3 40.52627836974446 -5.6680045860942614e-09
RUN 2.48 344 40.5262783697 0.426202275928
Q_RUN 2.48 344 40.52627836974446 -5.66799985221e-09 -0 0 1.66533453694e-16 8.18911453405e-18 13
Q_CUTCELL_CFL 2.48 344 0.013431738667 0.013431738667 0.181526395911 0 628
SHORE 2.48 344 45.96875 0.00318578810204 0.449931238665
Q_MOMENTUM 2.48 344 0.0207207834358 2.34446603272 2.28401223379 0.474410548401 0.466763587793 1.9896143752 0.00267117753935
AMR_VOLUME_STAGE 2.48 344 0 40.526278369744617 -5.6680007288587278e-09
AMR_VOLUME_STAGE 2.48 344 1 40.526278369744617 -5.6680007288587278e-09
Q_CLEANUP 2.48 344 0 -0
AMR_VOLUME_STAGE 2.48 344 2 40.526278369744617 -5.6680007288587278e-09
POSTADAPT_REPROJECT 2.48 344 27 5.39363331264e-09 2.47971496571e-12 4.97104579722e-11 2.2895851463e-05 2.09008092197e-07 0.00270100584922 0.0745054150044
AMR_VOLUME_STAGE 2.48 344 3 40.526278369744617 -5.6680007288587278e-09
Q_MOMENTUM 2.49 345 0.0194169616228 2.33285518095 2.27530228944 0.474194579764 0.466900747592 1.99176206215 0.00266082036033
AMR_VOLUME_STAGE 2.49 345 0 40.526278369744738 -5.6679977482676331e-09
AMR_VOLUME_STAGE 2.49 345 1 40.526278369744738 -5.6679977482676331e-09
Q_CLEANUP 2.49 345 0 -0
AMR_VOLUME_STAGE 2.49 345 2 40.526278369744738 -5.6679977482676331e-09
POSTADAPT_REPROJECT 2.49 345 87 8.74248176404e-09 1.05390963813e-12 2.49040787992e-11 2.310278112e-05 2.23214232872e-07 0.00268732583241 0.0743127881677
AMR_VOLUME_STAGE 2.49 345 3 40.526278369744738 -5.6679977482676331e-09
RUN 2.5 346 40.5262783697 0.42393661979
Q_RUN 2.5 346 40.526278369744738 -5.66799301439e-09 -0 0 1.66533453694e-16 9.76628988184e-18 19
Q_CUTCELL_CFL 2.5 346 0.013515528031 0.013515528031 0.184473070059 0 627
SHORE 2.5 346 45.96875 0.00321250061791 0.44933187157
Q_MOMENTUM 2.5 346 0.0231056397768 2.32116153213 2.30356029691 0.474456384407 0.467001126873 1.88692873026 0.00270470650052
AMR_VOLUME_STAGE 2.5 346 0 40.526278369744745 -5.6679975729387457e-09
AMR_VOLUME_STAGE 2.5 346 1 40.526278369744745 -5.6679975729387457e-09
Q_CLEANUP 2.5 346 0 -0
AMR_VOLUME_STAGE 2.5 346 2 40.526278369744745 -5.6679975729387457e-09
WARNING: convergence for p not reached after 100 iterations
  res: 4.94079e-07 sum: -0.000801203 nrelax: 20
POSTADAPT_REPROJECT 2.5 346 100 4.94079478148e-07 2.88302074324e-11 6.98063606919e-10 2.19991038984e-05 2.06411456228e-07 0.0026985645773 0.074149879753
AMR_VOLUME_STAGE 2.5 346 3 40.526278369744745 -5.6679975729387457e-09
Q_MOMENTUM 2.51 347 0.0191595082263 2.32022022788 2.31267085463 0.474336169466 0.467076703999 2.04410464331 0.00271125783141
AMR_VOLUME_STAGE 2.51 347 0 40.526278369743018 -5.6680401778585053e-09
AMR_VOLUME_STAGE 2.51 347 1 40.526278369743018 -5.6680401778585053e-09
Q_CLEANUP 2.51 347 0 -0
AMR_VOLUME_STAGE 2.51 347 2 40.526278369743018 -5.6680401778585053e-09
WARNING: convergence for p not reached after 100 iterations
  res: 4.50327e-07 sum: 0.0123835 nrelax: 20
POSTADAPT_REPROJECT 2.51 347 100 4.50327073855e-07 2.57133059046e-11 6.30084651121e-10 2.13983066858e-05 2.25185919472e-07 0.00270628456361 0.0739536339092
AMR_VOLUME_STAGE 2.51 347 3 40.526278369743018 -5.6680401778585053e-09
RUN 2.52 348 40.5262783697 0.423516214816
Q_RUN 2.52 348 40.526278369743018 -5.66803544398e-09 -0 0 1.66533453694e-16 1.0293144375e-17 17
Q_CUTCELL_CFL 2.52 348 0.0135508956105 0.0135508956105 0.186655423672 0 626
SHORE 2.52 348 45.96875 0.0032611499074 0.448629161321
Q_MOMENTUM 2.52 348 0.020383020099 2.30453008507 2.28842353987 0.474600771615 0.467220015953 1.93645425036 0.00268991222093
AMR_VOLUME_STAGE 2.52 348 0 40.526278369741263 -5.6680834840938173e-09
AMR_VOLUME_STAGE 2.52 348 1 40.526278369741263 -5.6680834840938173e-09
Q_CLEANUP 2.52 348 0 -0
AMR_VOLUME_STAGE 2.52 348 2 40.526278369741263 -5.6680834840938173e-09
WARNING: convergence for p not reached after 100 iterations
  res: 4.64907e-07 sum: -0.0164783 nrelax: 20
POSTADAPT_REPROJECT 2.52 348 100 4.64907247293e-07 2.70017649076e-11 6.43878728113e-10 2.145377255e-05 1.8514101811e-07 0.00271859261899 0.0737879203921
AMR_VOLUME_STAGE 2.52 348 3 40.526278369741263 -5.6680834840938173e-09
Q_MOMENTUM 2.53 349 0.021735615531 2.3495442396 2.35132313787 0.474503840717 0.467304996754 1.82131221988 0.00276261476599
AMR_VOLUME_STAGE 2.53 349 0 40.526278369739558 -5.6681255630269128e-09
AMR_VOLUME_STAGE 2.53 349 1 40.526278369739558 -5.6681255630269128e-09
Q_CLEANUP 2.53 349 0 -0
AMR_VOLUME_STAGE 2.53 349 2 40.526278369739558 -5.6681255630269128e-09
POSTADAPT_REPROJECT 2.53 349 96 8.83016200685e-09 7.39398644453e-13 1.69331215716e-11 2.02201057778e-05 5.92069617364e-07 0.00273010445496 0.0735899327239
AMR_VOLUME_STAGE 2.53 349 3 40.526278369739558 -5.6681255630269128e-09
RUN 2.54 350 40.5262783697 0.425411766971
Q_RUN 2.54 350 40.526278369739558 -5.66812082915e-09 -0 0 1.66533453694e-16 8.81931366426e-18 16
Q_CUTCELL_CFL 2.54 350 0.0134507470708 0.0134507470708 0.186737283728 0 626
SHORE 2.54 350 45.96875 0.00328277826976 0.447852117455
Q_MOMENTUM 2.54 350 0.0209927625843 2.37924328395 2.35511880501 0.474856768217 0.467371141811 1.96052750491 0.00276292586106
AMR_VOLUME_STAGE 2.54 350 0 40.526278369739593 -5.6681246863824737e-09
AMR_VOLUME_STAGE 2.54 350 1 40.526278369739593 -5.6681246863824737e-09
Q_CLEANUP 2.54 350 0 -0
AMR_VOLUME_STAGE 2.54 350 2 40.526278369739593 -5.6681246863824737e-09
POSTADAPT_REPROJECT 2.54 350 26 4.71876843704e-09 2.65753616592e-12 5.46913625499e-11 2.06798898468e-05 1.94265329765e-07 0.00273078796318 0.0734130318534
AMR_VOLUME_STAGE 2.54 350 3 40.526278369739593 -5.6681246863824737e-09
Q_MOMENTUM 2.55 351 0.019922488041 2.38406928973 2.39129227849 0.474840595823 0.467375191858 1.98253740787 0.00281303988133
AMR_VOLUME_STAGE 2.55 351 0 40.526278369739408 -5.668129244933559e-09
AMR_VOLUME_STAGE 2.55 351 1 40.526278369739408 -5.668129244933559e-09
Q_CLEANUP 2.55 351 0 -0
AMR_VOLUME_STAGE 2.55 351 2 40.526278369739408 -5.668129244933559e-09
POSTADAPT_REPROJECT 2.55 351 29 5.38089609178e-09 3.09347776256e-12 7.11084524596e-11 1.56626487779e-05 2.13485410623e-07 0.00273200029392 0.0733531177313
AMR_VOLUME_STAGE 2.55 351 3 40.526278369739408 -5.668129244933559e-09
RUN 2.56 352 40.5262783697 0.424052612667
Q_RUN 2.56 352 40.526278369739408 -5.66812451105e-09 -0 0 1.66533453694e-16 1.26309553095e-17 20
Q_CUTCELL_CFL 2.56 352 0.0131814094241 0.0131814094241 0.184290691641 0 625
SHORE 2.56 352 45.96875 0.00331771549934 0.447206315854
Q_MOMENTUM 2.56 352 0.0214804390979 2.43030725782 2.42471683617 0.474839393154 0.467403428916 1.89331588922 0.00284953315491
AMR_VOLUME_STAGE 2.56 352 0 40.526278369739202 -5.6681343294713083e-09
AMR_VOLUME_STAGE 2.56 352 1 40.526278369739202 -5.6681343294713083e-09
Q_CLEANUP 2.56 352 0 -0
AMR_VOLUME_STAGE 2.56 352 2 40.526278369739202 -5.6681343294713083e-09
WARNING: convergence for p not reached after 100 iterations
  res: 2.13974e-06 sum: -0.00252124 nrelax: 15
POSTADAPT_REPROJECT 2.56 352 100 2.13974055015e-06 1.36753500522e-10 3.55000917551e-09 1.68859184403e-05 1.64076030856e-07 0.00275879561637 0.0722805887582
AMR_VOLUME_STAGE 2.56 352 3 40.526278369739202 -5.6681343294713083e-09
Q_MOMENTUM 2.57 353 0.0189138217154 2.43986268851 2.40983349212 0.474477048743 0.467429907864 1.96965709934 0.00282860769737
AMR_VOLUME_STAGE 2.57 353 0 40.526278369731486 -5.6683247366435684e-09
AMR_VOLUME_STAGE 2.57 353 1 40.526278369731486 -5.6683247366435684e-09
Q_CLEANUP 2.57 353 0 -0
AMR_VOLUME_STAGE 2.57 353 2 40.526278369731486 -5.6683247366435684e-09
WARNING: convergence for p not reached after 100 iterations
  res: 1.4902e-06 sum: -0.0527977 nrelax: 20
POSTADAPT_REPROJECT 2.57 353 100 1.49019784465e-06 8.45585459282e-11 1.92025195744e-09 1.34360145944e-05 5.97254124738e-07 0.002683261236 0.0626982360492
AMR_VOLUME_STAGE 2.57 353 3 40.526278369731486 -5.6683247366435684e-09
RUN 2.58 354 40.5262783697 0.424534259593
Q_RUN 2.58 354 40.526278369731486 -5.66832000276e-09 -0 0 1.66533453694e-16 9.17336681876e-18 14
Q_CUTCELL_CFL 2.58 354 0.0130987609653 0.0130987609653 0.184320736865 0 625
SHORE 2.58 354 45.96875 0.0033239003221 0.446525550545
Q_MOMENTUM 2.58 354 0.0200788437542 2.40377758283 2.39704041958 0.47484176602 0.467544739656 1.93582028184 0.0028199618968
AMR_VOLUME_STAGE 2.58 354 0 40.526278369726178 -5.6684557073228302e-09
AMR_VOLUME_STAGE 2.58 354 1 40.526278369726178 -5.6684557073228302e-09
Q_CLEANUP 2.58 354 0 -0
AMR_VOLUME_STAGE 2.58 354 2 40.526278369726178 -5.6684557073228302e-09
WARNING: convergence for p not reached after 100 iterations
  res: 1.19925e-06 sum: -1.07824e-08 nrelax: 20
POSTADAPT_REPROJECT 2.58 354 100 1.19925381556e-06 6.84553339007e-11 1.492686863e-09 1.9567791139e-05 2.03264372059e-07 0.00271209258664 0.0684986590313
AMR_VOLUME_STAGE 2.58 354 3 40.526278369726178 -5.6684557073228302e-09
Q_MOMENTUM 2.59 355 0.0202688623571 2.43640266189 2.43843130681 0.474626699841 0.467625733684 1.89541057586 0.00286700252558
AMR_VOLUME_STAGE 2.59 355 0 40.526278369722014 -5.6685584500511405e-09
AMR_VOLUME_STAGE 2.59 355 1 40.526278369722014 -5.6685584500511405e-09
Q_CLEANUP 2.59 355 0 -0
AMR_VOLUME_STAGE 2.59 355 2 40.526278369722014 -5.6685584500511405e-09
WARNING: convergence for p not reached after 100 iterations
  res: 5.78007e-07 sum: 0.00461843 nrelax: 19
POSTADAPT_REPROJECT 2.59 355 100 5.78007465348e-07 3.3122078564e-11 7.51437134738e-10 1.98547189969e-05 2.26770458399e-07 0.00272316842288 0.0687488725183
AMR_VOLUME_STAGE 2.59 355 3 40.526278369722014 -5.6685584500511405e-09
RUN 2.6 356 40.5262783697 0.425511643005
Q_RUN 2.6 356 40.526278369722014 -5.66855371617e-09 -0 0 1.66533453694e-16 1.05201492049e-17 16
Q_CUTCELL_CFL 2.6 356 0.0130457834264 0.0130457834264 0.184613776449 0 625
SHORE 2.6 356 45.96875 0.00335744328149 0.445964089332
Q_MOMENTUM 2.6 356 0.0213135831461 2.46096084375 2.44145548504 0.474957238498 0.467642369348 2.01615043564 0.00286776566291
AMR_VOLUME_STAGE 2.6 356 0 40.526278369719833 -5.6686122760197262e-09
AMR_VOLUME_STAGE 2.6 356 1 40.526278369719833 -5.6686122760197262e-09
Q_CLEANUP 2.6 356 0 -0
AMR_VOLUME_STAGE 2.6 356 2 40.526278369719833 -5.6686122760197262e-09
POSTADAPT_REPROJECT 2.6 356 76 7.98011640004e-09 4.42651283291e-13 1.18207665878e-11 1.94325442254e-05 2.20673801771e-07 0.00273371543943 0.0689250440428
AMR_VOLUME_STAGE 2.6 356 3 40.526278369719833 -5.6686122760197262e-09
Q_MOMENTUM 2.61 357 0.0198429337547 2.45978873818 2.44032217796 0.474808519574 0.467626361275 1.9224376324 0.00287095891547
AMR_VOLUME_STAGE 2.61 357 0 40.526278369719897 -5.6686106980597347e-09
AMR_VOLUME_STAGE 2.61 357 1 40.526278369719897 -5.6686106980597347e-09
Q_CLEANUP 2.61 357 0 -0
AMR_VOLUME_STAGE 2.61 357 2 40.526278369719897 -5.6686106980597347e-09
POSTADAPT_REPROJECT 2.61 357 22 3.5819425201e-09 1.68596281215e-12 4.01136901473e-11 1.92596239681e-05 2.28087904884e-07 0.00273942841774 0.0690178151269
AMR_VOLUME_STAGE 2.61 357 3 40.526278369719897 -5.6686106980597347e-09
RUN 2.62 358 40.5262783697 0.424551309168
Q_RUN 2.62 358 40.526278369719897 -5.66860596418e-09 -0 0 1.66533453694e-16 9.45966395494e-18 15
Q_CUTCELL_CFL 2.62 358 0.0129380462868 0.0129380462868 0.183900450236 0 625
SHORE 2.62 358 45.96875 0.0033963299654 0.445357447458
Q_MOMENTUM 2.62 358 0.0209256563079 2.44733110494 2.4650419575 0.474833405674 0.467675379992 1.89356396745 0.00289510399807
AMR_VOLUME_STAGE 2.62 358 0 40.526278369719783 -5.668613503321941e-09
AMR_VOLUME_STAGE 2.62 358 1 40.526278369719783 -5.668613503321941e-09
Q_CLEANUP 2.62 358 0 -0
AMR_VOLUME_STAGE 2.62 358 2 40.526278369719783 -5.668613503321941e-09
POSTADAPT_REPROJECT 2.62 358 24 7.75850819681e-09 1.48421737431e-12 4.32760494107e-11 1.89649190072e-05 2.33680544732e-07 0.00274773819654 0.0691021006787
AMR_VOLUME_STAGE 2.62 358 3 40.526278369719783 -5.668613503321941e-09
Q_MOMENTUM 2.63 359 0.0189924237932 2.48371986084 2.47543381687 0.474633079576 0.467703951214 2.02815751204 0.00290885354875
AMR_VOLUME_STAGE 2.63 359 0 40.52627836971967 -5.6686163085841473e-09
AMR_VOLUME_STAGE 2.63 359 1 40.52627836971967 -5.6686163085841473e-09
Q_CLEANUP 2.63 359 0 -0
AMR_VOLUME_STAGE 2.63 359 2 40.52627836971967 -5.6686163085841473e-09
POSTADAPT_REPROJECT 2.63 359 65 8.12879484695e-09 3.75486592882e-13 1.14792619854e-11 1.68737907737e-05 2.22605063721e-07 0.00276296022475 0.0691241528719
AMR_VOLUME_STAGE 2.63 359 3 40.52627836971967 -5.6686163085841473e-09
RUN 2.64 360 40.5262783697 0.427024547048
Q_RUN 2.64 360 40.52627836971967 -5.6686115747e-09 -0 0 1.66533453694e-16 1.4806135918e-17 21
Q_CUTCELL_CFL 2.64 360 0.0128076388848 0.0128076388848 0.182719039417 0 624
SHORE 2.64 360 45.96875 0.0034427160316 0.444607718059
Q_MOMENTUM 2.64 360 0.0200885666375 2.46636533513 2.45053602345 0.474803930166 0.467722431905 1.94278560609 0.00287674455792
AMR_VOLUME_STAGE 2.64 360 0 40.526278369719648 -5.6686168345708114e-09
AMR_VOLUME_STAGE 2.64 360 1 40.526278369719648 -5.6686168345708114e-09
Q_CLEANUP 2.64 360 0 -0
AMR_VOLUME_STAGE 2.64 360 2 40.526278369719648 -5.6686168345708114e-09
POSTADAPT_REPROJECT 2.64 360 67 8.6378304944e-09 3.79899712258e-13 1.17319487458e-11 2.10945251584e-05 2.3666103859e-07 0.00277333312612 0.0691503278313
AMR_VOLUME_STAGE 2.64 360 3 40.526278369719648 -5.6686168345708114e-09
Q_MOMENTUM 2.65 361 0.0200132552007 2.4460645795 2.46039692774 0.474622704601 0.467767344126 1.93923804292 0.00289379653375
AMR_VOLUME_STAGE 2.65 361 0 40.526278369719655 -5.6686166592419231e-09
AMR_VOLUME_STAGE 2.65 361 1 40.526278369719655 -5.6686166592419231e-09
Q_CLEANUP 2.65 361 0 -0
AMR_VOLUME_STAGE 2.65 361 2 40.526278369719655 -5.6686166592419231e-09
POSTADAPT_REPROJECT 2.65 361 71 7.36253497856e-09 3.12563126064e-13 9.57101065069e-12 1.92467141218e-05 5.98366151972e-07 0.00276717249406 0.0691234223873
AMR_VOLUME_STAGE 2.65 361 3 40.526278369719655 -5.6686166592419231e-09
RUN 2.66 362 40.5262783697 0.426142795438
Q_RUN 2.66 362 40.526278369719655 -5.66861192536e-09 -0 0 1.66533453694e-16 8.18572640227e-18 14
Q_CUTCELL_CFL 2.66 362 0.0128180170635 0.0128180170635 0.183442607007 0 624
SHORE 2.66 362 45.96875 0.00348939532945 0.444283876481
Q_MOMENTUM 2.66 362 0.02051520063 2.47181618299 2.47466779086 0.474676894986 0.467773737887 2.03192186398 0.0029090125098
AMR_VOLUME_STAGE 2.66 362 0 40.526278369719599 -5.6686180618730263e-09
AMR_VOLUME_STAGE 2.66 362 1 40.526278369719599 -5.6686180618730263e-09
Q_CLEANUP 2.66 362 0 -0
AMR_VOLUME_STAGE 2.66 362 2 40.526278369719599 -5.6686180618730263e-09
POSTADAPT_REPROJECT 2.66 362 69 9.77063959843e-09 4.58909760553e-13 1.22195586982e-11 1.59297005372e-05 2.31120224692e-07 0.0027826680525 0.0691092924257
AMR_VOLUME_STAGE 2.66 362 3 40.526278369719599 -5.6686180618730263e-09
Q_MOMENTUM 2.67 363 0.0197225539013 2.46913103347 2.45841086522 0.474592021694 0.4678217117 1.97879089083 0.00288945145078
AMR_VOLUME_STAGE 2.67 363 0 40.526278369719577 -5.6686185878596904e-09
AMR_VOLUME_STAGE 2.67 363 1 40.526278369719577 -5.6686185878596904e-09
Q_CLEANUP 2.67 363 0 -0
AMR_VOLUME_STAGE 2.67 363 2 40.526278369719577 -5.6686185878596904e-09
POSTADAPT_REPROJECT 2.67 363 70 7.12732867571e-09 3.46374706398e-13 8.5798035343e-12 1.70664260825e-05 4.26148885205e-07 0.00279162791603 0.0690481382441
AMR_VOLUME_STAGE 2.67 363 3 40.526278369719577 -5.6686185878596904e-09
RUN 2.68 364 40.5262783697 0.426420566697
Q_RUN 2.68 364 40.526278369719577 -5.66861385398e-09 -0 0 1.66533453694e-16 9.76819570597e-18 17
Q_CUTCELL_CFL 2.68 364 0.0128108792991 0.0128108792991 0.183641994545 0 625
SHORE 2.68 364 45.96875 0.0035312756565 0.443698909931
Q_MOMENTUM 2.68 364 0.0205503016466 2.44283998528 2.46012501021 0.474713794843 0.467829209075 1.96471692256 0.00289387061908
AMR_VOLUME_STAGE 2.68 364 0 40.526278369719535 -5.6686196398330177e-09
AMR_VOLUME_STAGE 2.68 364 1 40.526278369719535 -5.6686196398330177e-09
Q_CLEANUP 2.68 364 0 -0
AMR_VOLUME_STAGE 2.68 364 2 40.526278369719535 -5.6686196398330177e-09
POSTADAPT_REPROJECT 2.68 364 42 9.80162101145e-09 1.42221261088e-12 3.66080499248e-11 1.92215659826e-05 2.46767800406e-07 0.00279693246831 0.0690067490541
AMR_VOLUME_STAGE 2.68 364 3 40.526278369719535 -5.6686196398330177e-09
Q_MOMENTUM 2.69 365 0.019663034822 2.45878091403 2.45729470795 0.474428894247 0.467738279579 2.00912787415 0.00288993442077
AMR_VOLUME_STAGE 2.69 365 0 40.526278369719556 -5.6686191138463536e-09
AMR_VOLUME_STAGE 2.69 365 1 40.526278369719556 -5.6686191138463536e-09
Q_CLEANUP 2.69 365 0 -0
AMR_VOLUME_STAGE 2.69 365 2 40.526278369719556 -5.6686191138463536e-09
POSTADAPT_REPROJECT 2.69 365 68 8.28553769565e-09 8.07177538969e-13 2.02380334713e-11 1.81899515408e-05 2.54083939732e-07 0.00280854383959 0.0689229053903
AMR_VOLUME_STAGE 2.69 365 3 40.526278369719556 -5.6686191138463536e-09
RUN 2.7 366 40.5262783697 0.429000579283
Q_RUN 2.7 366 40.526278369719556 -5.66861437997e-09 -0 0 1.66533453694e-16 8.86335276007e-18 15
Q_CUTCELL_CFL 2.7 366 0.0128243028247 0.0128243028247 0.184038641821 0 626
SHORE 2.7 366 45.96875 0.00355750958847 0.443018956945
Q_MOMENTUM 2.7 366 0.0204218325474 2.43907448655 2.43678809031 0.474455486453 0.467746136108 1.99058285683 0.00286513148248
AMR_VOLUME_STAGE 2.7 366 0 40.526278369719414 -5.6686226204241124e-09
AMR_VOLUME_STAGE 2.7 366 1 40.526278369719414 -5.6686226204241124e-09
Q_CLEANUP 2.7 366 0 -0
AMR_VOLUME_STAGE 2.7 366 2 40.526278369719414 -5.6686226204241124e-09
WARNING: convergence for p not reached after 100 iterations
  res: 1.15734e-06 sum: 1.30087e-07 nrelax: 11
POSTADAPT_REPROJECT 2.7 366 100 1.15734253955e-06 5.82991081941e-11 1.78115833194e-09 1.58632641441e-05 2.42225212634e-07 0.00282065222439 0.0688636378859
AMR_VOLUME_STAGE 2.7 366 3 40.526278369719414 -5.6686226204241124e-09
Q_MOMENTUM 2.71 367 0.0194226358703 2.43685609645 2.44812335609 0.474299199962 0.46780297677 1.96223500618 0.00288010497535
AMR_VOLUME_STAGE 2.71 367 0 40.526278369715982 -5.6687073042769683e-09
AMR_VOLUME_STAGE 2.71 367 1 40.526278369715982 -5.6687073042769683e-09
Q_CLEANUP 2.71 367 0 -0
AMR_VOLUME_STAGE 2.71 367 2 40.526278369715982 -5.6687073042769683e-09
WARNING: convergence for p not reached after 100 iterations
  res: 7.42143e-07 sum: -0.00432386 nrelax: 11
POSTADAPT_REPROJECT 2.71 367 100 7.42142927534e-07 3.94777104274e-11 1.11180931128e-09 1.38175210999e-05 2.61381131245e-07 0.00285493694687 0.0687648938085
AMR_VOLUME_STAGE 2.71 367 3 40.526278369715982 -5.6687073042769683e-09
RUN 2.72 368 40.5262783697 0.427327687996
Q_RUN 2.72 368 40.526278369715982 -5.6687025704e-09 -0 0 1.66533453694e-16 6.42389787198e-18 11
Q_CUTCELL_CFL 2.72 368 0.0128443856598 0.0128443856598 0.18433168083 0 626
SHORE 2.72 368 45.96875 0.00357655214227 0.442715802465
Q_MOMENTUM 2.72 368 0.0210939581 2.45543465897 2.46244256927 0.474246592726 0.467830433536 1.96904289342 0.00289657450439
AMR_VOLUME_STAGE 2.72 368 0 40.52627836971331 -5.6687732279388191e-09
AMR_VOLUME_STAGE 2.72 368 1 40.52627836971331 -5.6687732279388191e-09
Q_CLEANUP 2.72 368 0 -0
AMR_VOLUME_STAGE 2.72 368 2 40.52627836971331 -5.6687732279388191e-09
WARNING: convergence for p not reached after 100 iterations
  res: 5.51855e-07 sum: -0.00757099 nrelax: 11
POSTADAPT_REPROJECT 2.72 368 100 5.51854642588e-07 3.07648303364e-11 8.03453747977e-10 1.20957764574e-05 2.79334657636e-07 0.00283928971194 0.0686934138239
AMR_VOLUME_STAGE 2.72 368 3 40.52627836971331 -5.6687732279388191e-09
Q_MOMENTUM 2.73 369 0.0193451754593 2.43097415027 2.42586475465 0.474070767468 0.467884604562 1.9761259239 0.00285371811191
AMR_VOLUME_STAGE 2.73 369 0 40.526278369711662 -5.6688139042408115e-09
AMR_VOLUME_STAGE 2.73 369 1 40.526278369711662 -5.6688139042408115e-09
Q_CLEANUP 2.73 369 0 -0
AMR_VOLUME_STAGE 2.73 369 2 40.526278369711662 -5.6688139042408115e-09
WARNING: convergence for p not reached after 100 iterations
  res: 8.44352e-07 sum: 0.0104044 nrelax: 11
POSTADAPT_REPROJECT 2.73 369 100 8.44351619507e-07 4.59213997938e-11 1.16846354814e-09 1.12549295105e-05 2.96597211907e-07 0.00284558451318 0.0685848927335
AMR_VOLUME_STAGE 2.73 369 3 40.526278369711662 -5.6688139042408115e-09
RUN 2.74 370 40.5262783697 0.429667552549
Q_RUN 2.74 370 40.526278369711662 -5.66880917036e-09 -0 0 1.66533453694e-16 7.91467585914e-18 12
Q_CUTCELL_CFL 2.74 370 0.0128581938531 0.0128581938531 0.184412408756 0 626
SHORE 2.74 370 45.96875 0.00360466583992 0.442316023039
Q_MOMENTUM 2.74 370 0.020094809216 2.41394948903 2.40221446622 0.474196238357 0.46792276963 1.93459624259 0.00282543879311
AMR_VOLUME_STAGE 2.74 370 0 40.526278369708919 -5.6688815811915412e-09
AMR_VOLUME_STAGE 2.74 370 1 40.526278369708919 -5.6688815811915412e-09
Q_CLEANUP 2.74 370 0 -0
AMR_VOLUME_STAGE 2.74 370 2 40.526278369708919 -5.6688815811915412e-09
WARNING: convergence for p not reached after 100 iterations
  res: 3.98442e-07 sum: 0.019437 nrelax: 12
POSTADAPT_REPROJECT 2.74 370 100 3.98442333851e-07 2.01637767279e-11 5.22067278297e-10 6.67370167684e-06 3.13818874519e-07 0.00285887691851 0.0685060981746
AMR_VOLUME_STAGE 2.74 370 3 40.526278369708919 -5.6688815811915412e-09
Q_MOMENTUM 2.75 371 0.0218032209567 2.41304888628 2.42706379313 0.473983319092 0.467976045197 1.9268454961 0.00285536915696
AMR_VOLUME_STAGE 2.75 371 0 40.526278369707562 -5.6689150690091303e-09
AMR_VOLUME_STAGE 2.75 371 1 40.526278369707562 -5.6689150690091303e-09
Q_CLEANUP 2.75 371 0 -0
AMR_VOLUME_STAGE 2.75 371 2 40.526278369707562 -5.6689150690091303e-09
WARNING: convergence for p not reached after 100 iterations
  res: 2.12477e-08 sum: -0.009784 nrelax: 10
POSTADAPT_REPROJECT 2.75 371 100 2.12476649568e-08 2.31010672862e-12 5.91517945736e-11 5.51899798932e-06 2.91067083704e-07 0.00285959911834 0.0683918211115
AMR_VOLUME_STAGE 2.75 371 3 40.526278369707562 -5.6689150690091303e-09
RUN 2.76 372 40.5262783697 0.430631595237
Q_RUN 2.76 372 40.526278369707562 -5.66891033513e-09 -0 0 1.66533453694e-16 9.24282352044e-18 14
Q_CUTCELL_CFL 2.76 372 0.0128893204525 0.0128893204525 0.18456679217 0 625
SHORE 2.76 372 45.96875 0.00362473062648 0.441998836427
Q_MOMENTUM 2.76 372 0.0205879955791 2.42718493751 2.42386686447 0.474169528668 0.467971113039 1.97976952303 0.00285157566142
AMR_VOLUME_STAGE 2.76 372 0 40.526278369707519 -5.6689161209824577e-09
AMR_VOLUME_STAGE 2.76 372 1 40.526278369707519 -5.6689161209824577e-09
Q_CLEANUP 2.76 372 0 -0
AMR_VOLUME_STAGE 2.76 372 2 40.526278369707519 -5.6689161209824577e-09
WARNING: convergence for p not reached after 100 iterations
  res: 2.02554e-07 sum: -4.16107e-09 nrelax: 21
POSTADAPT_REPROJECT 2.76 372 100 2.02554208902e-07 1.58390910561e-11 2.86857648746e-10 5.37157177686e-06 3.10081451704e-07 0.00286026904639 0.0683102482918
AMR_VOLUME_STAGE 2.76 372 3 40.526278369707519 -5.6689161209824577e-09
Q_MOMENTUM 2.77 373 0.0194706495978 2.42941317418 2.42004631575 0.474286630219 0.467983281115 1.95375563166 0.00284598922365
AMR_VOLUME_STAGE 2.77 373 0 40.526278369706553 -5.6689399657112122e-09
AMR_VOLUME_STAGE 2.77 373 1 40.526278369706553 -5.6689399657112122e-09
Q_CLEANUP 2.77 373 0 -0
AMR_VOLUME_STAGE 2.77 373 2 40.526278369706553 -5.6689399657112122e-09
WARNING: convergence for p not reached after 100 iterations
  res: 2.43091e-07 sum: -0.0215774 nrelax: 25
POSTADAPT_REPROJECT 2.77 373 100 2.43091462985e-07 1.63963527266e-11 2.82097012416e-10 5.32961705309e-06 3.03296752663e-07 0.00286035992294 0.0681937487244
AMR_VOLUME_STAGE 2.77 373 3 40.526278369706553 -5.6689399657112122e-09
RUN 2.78 374 40.5262783697 0.430339095739
Q_RUN 2.78 374 40.526278369706553 -5.66893523183e-09 -0 0 1.66533453694e-16 1.09894054577e-17 19
Q_CUTCELL_CFL 2.78 374 0.0129100706163 0.0129100706163 0.184354634706 0 624
SHORE 2.78 374 45.96875 0.00368912804052 0.44154950605
Q_MOMENTUM 2.78 374 0.0231587251478 2.41984551443 2.42970785362 0.474096572661 0.468004815673 1.93803665033 0.00285812121765
AMR_VOLUME_STAGE 2.78 374 0 40.526278369705473 -5.6689666157021738e-09
AMR_VOLUME_STAGE 2.78 374 1 40.526278369705473 -5.6689666157021738e-09
Q_CLEANUP 2.78 374 0 -0
AMR_VOLUME_STAGE 2.78 374 2 40.526278369705473 -5.6689666157021738e-09
WARNING: convergence for p not reached after 100 iterations
  res: 3.92562e-07 sum: 3.75565e-08 nrelax: 24
POSTADAPT_REPROJECT 2.78 374 100 3.92561938475e-07 2.61080803791e-11 4.3751935408e-10 4.67847028439e-06 3.23982549063e-07 0.00285907067703 0.068536988656
AMR_VOLUME_STAGE 2.78 374 3 40.526278369705473 -5.6689666157021738e-09
Q_MOMENTUM 2.79 375 0.0197247632873 2.39561758347 2.39527592745 0.47388117801 0.467997112263 1.91634422372 0.00281705451997
AMR_VOLUME_STAGE 2.79 375 0 40.526278369703583 -5.6690132531863554e-09
AMR_VOLUME_STAGE 2.79 375 1 40.526278369703583 -5.6690132531863554e-09
Q_CLEANUP 2.79 375 0 -0
AMR_VOLUME_STAGE 2.79 375 2 40.526278369703583 -5.6690132531863554e-09
WARNING: convergence for p not reached after 100 iterations
  res: 1.11664e-07 sum: 0.00975494 nrelax: 23
POSTADAPT_REPROJECT 2.79 375 100 1.11664135504e-07 7.8110640398e-12 1.57895918562e-10 4.33311098838e-06 2.99845971592e-07 0.00285817399732 0.0691091515504
AMR_VOLUME_STAGE 2.79 375 3 40.526278369703583 -5.6690132531863554e-09
RUN 2.8 376 40.5262783697 0.433082903057
Q_RUN 2.8 376 40.526278369703583 -5.66900851931e-09 -0 0 1.66533453694e-16 6.83047368666e-18 10
Q_CUTCELL_CFL 2.8 376 0.012935640915 0.012935640915 0.184089615974 0 624
SHORE 2.8 376 45.96875 0.00368878255438 0.441274853165
Q_MOMENTUM 2.8 376 0.0203457567191 2.36437640836 2.36554641493 0.473962365387 0.467980955746 1.92841312608 0.0027813011966
AMR_VOLUME_STAGE 2.8 376 0 40.526278369703114 -5.6690248248929564e-09
AMR_VOLUME_STAGE 2.8 376 1 40.526278369703114 -5.6690248248929564e-09
Q_CLEANUP 2.8 376 0 -0
AMR_VOLUME_STAGE 2.8 376 2 40.526278369703114 -5.6690248248929564e-09
WARNING: convergence for p not reached after 100 iterations
  res: 1.1554e-08 sum: -2.21805e-08 nrelax: 22
POSTADAPT_REPROJECT 2.8 376 100 1.15540377423e-08 8.62089032591e-13 1.7503332117e-11 4.25914151432e-06 3.36393993132e-07 0.00285608290521 0.069619980204
AMR_VOLUME_STAGE 2.8 376 3 40.526278369703114 -5.6690248248929564e-09
Q_MOMENTUM 2.81 377 0.0208843410551 2.36880154682 2.36057787605 0.473796223918 0.467944462541 1.91247197904 0.00277299574889
AMR_VOLUME_STAGE 2.81 377 0 40.526278369703022 -5.6690271041684995e-09
AMR_VOLUME_STAGE 2.81 377 1 40.526278369703022 -5.6690271041684995e-09
Q_CLEANUP 2.81 377 0 -0
AMR_VOLUME_STAGE 2.81 377 2 40.526278369703022 -5.6690271041684995e-09
WARNING: convergence for p not reached after 100 iterations
  res: 8.39956e-07 sum: -0.0231306 nrelax: 26
POSTADAPT_REPROJECT 2.81 377 100 8.39955971168e-07 5.84442625735e-11 1.20186216535e-09 3.8383228868e-06 3.57413644007e-07 0.00286576426819 0.0701048200924
AMR_VOLUME_STAGE 2.81 377 3 40.526278369703022 -5.6690271041684995e-09
RUN 2.82 378 40.5262783697 0.429536359712
Q_RUN 2.82 378 40.526278369703022 -5.66902237029e-09 -0 0 1.66533453694e-16 8.05697739428e-18 13
Q_CUTCELL_CFL 2.82 378 0.0129826994451 0.0129826994451 0.18399903728 0 624
SHORE 2.82 378 45.96875 0.00369149531739 0.441217128305
Q_MOMENTUM 2.82 378 0.0213579171636 2.36559528194 2.36142983519 0.473682489355 0.467955201308 1.87095450374 0.00277089651405
AMR_VOLUME_STAGE 2.82 378 0 40.526278369699291 -5.669119151834647e-09
AMR_VOLUME_STAGE 2.82 378 1 40.526278369699291 -5.669119151834647e-09
Q_CLEANUP 2.82 378 0 -0
AMR_VOLUME_STAGE 2.82 378 2 40.526278369699291 -5.669119151834647e-09
WARNING: convergence for p not reached after 100 iterations
  res: 8.32872e-07 sum: -0.0078207 nrelax: 35
POSTADAPT_REPROJECT 2.82 378 100 8.3287208382e-07 5.88026199075e-11 1.1333294303e-09 5.99379013347e-06 3.73744009256e-07 0.00287276835918 0.0705394122504
AMR_VOLUME_STAGE 2.82 378 3 40.526278369699291 -5.669119151834647e-09
Q_MOMENTUM 2.83 379 0.0201825731698 2.36539317336 2.3611701398 0.473664823474 0.467919271502 1.9183367151 0.00276835730323
AMR_VOLUME_STAGE 2.83 379 0 40.526278369695284 -5.6692180373274236e-09
AMR_VOLUME_STAGE 2.83 379 1 40.526278369695284 -5.6692180373274236e-09
Q_CLEANUP 2.83 379 0 -0
AMR_VOLUME_STAGE 2.83 379 2 40.526278369695284 -5.6692180373274236e-09
WARNING: convergence for p not reached after 100 iterations
  res: 2.4659e-08 sum: 0.00357789 nrelax: 34
POSTADAPT_REPROJECT 2.83 379 100 2.4658972969e-08 1.86006961013e-12 3.37481154133e-11 1.17131303553e-05 4.29543383087e-07 0.00294298428328 0.0713673035338
AMR_VOLUME_STAGE 2.83 379 3 40.526278369695284 -5.6692180373274236e-09
RUN 2.84 380 40.5262783697 0.429552662699
Q_RUN 2.84 380 40.526278369695284 -5.66921330345e-09 -0 0 1.66533453694e-16 3.30512256019e-18 8
Q_CUTCELL_CFL 2.84 380 0.0130260878957 0.0130260878957 0.183698594257 0 622
SHORE 2.84 380 45.96875 0.00369491563422 0.440787404007
Q_MOMENTUM 2.84 380 0.0206825538658 2.37438525477 2.36507987395 0.473653176957 0.467857905769 1.90753424481 0.00276903337409
AMR_VOLUME_STAGE 2.84 380 0 40.526278369695063 -5.669223472522948e-09
AMR_VOLUME_STAGE 2.84 380 1 40.526278369695063 -5.669223472522948e-09
Q_CLEANUP 2.84 380 0 -0
AMR_VOLUME_STAGE 2.84 380 2 40.526278369695063 -5.669223472522948e-09
POSTADAPT_REPROJECT 2.84 380 99 8.59748867355e-09 6.23500143218e-13 1.05724318189e-11 1.38977839215e-05 3.14288139726e-07 0.00266371182834 0.0675136097353
AMR_VOLUME_STAGE 2.84 380 3 40.526278369695063 -5.669223472522948e-09
Q_MOMENTUM 2.85 381 0.0255282381982 2.38500340153 2.37087054231 0.473415759187 0.467875627074 1.89161048836 0.00276901288667
AMR_VOLUME_STAGE 2.85 381 0 40.526278369695113 -5.6692222452207331e-09
AMR_VOLUME_STAGE 2.85 381 1 40.526278369695113 -5.6692222452207331e-09
Q_CLEANUP 2.85 381 0 -0
AMR_VOLUME_STAGE 2.85 381 2 40.526278369695113 -5.6692222452207331e-09
POSTADAPT_REPROJECT 2.85 381 74 9.84804936968e-09 7.07143552283e-13 1.157784979e-11 1.41636353735e-05 5.3361778039e-07 0.00265860993463 0.0673997325082
AMR_VOLUME_STAGE 2.85 381 3 40.526278369695113 -5.6692222452207331e-09
RUN 2.86 382 40.5262783697 0.428993103425
Q_RUN 2.86 382 40.526278369695113 -5.66921751134e-09 -0 0 1.66533453694e-16 9.82558218815e-18 16
Q_CUTCELL_CFL 2.86 382 0.0130671693111 0.0130671693111 0.183223691661 0 620
SHORE 2.86 382 45.96875 0.00367431056199 0.440252764504
Q_MOMENTUM 2.86 382 0.0204912973936 2.37862730001 2.37596661097 0.473441604272 0.46790019733 1.92999872923 0.00277693474704
AMR_VOLUME_STAGE 2.86 382 0 40.526278369695049 -5.6692238231807237e-09
AMR_VOLUME_STAGE 2.86 382 1 40.526278369695049 -5.6692238231807237e-09
Q_CLEANUP 2.86 382 0 -0
AMR_VOLUME_STAGE 2.86 382 2 40.526278369695049 -5.6692238231807237e-09
POSTADAPT_REPROJECT 2.86 382 54 6.42508194718e-09 4.2457016981e-13 9.03810359887e-12 1.10623119233e-05 3.14305875707e-07 0.00267188060726 0.0664310134763
AMR_VOLUME_STAGE 2.86 382 3 40.526278369695049 -5.6692238231807237e-09
Q_MOMENTUM 2.87 383 0.0200000947703 2.39623840511 2.38172864306 0.473236454488 0.467876605211 1.91656876204 0.00278010117722
AMR_VOLUME_STAGE 2.87 383 0 40.526278369695063 -5.669223472522948e-09
AMR_VOLUME_STAGE 2.87 383 1 40.526278369695063 -5.669223472522948e-09
Q_CLEANUP 2.87 383 0 -0
AMR_VOLUME_STAGE 2.87 383 2 40.526278369695063 -5.669223472522948e-09
POSTADAPT_REPROJECT 2.87 383 41 6.49417405343e-09 3.93083415897e-13 8.04245559038e-12 1.47841442399e-05 2.98564867743e-07 0.00265471903584 0.0673142805634
AMR_VOLUME_STAGE 2.87 383 3 40.526278369695063 -5.669223472522948e-09
RUN 2.88 384 40.5262783697 0.427017274695
Q_RUN 2.88 384 40.526278369695063 -5.66921873864e-09 -0 0 1.66533453694e-16 6.12574227454e-18 9
Q_CUTCELL_CFL 2.88 384 0.0130907818518 0.0130907818518 0.182484827874 0 619
SHORE 2.88 384 45.96875 0.00366207776841 0.439726733252
Q_MOMENTUM 2.88 384 0.0256224218894 2.40119305442 2.38412719415 0.473451872356 0.467931484949 1.90751682404 0.00277729761451
AMR_VOLUME_STAGE 2.88 384 0 40.526278369695049 -5.6692238231807237e-09
AMR_VOLUME_STAGE 2.88 384 1 40.526278369695049 -5.6692238231807237e-09
Q_CLEANUP 2.88 384 0 -0
AMR_VOLUME_STAGE 2.88 384 2 40.526278369695049 -5.6692238231807237e-09
POSTADAPT_REPROJECT 2.88 384 35 8.64358010708e-09 4.12148149326e-13 9.56745793701e-12 1.44776143391e-05 3.35351440155e-07 0.00265347521513 0.0670940931437
AMR_VOLUME_STAGE 2.88 384 3 40.526278369695049 -5.6692238231807237e-09
Q_MOMENTUM 2.89 385 0.0210582241629 2.40220114064 2.37674533985 0.473364819873 0.467937427088 1.94297963419 0.00277411959782
AMR_VOLUME_STAGE 2.89 385 0 40.526278369695 -5.6692250504829394e-09
AMR_VOLUME_STAGE 2.89 385 1 40.526278369695 -5.6692250504829394e-09
Q_CLEANUP 2.89 385 0 -0
AMR_VOLUME_STAGE 2.89 385 2 40.526278369695 -5.6692250504829394e-09
POSTADAPT_REPROJECT 2.89 385 32 7.92228897618e-09 3.92130611081e-13 1.09570130746e-11 1.35084075421e-05 3.25778061568e-07 0.00264736857738 0.0669050845597
AMR_VOLUME_STAGE 2.89 385 3 40.526278369695 -5.6692250504829394e-09
RUN 2.9 386 40.5262783697 0.4255804245
Q_RUN 2.9 386 40.526278369695 -5.6692203166e-09 -0 0 1.66533453694e-16 4.10641572829e-18 9
Q_CUTCELL_CFL 2.9 386 0.013095006812 0.013095006812 0.18131069982 0 619
SHORE 2.9 386 45.96875 0.00365149515365 0.439254694795
Q_MOMENTUM 2.9 386 0.0202322795029 2.41383663652 2.38278754418 0.473406359485 0.467922097304 1.93127963029 0.00277978637527
AMR_VOLUME_STAGE 2.9 386 0 40.526278369695035 -5.6692241738384995e-09
AMR_VOLUME_STAGE 2.9 386 1 40.526278369695035 -5.6692241738384995e-09
Q_CLEANUP 2.9 386 0 -0
AMR_VOLUME_STAGE 2.9 386 2 40.526278369695035 -5.6692241738384995e-09
POSTADAPT_REPROJECT 2.9 386 33 6.66465435243e-09 4.31718076531e-13 8.47188985631e-12 1.21623304353e-05 2.92643356385e-07 0.00264279157806 0.0667921364685
AMR_VOLUME_STAGE 2.9 386 3 40.526278369695035 -5.6692241738384995e-09
Q_MOMENTUM 2.91 387 0.0218291791427 2.40959985572 2.38006538105 0.473352922299 0.467923039627 1.92093802677 0.00277297382145
AMR_VOLUME_STAGE 2.91 387 0 40.526278369695014 -5.6692246998251636e-09
AMR_VOLUME_STAGE 2.91 387 1 40.526278369695014 -5.6692246998251636e-09
Q_CLEANUP 2.91 387 0 -0
AMR_VOLUME_STAGE 2.91 387 2 40.526278369695014 -5.6692246998251636e-09
POSTADAPT_REPROJECT 2.91 387 31 6.91936660677e-09 4.29073164991e-13 8.11706257764e-12 1.05289825152e-05 4.66329442055e-07 0.00264247345776 0.0666691279729
AMR_VOLUME_STAGE 2.91 387 3 40.526278369695014 -5.6692246998251636e-09
RUN 2.92 388 40.5262783697 0.425574635931
Q_RUN 2.92 388 40.526278369695014 -5.66921996595e-09 -0 0 1.66533453694e-16 1.09775469964e-17 15
Q_CUTCELL_CFL 2.92 388 0.013104823338 0.013104823338 0.180096846569 0 619
SHORE 2.92 388 45.96875 0.00364062826529 0.438782632078
Q_MOMENTUM 2.92 388 0.0252008626832 2.42435526488 2.38061754806 0.473629846121 0.467908174553 1.96317502225 0.00276937813813
AMR_VOLUME_STAGE 2.92 388 0 40.52627836969495 -5.6692262777851543e-09
AMR_VOLUME_STAGE 2.92 388 1 40.52627836969495 -5.6692262777851543e-09
Q_CLEANUP 2.92 388 0 -0
AMR_VOLUME_STAGE 2.92 388 2 40.52627836969495 -5.6692262777851543e-09
POSTADAPT_REPROJECT 2.92 388 30 6.53904299121e-09 2.45134165138e-13 7.49267314859e-12 1.36178876713e-05 3.24537366368e-07 0.00264190626242 0.0665930701572
AMR_VOLUME_STAGE 2.92 388 3 40.52627836969495 -5.6692262777851543e-09
Q_MOMENTUM 2.93 389 0.0202328441373 2.41375758715 2.37582924604 0.473329669321 0.467914944438 1.94362094173 0.00277018049845
AMR_VOLUME_STAGE 2.93 389 0 40.526278369695049 -5.6692238231807237e-09
AMR_VOLUME_STAGE 2.93 389 1 40.526278369695049 -5.6692238231807237e-09
Q_CLEANUP 2.93 389 0 -0
AMR_VOLUME_STAGE 2.93 389 2 40.526278369695049 -5.6692238231807237e-09
POSTADAPT_REPROJECT 2.93 389 34 5.85941816595e-09 2.54118662699e-13 7.87103715538e-12 1.26255248107e-05 3.22950205799e-07 0.0026460563875 0.06649131558
AMR_VOLUME_STAGE 2.93 389 3 40.526278369695049 -5.6692238231807237e-09
RUN 2.94 390 40.5262783697 0.423539588323
Q_RUN 2.94 390 40.526278369695049 -5.6692190893e-09 -0 0 1.66533453694e-16 8.15862134795e-18 14
Q_CUTCELL_CFL 2.94 390 0.0130829268614 0.0130829268614 0.178400856813 0 617
SHORE 2.94 390 45.96875 0.00362804591105 0.438220162315
Q_MOMENTUM 2.94 390 0.0208567210457 2.42729983539 2.40810057628 0.473651419607 0.467961805282 1.93427520327 0.00281814821589
AMR_VOLUME_STAGE 2.94 390 0 40.526278369695063 -5.669223472522948e-09
AMR_VOLUME_STAGE 2.94 390 1 40.526278369695063 -5.669223472522948e-09
Q_CLEANUP 2.94 390 0 -0
AMR_VOLUME_STAGE 2.94 390 2 40.526278369695063 -5.669223472522948e-09
POSTADAPT_REPROJECT 2.94 390 43 7.17100112308e-09 3.89133316056e-13 8.74589289879e-12 1.49005668452e-05 3.02071473627e-07 0.00264687615146 0.0664275291228
AMR_VOLUME_STAGE 2.94 390 3 40.526278369695063 -5.669223472522948e-09
Q_MOMENTUM 2.95 391 0.0299972075309 2.42377347519 2.39716925 0.473766488261 0.468039743238 1.99640994022 0.00281450415883
AMR_VOLUME_STAGE 2.95 391 0 40.526278369694957 -5.6692261024562668e-09
AMR_VOLUME_STAGE 2.95 391 1 40.526278369694957 -5.6692261024562668e-09
Q_CLEANUP 2.95 391 0 -0
AMR_VOLUME_STAGE 2.95 391 2 40.526278369694957 -5.6692261024562668e-09
POSTADAPT_REPROJECT 2.95 391 82 8.29522687559e-09 4.50791377417e-13 9.19353482232e-12 1.32423585503e-05 2.89466628223e-07 0.00263609324125 0.0663312947333
AMR_VOLUME_STAGE 2.95 391 3 40.526278369694957 -5.6692261024562668e-09
RUN 2.96 392 40.5262783697 0.424692182125
Q_RUN 2.96 392 40.526278369694957 -5.66922136858e-09 -0 0 1.66533453694e-16 8.39917870497e-18 13
Q_CUTCELL_CFL 2.96 392 0.013089923573 0.013089923573 0.176879210459 0 614
SHORE 2.96 392 45.96875 0.00361696135701 0.437735560709
Q_MOMENTUM 2.96 392 0.0212478539749 2.42729035933 2.43455566948 0.474013337122 0.468059589693 1.97161119631 0.00280565126486
AMR_VOLUME_STAGE 2.96 392 0 40.526278369695021 -5.6692245244962753e-09
AMR_VOLUME_STAGE 2.96 392 1 40.526278369695021 -5.6692245244962753e-09
Q_CLEANUP 2.96 392 0 -0
AMR_VOLUME_STAGE 2.96 392 2 40.526278369695021 -5.6692245244962753e-09
WARNING: convergence for p not reached after 100 iterations
  res: 2.35823e-08 sum: 4.15657e-07 nrelax: 21
POSTADAPT_REPROJECT 2.96 392 100 2.35823088532e-08 1.24864426871e-12 2.39568365146e-11 1.46970571943e-05 3.25042902812e-07 0.00264228736677 0.0662690367328
AMR_VOLUME_STAGE 2.96 392 3 40.526278369695021 -5.6692245244962753e-09
Q_MOMENTUM 2.97 393 0.020965731969 2.42673041868 2.4583896697 0.47390295238 0.468042074154 1.9478492276 0.00286020205887
AMR_VOLUME_STAGE 2.97 393 0 40.526278369694943 -5.6692264531140426e-09
AMR_VOLUME_STAGE 2.97 393 1 40.526278369694943 -5.6692264531140426e-09
Q_CLEANUP 2.97 393 0 -0
AMR_VOLUME_STAGE 2.97 393 2 40.526278369694943 -5.6692264531140426e-09
WARNING: convergence for p not reached after 100 iterations
  res: 1.07153e-07 sum: -0.0130625 nrelax: 20
POSTADAPT_REPROJECT 2.97 393 100 1.07152889961e-07 5.77938392039e-12 1.09263043058e-10 1.69932225623e-05 3.23105774601e-07 0.00264866716883 0.0661711397711
AMR_VOLUME_STAGE 2.97 393 3 40.526278369694943 -5.6692264531140426e-09
RUN 2.98 394 40.5262783697 0.424309632824
Q_RUN 2.98 394 40.526278369694943 -5.66922171923e-09 -0 0 1.66533453694e-16 1.08454098566e-17 17
Q_CUTCELL_CFL 2.98 394 0.0131165296193 0.0131165296193 0.175543996737 0 615
SHORE 2.98 394 45.96875 0.00361337539546 0.43724713362
Q_MOMENTUM 2.98 394 0.0282787941667 2.43941262895 2.47637267251 0.474257406719 0.468027979411 2.02828298208 0.00289277933788
AMR_VOLUME_STAGE 2.98 394 0 40.526278369694595 -5.6692350442295498e-09
AMR_VOLUME_STAGE 2.98 394 1 40.526278369694595 -5.6692350442295498e-09
Q_CLEANUP 2.98 394 0 -0
AMR_VOLUME_STAGE 2.98 394 2 40.526278369694595 -5.6692350442295498e-09
WARNING: convergence for p not reached after 100 iterations
  res: 8.76359e-08 sum: 0.0182932 nrelax: 19
POSTADAPT_REPROJECT 2.98 394 100 8.76359103081e-08 4.79032414517e-12 8.98641161484e-11 1.88689225885e-05 2.9225035976e-07 0.00265346842286 0.0661054024935
AMR_VOLUME_STAGE 2.98 394 3 40.526278369694595 -5.6692350442295498e-09
Q_MOMENTUM 2.99 395 0.0212898984462 2.45220728322 2.47046248184 0.474145484779 0.468004294018 1.99146976043 0.00289235248202
AMR_VOLUME_STAGE 2.99 395 0 40.526278369694211 -5.6692445119894961e-09
AMR_VOLUME_STAGE 2.99 395 1 40.526278369694211 -5.6692445119894961e-09
Q_CLEANUP 2.99 395 0 -0
AMR_VOLUME_STAGE 2.99 395 2 40.526278369694211 -5.6692445119894961e-09
WARNING: convergence for p not reached after 100 iterations
  res: 3.52981e-07 sum: 0.00471213 nrelax: 18
POSTADAPT_REPROJECT 2.99 395 100 3.52980610518e-07 1.96386508508e-11 4.70467220737e-10 1.83821106571e-05 2.76978815431e-07 0.00264975132115 0.0670299650922
AMR_VOLUME_STAGE 2.99 395 3 40.526278369694211 -5.6692445119894961e-09
RUN 3 396 40.5262783697 0.423650333871
Q_RUN 3 396 40.526278369694211 -5.66923977811e-09 -0 0 1.66533453694e-16 7.50640597857e-18 16
Q_CUTCELL_CFL 3 396 0.0130021270016 0.0130021270016 0.172267792172 0 614
SHORE 3 396 45.96875 0.00361547916572 0.436627493116
Q_MOMENTUM 3 396 0.0220387516237 2.45009864978 2.44165179746 0.474327443328 0.468054344025 1.96772527754 0.00286169131041
AMR_VOLUME_STAGE 3 396 0 40.526278369692953 -5.6692755452026547e-09
AMR_VOLUME_STAGE 3 396 1 40.526278369692953 -5.6692755452026547e-09
Q_CLEANUP 3 396 0 -0
AMR_VOLUME_STAGE 3 396 2 40.526278369692953 -5.6692755452026547e-09
WARNING: convergence for p not reached after 100 iterations
  res: 2.89107e-07 sum: 2.23763e-07 nrelax: 17
POSTADAPT_REPROJECT 3 396 100 2.8910724517e-07 1.63970188434e-11 4.06518374518e-10 2.05183686117e-05 3.03940638314e-07 0.00266975881936 0.0656847585155
AMR_VOLUME_STAGE 3 396 3 40.526278369692953 -5.6692755452026547e-09
Q_MOMENTUM 3.01 397 0.0263685768266 2.4525306422 2.42978647211 0.474322343206 0.468006265384 2.00459326468 0.00280860100441
AMR_VOLUME_STAGE 3.01 397 0 40.52627836969193 -5.6693007925625123e-09
AMR_VOLUME_STAGE 3.01 397 1 40.52627836969193 -5.6693007925625123e-09
Q_CLEANUP 3.01 397 0 -0
AMR_VOLUME_STAGE 3.01 397 2 40.52627836969193 -5.6693007925625123e-09
POSTADAPT_REPROJECT 3.01 397 99 8.16318574559e-09 4.55704558154e-13 1.01509911588e-11 1.937156975e-05 3.61115482165e-07 0.00264214047829 0.0656538740947
AMR_VOLUME_STAGE 3.01 397 3 40.52627836969193 -5.6693007925625123e-09
RUN 3.02 398 40.5262783697 0.426538425098
Q_RUN 3.02 398 40.52627836969193 -5.66929605868e-09 -0 0 1.66533453694e-16 8.4821879338e-18 13
Q_CUTCELL_CFL 3.02 398 0.0130173901744 0.0130173901744 0.170585682586 0 614
SHORE 3.02 398 45.96875 0.00362007011372 0.436035730224
Q_MOMENTUM 3.02 398 0.0239031643858 2.46578389549 2.46668773472 0.474295549315 0.467954308786 2.01806639232 0.00284508648412
AMR_VOLUME_STAGE 3.02 398 0 40.52627836969198 -5.6692995652602975e-09
AMR_VOLUME_STAGE 3.02 398 1 40.52627836969198 -5.6692995652602975e-09
Q_CLEANUP 3.02 398 0 -0
AMR_VOLUME_STAGE 3.02 398 2 40.52627836969198 -5.6692995652602975e-09
POSTADAPT_REPROJECT 3.02 398 91 8.31054563814e-09 6.04444070504e-13 1.1867840044e-11 1.39128742486e-05 3.03233278697e-07 0.00266224354302 0.0642861181629
AMR_VOLUME_STAGE 3.02 398 3 40.52627836969198 -5.6692995652602975e-09
Q_MOMENTUM 3.03 399 0.022232900199 2.48208310661 2.47817496817 0.47439272663 0.467900636007 1.97561030973 0.00285550915014
AMR_VOLUME_STAGE 3.03 399 0 40.52627836969198 -5.6692995652602975e-09
AMR_VOLUME_STAGE 3.03 399 1 40.52627836969198 -5.6692995652602975e-09
Q_CLEANUP 3.03 399 0 -0
AMR_VOLUME_STAGE 3.03 399 2 40.52627836969198 -5.6692995652602975e-09
WARNING: convergence for p not reached after 100 iterations
  res: 2.0334e-08 sum: -0.0239541 nrelax: 14
POSTADAPT_REPROJECT 3.03 399 100 2.03339629072e-08 1.18711720292e-12 2.24369411939e-11 1.61751352428e-05 3.00113118313e-07 0.00267288369639 0.0669889905731
AMR_VOLUME_STAGE 3.03 399 3 40.52627836969198 -5.6692995652602975e-09
RUN 3.04 400 40.5262783697 0.426597546033
Q_RUN 3.04 400 40.52627836969198 -5.66929483138e-09 -0 0 1.66533453694e-16 1.13028076482e-17 16
Q_CUTCELL_CFL 3.04 400 0.0128609493191 0.0128609493191 0.167898237854 0 615
SHORE 3.04 400 45.96875 0.00363546437607 0.435383470975
Q_MOMENTUM 3.04 400 0.0269797261747 2.5067026793 2.49097712719 0.474826337994 0.467835616321 1.98959558583 0.00286537613807
AMR_VOLUME_STAGE 3.04 400 0 40.526278369691845 -5.6693028965091671e-09
AMR_VOLUME_STAGE 3.04 400 1 40.526278369691845 -5.6693028965091671e-09
Q_CLEANUP 3.04 400 0 -0
AMR_VOLUME_STAGE 3.04 400 2 40.526278369691845 -5.6693028965091671e-09
POSTADAPT_REPROJECT 3.04 400 100 9.35921025237e-09 6.17115182787e-13 1.06394892896e-11 1.2197187308e-05 3.28769537164e-07 0.00266413246031 0.0669225632393
AMR_VOLUME_STAGE 3.04 400 3 40.526278369691845 -5.6693028965091671e-09
Q_MOMENTUM 3.05 401 0.0229277457531 2.52655390398 2.49262937102 0.4744064234 0.467634714963 2.03175113977 0.00286260414665
AMR_VOLUME_STAGE 3.05 401 0 40.526278369691688 -5.6693067537447007e-09
AMR_VOLUME_STAGE 3.05 401 1 40.526278369691688 -5.6693067537447007e-09
Q_CLEANUP 3.05 401 0 -0
AMR_VOLUME_STAGE 3.05 401 2 40.526278369691688 -5.6693067537447007e-09
WARNING: convergence for p not reached after 100 iterations
  res: 3.26385e-08 sum: 0.0491571 nrelax: 12
POSTADAPT_REPROJECT 3.05 401 100 3.2638534721e-08 2.28265793424e-12 3.77866626877e-11 1.229580695e-05 2.94585747692e-07 0.00267362318759 0.0668105463617
AMR_VOLUME_STAGE 3.05 401 3 40.526278369691688 -5.6693067537447007e-09
RUN 3.06 402 40.5262783697 0.42647932348
Q_RUN 3.06 402 40.526278369691688 -5.66930201986e-09 -0 0 1.66533453694e-16 8.43306002286e-18 14
Q_CUTCELL_CFL 3.06 402 0.0128509409999 0.0128509409999 0.166490619984 0 614
SHORE 3.06 402 45.96875 0.00365128646 0.434634961029
Q_MOMENTUM 3.06 402 0.0226875670363 2.55079635765 2.52244666845 0.474058714419 0.467567912782 1.97182346951 0.00290694427723
AMR_VOLUME_STAGE 3.06 402 0 40.526278369691681 -5.6693069290735891e-09
AMR_VOLUME_STAGE 3.06 402 1 40.526278369691681 -5.6693069290735891e-09
Q_CLEANUP 3.06 402 0 -0
AMR_VOLUME_STAGE 3.06 402 2 40.526278369691681 -5.6693069290735891e-09
POSTADAPT_REPROJECT 3.06 402 86 8.14288007778e-09 1.09652109978e-12 1.29629640355e-11 1.31731251392e-05 3.36566317157e-07 0.00269489497001 0.06673129547
AMR_VOLUME_STAGE 3.06 402 3 40.526278369691681 -5.6693069290735891e-09
Q_MOMENTUM 3.07 403 0.0256658976859 2.54921705835 2.54995712983 0.474429479337 0.467485183811 1.90605018357 0.00293720111484
AMR_VOLUME_STAGE 3.07 403 0 40.526278369691482 -5.6693118382824501e-09
AMR_VOLUME_STAGE 3.07 403 1 40.526278369691482 -5.6693118382824501e-09
Q_CLEANUP 3.07 403 0 -0
AMR_VOLUME_STAGE 3.07 403 2 40.526278369691482 -5.6693118382824501e-09
POSTADAPT_REPROJECT 3.07 403 67 7.47309372637e-09 1.59934733622e-12 1.93787208502e-11 1.35345092939e-05 3.0807997938e-07 0.00267192863162 0.066626055839
AMR_VOLUME_STAGE 3.07 403 3 40.526278369691482 -5.6693118382824501e-09
RUN 3.08 404 40.5262783697 0.428730274738
Q_RUN 3.08 404 40.526278369691482 -5.6693071044e-09 -0 0 1.66533453694e-16 5.30237331025e-18 10
Q_CUTCELL_CFL 3.08 404 0.0124742080607 0.0124742080607 0.159314386296 0 614
SHORE 3.08 404 45.96875 0.00366365088534 0.433867644449
Q_MOMENTUM 3.08 404 0.0239737129548 2.58306028699 2.56367171642 0.474380898319 0.467350552554 2.00207683018 0.00295079771722
AMR_VOLUME_STAGE 3.08 404 0 40.526278369691518 -5.669310961638011e-09
AMR_VOLUME_STAGE 3.08 404 1 40.526278369691518 -5.669310961638011e-09
Q_CLEANUP 3.08 404 0 -0
AMR_VOLUME_STAGE 3.08 404 2 40.526278369691518 -5.669310961638011e-09
POSTADAPT_REPROJECT 3.08 404 55 7.07142161845e-09 1.81567986706e-12 2.31770158621e-11 1.22741606156e-05 3.09291007399e-07 0.00267972714762 0.0665573364107
AMR_VOLUME_STAGE 3.08 404 3 40.526278369691518 -5.669310961638011e-09
Q_MOMENTUM 3.09 405 0.0223619322742 2.60250415587 2.56760467017 0.473901364611 0.467265809666 1.9348603068 0.00295194541728
AMR_VOLUME_STAGE 3.09 405 0 40.526278369691354 -5.6693149942024322e-09
AMR_VOLUME_STAGE 3.09 405 1 40.526278369691354 -5.6693149942024322e-09
Q_CLEANUP 3.09 405 0 -0
AMR_VOLUME_STAGE 3.09 405 2 40.526278369691354 -5.6693149942024322e-09
POSTADAPT_REPROJECT 3.09 405 83 8.00996691867e-09 1.16689412715e-12 1.7674750552e-11 6.68874640435e-06 7.67792240419e-07 0.00272882906677 0.0664600639161
AMR_VOLUME_STAGE 3.09 405 3 40.526278369691354 -5.6693149942024322e-09
RUN 3.1 406 40.5262783697 0.428174132507
Q_RUN 3.1 406 40.526278369691354 -5.66931026032e-09 -0 0 1.66533453694e-16 1.35872555069e-17 20
Q_CUTCELL_CFL 3.1 406 0.0124381741098 0.0124381741098 0.156385086637 0 614
SHORE 3.1 406 45.96875 0.00368321032737 0.433460886451
Q_MOMENTUM 3.1 406 0.024035221041 2.63071757304 2.58586435024 0.474090799058 0.46717292172 1.77263187632 0.00297974472485
AMR_VOLUME_STAGE 3.1 406 0 40.52627836969134 -5.669315344860208e-09
AMR_VOLUME_STAGE 3.1 406 1 40.52627836969134 -5.669315344860208e-09
Q_CLEANUP 3.1 406 0 -0
AMR_VOLUME_STAGE 3.1 406 2 40.52627836969134 -5.669315344860208e-09
WARNING: convergence for p not reached after 100 iterations
  res: 1.87913e-08 sum: -9.08062e-08 nrelax: 8
POSTADAPT_REPROJECT 3.1 406 100 1.87912579884e-08 8.21258687831e-13 1.95008453829e-11 8.99864310221e-06 3.32004664905e-07 0.00269926834684 0.0663983341566
AMR_VOLUME_STAGE 3.1 406 3 40.52627836969134 -5.669315344860208e-09
Q_MOMENTUM 3.11 407 0.0228775352173 2.60481393583 2.60109144522 0.473699386906 0.467034053109 1.98032848955 0.00299821389959
AMR_VOLUME_STAGE 3.11 407 0 40.526278369691134 -5.6693204293979573e-09
AMR_VOLUME_STAGE 3.11 407 1 40.526278369691134 -5.6693204293979573e-09
Q_CLEANUP 3.11 407 0 -0
AMR_VOLUME_STAGE 3.11 407 2 40.526278369691134 -5.6693204293979573e-09
POSTADAPT_REPROJECT 3.11 407 91 8.0581304517e-09 4.54685606294e-13 7.77689024289e-12 1.41742110856e-05 3.32954376509e-07 0.00271007900737 0.0663062113868
AMR_VOLUME_STAGE 3.11 407 3 40.526278369691134 -5.6693204293979573e-09
RUN 3.12 408 40.5262783697 0.424799896767
Q_RUN 3.12 408 40.526278369691134 -5.66931569552e-09 -0 0 1.66533453694e-16 1.04151171194e-17 14
Q_CUTCELL_CFL 3.12 408 0.0121856649726 0.0121856649726 0.152135722586 0 616
SHORE 3.12 408 45.96875 0.00371514672481 0.432646625483
Q_MOMENTUM 3.12 408 0.0245054028286 2.62065892202 2.59628070944 0.473294847706 0.466805387389 1.84944092297 0.00299249995717
AMR_VOLUME_STAGE 3.12 408 0 40.526278369691255 -5.6693174488068627e-09
AMR_VOLUME_STAGE 3.12 408 1 40.526278369691255 -5.6693174488068627e-09
Q_CLEANUP 3.12 408 0 -0
AMR_VOLUME_STAGE 3.12 408 2 40.526278369691255 -5.6693174488068627e-09
POSTADAPT_REPROJECT 3.12 408 78 9.22187307365e-09 6.98875708486e-13 9.35873600838e-12 2.42157044297e-06 3.6156617881e-07 0.00270695321471 0.0662480558107
AMR_VOLUME_STAGE 3.12 408 3 40.526278369691255 -5.6693174488068627e-09
Q_MOMENTUM 3.13 409 0.0256031755313 2.58951197111 2.54879654998 0.472691242699 0.466573239141 1.76408285961 0.00293849164859
AMR_VOLUME_STAGE 3.13 409 0 40.526278369691227 -5.6693181501224143e-09
AMR_VOLUME_STAGE 3.13 409 1 40.526278369691227 -5.6693181501224143e-09
Q_CLEANUP 3.13 409 0 -0
AMR_VOLUME_STAGE 3.13 409 2 40.526278369691227 -5.6693181501224143e-09
POSTADAPT_REPROJECT 3.13 409 73 7.43347612548e-09 7.71142641771e-13 1.09204589815e-11 7.48663014709e-06 4.04151262321e-07 0.00269434028383 0.0661585735439
AMR_VOLUME_STAGE 3.13 409 3 40.526278369691227 -5.6693181501224143e-09
RUN 3.14 410 40.5262783697 0.426989089446
Q_RUN 3.14 410 40.526278369691227 -5.66931341624e-09 -0 0 1.66533453694e-16 3.68649914469e-18 9
Q_CUTCELL_CFL 3.14 410 0.0122219519048 0.0122219519048 0.1521746027 0 617
SHORE 3.14 410 45.96875 0.00377207964599 0.431911960809
Q_MOMENTUM 3.14 410 0.0275821408762 2.59059755298 2.54951312242 0.472857430794 0.466402545516 1.83642602248 0.0029486308237
AMR_VOLUME_STAGE 3.14 410 0 40.52627836969129 -5.6693165721624237e-09
AMR_VOLUME_STAGE 3.14 410 1 40.52627836969129 -5.6693165721624237e-09
Q_CLEANUP 3.14 410 0 -0
AMR_VOLUME_STAGE 3.14 410 2 40.52627836969129 -5.6693165721624237e-09
POSTADAPT_REPROJECT 3.14 410 63 7.38299204863e-09 1.10033730617e-12 1.7160495247e-11 5.10745113777e-06 3.49569015273e-07 0.00269919948503 0.0661015688039
AMR_VOLUME_STAGE 3.14 410 3 40.52627836969129 -5.6693165721624237e-09
Q_MOMENTUM 3.15 411 0.0220008332018 2.56270101417 2.55007681952 0.472198717224 0.466142048394 1.83484497389 0.00294771851005
AMR_VOLUME_STAGE 3.15 411 0 40.52627836969117 -5.6693195527535183e-09
AMR_VOLUME_STAGE 3.15 411 1 40.52627836969117 -5.6693195527535183e-09
Q_CLEANUP 3.15 411 0 -0
AMR_VOLUME_STAGE 3.15 411 2 40.52627836969117 -5.6693195527535183e-09
POSTADAPT_REPROJECT 3.15 411 54 8.84882161577e-09 4.97778053444e-12 3.96958022009e-11 2.71031715226e-06 3.71261866941e-07 0.0027118970643 0.0660130178732
AMR_VOLUME_STAGE 3.15 411 3 40.52627836969117 -5.6693195527535183e-09
RUN 3.16 412 40.5262783697 0.423286928595
Q_RUN 3.16 412 40.52627836969117 -5.66931481887e-09 -0 0 1.66533453694e-16 5.75474184365e-18 14
Q_CUTCELL_CFL 3.16 412 0.0122553893514 0.0122553893514 0.152187958481 0 616
SHORE 3.16 412 45.96875 0.00384514705968 0.431040889186
Q_MOMENTUM 3.16 412 0.0228213514887 2.55776020353 2.53250908709 0.471854426626 0.465950530351 1.7259688874 0.0029278227712
AMR_VOLUME_STAGE 3.16 412 0 40.526278369690417 -5.6693381376156351e-09
AMR_VOLUME_STAGE 3.16 412 1 40.526278369690417 -5.6693381376156351e-09
Q_CLEANUP 3.16 412 0 -0
AMR_VOLUME_STAGE 3.16 412 2 40.526278369690417 -5.6693381376156351e-09
POSTADAPT_REPROJECT 3.16 412 54 8.92370435857e-09 4.33771023906e-12 2.83639212378e-11 2.25680157973e-06 3.46950757106e-07 0.0027150484238 0.0659571685866
AMR_VOLUME_STAGE 3.16 412 3 40.526278369690417 -5.6693381376156351e-09
Q_MOMENTUM 3.17 413 0.0230966441328 2.53618174685 2.49847766636 0.471639940694 0.465727158002 1.76033681723 0.0028845812454
AMR_VOLUME_STAGE 3.17 413 0 40.526278369689869 -5.6693516379400034e-09
AMR_VOLUME_STAGE 3.17 413 1 40.526278369689869 -5.6693516379400034e-09
Q_CLEANUP 3.17 413 0 -0
AMR_VOLUME_STAGE 3.17 413 2 40.526278369689869 -5.6693516379400034e-09
POSTADAPT_REPROJECT 3.17 413 54 8.95252618197e-09 4.35457622924e-12 2.84407846666e-11 3.2481656137e-06 4.42752292084e-07 0.00271039792704 0.0658691947145
AMR_VOLUME_STAGE 3.17 413 3 40.526278369689869 -5.6693516379400034e-09
RUN 3.18 414 40.5262783697 0.422596784189
Q_RUN 3.18 414 40.526278369689869 -5.66934690406e-09 -0 0 1.66533453694e-16 7.94347497935e-18 13
Q_CUTCELL_CFL 3.18 414 0.0123202813269 0.0123202813269 0.152558998011 0 617
SHORE 3.18 414 45.96875 0.00384535017778 0.430657326346
Q_MOMENTUM 3.18 414 0.0226855469656 2.5370040138 2.49420853655 0.471368960842 0.465501076285 1.73205414454 0.00289566435496
AMR_VOLUME_STAGE 3.18 414 0 40.52627836968923 -5.6693674175399147e-09
AMR_VOLUME_STAGE 3.18 414 1 40.52627836968923 -5.6693674175399147e-09
Q_CLEANUP 3.18 414 0 -0
AMR_VOLUME_STAGE 3.18 414 2 40.52627836968923 -5.6693674175399147e-09
POSTADAPT_REPROJECT 3.18 414 54 8.968922378e-09 4.35734238068e-12 2.84845437168e-11 1.39579925173e-06 3.40881695028e-07 0.00269276731778 0.0658129225717
AMR_VOLUME_STAGE 3.18 414 3 40.52627836968923 -5.6693674175399147e-09
Q_MOMENTUM 3.19 415 0.022596767724 2.50833770595 2.47635617488 0.470842707985 0.46526926257 1.70984565284 0.00287290100983
AMR_VOLUME_STAGE 3.19 415 0 40.52627836968869 -5.6693807425353955e-09
AMR_VOLUME_STAGE 3.19 415 1 40.52627836968869 -5.6693807425353955e-09
Q_CLEANUP 3.19 415 0 -0
AMR_VOLUME_STAGE 3.19 415 2 40.52627836968869 -5.6693807425353955e-09
POSTADAPT_REPROJECT 3.19 415 54 8.98089299694e-09 4.36906078029e-12 2.85927080623e-11 2.64036515879e-06 3.53360181043e-07 0.00269848266312 0.0657247404682
AMR_VOLUME_STAGE 3.19 415 3 40.52627836968869 -5.6693807425353955e-09
RUN 3.2 416 40.5262783697 0.421858985851
Q_RUN 3.2 416 40.52627836968869 -5.66937600866e-09 -0 0 1.66533453694e-16 1.27173526701e-17 20
Q_CUTCELL_CFL 3.2 416 0.0123860529998 0.0123860529998 0.152859491707 0 618
SHORE 3.2 416 45.96875 0.00384745523776 0.429931277725
Q_MOMENTUM 3.2 416 0.0234745159858 2.47548372321 2.46081261572 0.470775861111 0.465063306339 1.79248601649 0.00285352768515
AMR_VOLUME_STAGE 3.2 416 0 40.52627836968805 -5.669396522135306e-09
AMR_VOLUME_STAGE 3.2 416 1 40.52627836968805 -5.669396522135306e-09
Q_CLEANUP 3.2 416 0 -0
AMR_VOLUME_STAGE 3.2 416 2 40.52627836968805 -5.669396522135306e-09
POSTADAPT_REPROJECT 3.2 416 54 8.99228119549e-09 4.36584176194e-12 2.86622600654e-11 1.98103927202e-06 3.69173824241e-07 0.00271017301581 0.0656678615255
AMR_VOLUME_STAGE 3.2 416 3 40.52627836968805 -5.669396522135306e-09
Q_MOMENTUM 3.21 417 0.0251779637128 2.45948289427 2.43377021138 0.470716345444 0.464935806165 1.73451291984 0.00281495703967
AMR_VOLUME_STAGE 3.21 417 0 40.526278369687518 -5.6694096718018986e-09
AMR_VOLUME_STAGE 3.21 417 1 40.526278369687518 -5.6694096718018986e-09
Q_CLEANUP 3.21 417 0 -0
AMR_VOLUME_STAGE 3.21 417 2 40.526278369687518 -5.6694096718018986e-09
POSTADAPT_REPROJECT 3.21 417 54 8.97819880919e-09 4.35836070974e-12 2.86045380091e-11 3.34042033415e-06 2.81218486314e-07 0.00273860340719 0.0655792013171
AMR_VOLUME_STAGE 3.21 417 3 40.526278369687518 -5.6694096718018986e-09
RUN 3.22 418 40.5262783697 0.421258598734
Q_RUN 3.22 418 40.526278369687518 -5.66940493792e-09 -0 0 1.66533453694e-16 1.14925430283e-17 15
Q_CUTCELL_CFL 3.22 418 0.0124740973988 0.0124740973988 0.153391927216 0 617
SHORE 3.22 418 45.96875 0.00384889404673 0.428909840783
Q_MOMENTUM 3.22 418 0.0231949130331 2.46819261644 2.44045549949 0.470539771014 0.464713133292 1.72104378699 0.00281970756906
AMR_VOLUME_STAGE 3.22 418 0 40.526278369686878 -5.6694254514018099e-09
AMR_VOLUME_STAGE 3.22 418 1 40.526278369686878 -5.6694254514018099e-09
Q_CLEANUP 3.22 418 0 -0
AMR_VOLUME_STAGE 3.22 418 2 40.526278369686878 -5.6694254514018099e-09
POSTADAPT_REPROJECT 3.22 418 54 9.0644639622e-09 4.40025471131e-12 2.8908540492e-11 6.76282288978e-06 3.777837318e-07 0.00270469886096 0.0655212733828
AMR_VOLUME_STAGE 3.22 418 3 40.526278369686878 -5.6694254514018099e-09
Q_MOMENTUM 3.23 419 0.0225113076837 2.46656717158 2.42602109961 0.470168855842 0.464519875173 1.80514351891 0.00280998266709
AMR_VOLUME_STAGE 3.23 419 0 40.526278369686302 -5.6694396530417298e-09
AMR_VOLUME_STAGE 3.23 419 1 40.526278369686302 -5.6694396530417298e-09
Q_CLEANUP 3.23 419 0 -0
AMR_VOLUME_STAGE 3.23 419 2 40.526278369686302 -5.6694396530417298e-09
POSTADAPT_REPROJECT 3.23 419 67 8.45177923441e-09 3.10830356658e-12 6.64783783577e-11 4.13826481628e-06 3.73352661032e-07 0.00271458810198 0.0654318850055
AMR_VOLUME_STAGE 3.23 419 3 40.526278369686302 -5.6694396530417298e-09
RUN 3.24 420 40.5262783697 0.421281263905
Q_RUN 3.24 420 40.526278369686302 -5.66943491916e-09 -0 0 1.66533453694e-16 6.42220380608e-18 14
Q_CUTCELL_CFL 3.24 420 0.0125583401376 0.0125583401376 0.153860205525 0 615
SHORE 3.24 420 45.96875 0.00385006948103 0.428033316764
Q_MOMENTUM 3.24 420 0.0249245567536 2.46125810497 2.42405769964 0.470378995541 0.464380440216 1.77122164997 0.00281761275131
AMR_VOLUME_STAGE 3.24 420 0 40.526278369686274 -5.6694403543572813e-09
AMR_VOLUME_STAGE 3.24 420 1 40.526278369686274 -5.6694403543572813e-09
Q_CLEANUP 3.24 420 0 -0
AMR_VOLUME_STAGE 3.24 420 2 40.526278369686274 -5.6694403543572813e-09
WARNING: convergence for p not reached after 100 iterations
  res: 1.28829e-07 sum: -1.59612e-08 nrelax: 9
POSTADAPT_REPROJECT 3.24 420 100 1.28829431221e-07 1.04098438501e-11 1.64831703842e-10 6.2791101922e-06 4.14613809683e-07 0.00273687020895 0.06537259272
AMR_VOLUME_STAGE 3.24 420 3 40.526278369686274 -5.6694403543572813e-09
Q_MOMENTUM 3.25 421 0.0254079724931 2.47100032057 2.43366911597 0.469837247351 0.464309176395 1.73793318683 0.00282140033806
AMR_VOLUME_STAGE 3.25 421 0 40.526278369685592 -5.66945718593052e-09
AMR_VOLUME_STAGE 3.25 421 1 40.526278369685592 -5.66945718593052e-09
Q_CLEANUP 3.25 421 0 -0
AMR_VOLUME_STAGE 3.25 421 2 40.526278369685592 -5.66945718593052e-09
WARNING: convergence for p not reached after 100 iterations
  res: 3.57437e-07 sum: 0.0172794 nrelax: 15
POSTADAPT_REPROJECT 3.25 421 100 3.57437126904e-07 2.30295512935e-11 4.1084902147e-10 5.77988196597e-06 3.76410127171e-07 0.0027649820519 0.0652823786805
AMR_VOLUME_STAGE 3.25 421 3 40.526278369685592 -5.66945718593052e-09
RUN 3.26 422 40.5262783697 0.420489291312
Q_RUN 3.26 422 40.526278369685592 -5.66945245205e-09 -0 0 1.66533453694e-16 6.87134302636e-18 12
Q_CUTCELL_CFL 3.26 422 0.0126203054968 0.0126203054968 0.154082805369 0 612
SHORE 3.26 422 45.96875 0.00366755281972 0.427559304046
Q_MOMENTUM 3.26 422 0.0233206160507 2.4577415069 2.43902226557 0.469986244118 0.464220615234 1.80223391618 0.00282507841525
AMR_VOLUME_STAGE 3.26 422 0 40.526278369684 -5.6694964596014101e-09
AMR_VOLUME_STAGE 3.26 422 1 40.526278369684 -5.6694964596014101e-09
Q_CLEANUP 3.26 422 0 -0
AMR_VOLUME_STAGE 3.26 422 2 40.526278369684 -5.6694964596014101e-09
WARNING: convergence for p not reached after 100 iterations
  res: 2.93954e-07 sum: 2.56817e-07 nrelax: 15
POSTADAPT_REPROJECT 3.26 422 100 2.93954446472e-07 1.9618380934e-11 3.6557334937e-10 9.84649508227e-06 3.85802985978e-07 0.00275712749817 0.0652221879686
AMR_VOLUME_STAGE 3.26 422 3 40.526278369684 -5.6694964596014101e-09
Q_MOMENTUM 3.27 423 0.0238681413035 2.44231045923 2.40133824279 0.470081157572 0.464110504606 1.79669337501 0.00279264718852
AMR_VOLUME_STAGE 3.27 423 0 40.526278369682636 -5.6695301227478866e-09
AMR_VOLUME_STAGE 3.27 423 1 40.526278369682636 -5.6695301227478866e-09
Q_CLEANUP 3.27 423 0 -0
AMR_VOLUME_STAGE 3.27 423 2 40.526278369682636 -5.6695301227478866e-09
WARNING: convergence for p not reached after 100 iterations
  res: 2.0616e-07 sum: -0.0320569 nrelax: 15
POSTADAPT_REPROJECT 3.27 423 100 2.06159735179e-07 1.25342811568e-11 2.42505349135e-10 9.52291945426e-06 4.13585414776e-07 0.00277242682092 0.0651315553381
AMR_VOLUME_STAGE 3.27 423 3 40.526278369682636 -5.6695301227478866e-09
RUN 3.28 424 40.5262783697 0.420878559492
Q_RUN 3.28 424 40.526278369682636 -5.66952538887e-09 -0 0 1.66533453694e-16 1.20261737851e-17 21
Q_CUTCELL_CFL 3.28 424 0.012685333648 0.012685333648 0.154295894982 0 612
SHORE 3.28 424 45.96875 0.00367426846975 0.426592710198
Q_MOMENTUM 3.28 424 0.0258892810711 2.43350631576 2.40318860804 0.470160423271 0.464049238605 1.74647780078 0.00280471900471
AMR_VOLUME_STAGE 3.28 424 0 40.526278369681833 -5.66954993491222e-09
AMR_VOLUME_STAGE 3.28 424 1 40.526278369681833 -5.66954993491222e-09
Q_CLEANUP 3.28 424 0 -0
AMR_VOLUME_STAGE 3.28 424 2 40.526278369681833 -5.66954993491222e-09
WARNING: convergence for p not reached after 100 iterations
  res: 1.81567e-07 sum: 2.09272e-07 nrelax: 15
POSTADAPT_REPROJECT 3.28 424 100 1.8156731704e-07 1.11523981161e-11 2.15749529353e-10 5.68223547941e-06 1.6335835405e-07 0.00280236359208 0.065070465939
AMR_VOLUME_STAGE 3.28 424 3 40.526278369681833 -5.66954993491222e-09
Q_MOMENTUM 3.29 425 0.023798049469 2.43558401691 2.41422874417 0.469770848696 0.463900167203 1.79041002115 0.00281869325503
AMR_VOLUME_STAGE 3.29 425 0 40.526278369681101 -5.6695679937876735e-09
AMR_VOLUME_STAGE 3.29 425 1 40.526278369681101 -5.6695679937876735e-09
Q_CLEANUP 3.29 425 0 -0
AMR_VOLUME_STAGE 3.29 425 2 40.526278369681101 -5.6695679937876735e-09
WARNING: convergence for p not reached after 100 iterations
  res: 5.90769e-07 sum: -0.00519961 nrelax: 14
POSTADAPT_REPROJECT 3.29 425 100 5.90769344431e-07 3.39225942446e-11 6.94917567934e-10 1.06868565172e-05 4.10978349653e-07 0.00275983550167 0.064979494266
AMR_VOLUME_STAGE 3.29 425 3 40.526278369681101 -5.6695679937876735e-09
RUN 3.3 426 40.5262783697 0.421578020213
Q_RUN 3.3 426 40.526278369681101 -5.66956325991e-09 -0 0 1.66533453694e-16 1.4083616814e-17 25
Q_CUTCELL_CFL 3.3 426 0.0127378813073 0.0127378813073 0.154336435433 0 611
SHORE 3.3 426 45.96875 0.00367395354034 0.425651520874
Q_MOMENTUM 3.3 426 0.0266763120511 2.42520206737 2.40674315534 0.469659185555 0.463724131499 1.82700772702 0.00282510915108
AMR_VOLUME_STAGE 3.3 426 0 40.526278369678991 -5.6696200664673802e-09
AMR_VOLUME_STAGE 3.3 426 1 40.526278369678991 -5.6696200664673802e-09
Q_CLEANUP 3.3 426 0 -0
AMR_VOLUME_STAGE 3.3 426 2 40.526278369678991 -5.6696200664673802e-09
WARNING: convergence for p not reached after 100 iterations
  res: 5.70901e-07 sum: 0.00311128 nrelax: 14
POSTADAPT_REPROJECT 3.3 426 100 5.70900769385e-07 3.21749839346e-11 6.65472343897e-10 1.12229463488e-05 3.90203331186e-07 0.0027917883014 0.0649173214675
AMR_VOLUME_STAGE 3.3 426 3 40.526278369678991 -5.6696200664673802e-09
Q_MOMENTUM 3.31 427 0.0249950434335 2.41359358351 2.40949235981 0.469872885086 0.463527736257 1.77803282928 0.00282954718368
AMR_VOLUME_STAGE 3.31 427 0 40.526278369676888 -5.6696719638181987e-09
AMR_VOLUME_STAGE 3.31 427 1 40.526278369676888 -5.6696719638181987e-09
Q_CLEANUP 3.31 427 0 -0
AMR_VOLUME_STAGE 3.31 427 2 40.526278369676888 -5.6696719638181987e-09
WARNING: convergence for p not reached after 100 iterations
  res: 2.73765e-07 sum: 0.0138717 nrelax: 15
POSTADAPT_REPROJECT 3.31 427 100 2.73764955499e-07 1.61522268755e-11 3.54337892361e-10 1.10747771643e-05 4.24527652008e-07 0.0027858940577 0.0648261531031
AMR_VOLUME_STAGE 3.31 427 3 40.526278369676888 -5.6696719638181987e-09
RUN 3.32 428 40.5262783697 0.420677778864
Q_RUN 3.32 428 40.526278369676888 -5.66966722994e-09 -0 0 1.66533453694e-16 9.16489648929e-18 19
Q_CUTCELL_CFL 3.32 428 0.0127863219404 0.0127863219404 0.154179704534 0 611
SHORE 3.32 428 45.96875 0.00366603201623 0.425118572518
Q_MOMENTUM 3.32 428 0.0269245928722 2.43052438895 2.41787898239 0.469679160728 0.463433126314 1.74279932856 0.0028409418843
AMR_VOLUME_STAGE 3.32 428 0 40.526278369675886 -5.669696685191393e-09
AMR_VOLUME_STAGE 3.32 428 1 40.526278369675886 -5.669696685191393e-09
Q_CLEANUP 3.32 428 0 -0
AMR_VOLUME_STAGE 3.32 428 2 40.526278369675886 -5.669696685191393e-09
WARNING: convergence for p not reached after 100 iterations
  res: 2.55976e-07 sum: 3.67388e-07 nrelax: 16
POSTADAPT_REPROJECT 3.32 428 100 2.55975994647e-07 1.47511041804e-11 2.95960200791e-10 1.26823932444e-05 4.24911944277e-07 0.00282714725613 0.0647632790137
AMR_VOLUME_STAGE 3.32 428 3 40.526278369675886 -5.669696685191393e-09
Q_MOMENTUM 3.33 429 0.0257037719366 2.43773682691 2.43684633538 0.469235032061 0.463293602056 1.84358693563 0.00286657220009
AMR_VOLUME_STAGE 3.33 429 0 40.526278369674792 -5.6697236858401296e-09
AMR_VOLUME_STAGE 3.33 429 1 40.526278369674792 -5.6697236858401296e-09
Q_CLEANUP 3.33 429 0 -0
AMR_VOLUME_STAGE 3.33 429 2 40.526278369674792 -5.6697236858401296e-09
WARNING: convergence for p not reached after 100 iterations
  res: 2.1823e-07 sum: -0.00636688 nrelax: 16
POSTADAPT_REPROJECT 3.33 429 100 2.18229989919e-07 1.25098133127e-11 2.55000798255e-10 9.81084002326e-06 4.41667803759e-07 0.00277397620474 0.064672063927
AMR_VOLUME_STAGE 3.33 429 3 40.526278369674792 -5.6697236858401296e-09
RUN 3.34 430 40.5262783697 0.418843479077
Q_RUN 3.34 430 40.526278369674792 -5.66971895196e-09 -0 0 1.66533453694e-16 1.04083408559e-17 14
Q_CUTCELL_CFL 3.34 430 0.0128074406894 0.0128074406894 0.153717365116 0 606
SHORE 3.34 430 45.96875 0.00366119955015 0.424362040818
Q_MOMENTUM 3.34 430 0.0256623773805 2.41991988333 2.42619162367 0.469005903495 0.463181116171 1.80283220284 0.00285420175363
AMR_VOLUME_STAGE 3.34 430 0 40.526278369673896 -5.6697457772800052e-09
AMR_VOLUME_STAGE 3.34 430 1 40.526278369673896 -5.6697457772800052e-09
Q_CLEANUP 3.34 430 0 -0
AMR_VOLUME_STAGE 3.34 430 2 40.526278369673896 -5.6697457772800052e-09
WARNING: convergence for p not reached after 100 iterations
  res: 1.67435e-07 sum: -0.00490092 nrelax: 16
POSTADAPT_REPROJECT 3.34 430 100 1.6743477043e-07 9.6212843519e-12 1.97281080361e-10 2.73303308731e-06 4.65606628825e-07 0.00279519170267 0.0646088346076
AMR_VOLUME_STAGE 3.34 430 3 40.526278369673896 -5.6697457772800052e-09
Q_MOMENTUM 3.35 431 0.0253975236143 2.43952010145 2.42872012138 0.468978486729 0.46303278239 1.74235991257 0.00285727796565
AMR_VOLUME_STAGE 3.35 431 0 40.526278369673335 -5.6697596282621492e-09
AMR_VOLUME_STAGE 3.35 431 1 40.526278369673335 -5.6697596282621492e-09
Q_CLEANUP 3.35 431 0 -0
AMR_VOLUME_STAGE 3.35 431 2 40.526278369673335 -5.6697596282621492e-09
POSTADAPT_REPROJECT 3.35 431 93 8.40111875421e-09 5.1442081373e-13 9.88387149903e-12 3.07528162704e-06 3.986918728e-07 0.00281025774111 0.0645174022926
AMR_VOLUME_STAGE 3.35 431 3 40.526278369673335 -5.6697596282621492e-09
RUN 3.36 432 40.5262783697 0.41912362837
Q_RUN 3.36 432 40.526278369673335 -5.66975489438e-09 -0 0 1.66533453694e-16 7.38104510237e-18 15
Q_CUTCELL_CFL 3.36 432 0.0128351105259 0.0128351105259 0.153300671357 0 605
SHORE 3.36 432 45.96875 0.00364559651065 0.423912131404
Q_MOMENTUM 3.36 432 0.0245569507434 2.4508129405 2.45009206361 0.469103732057 0.462868162464 1.83762871486 0.00288146567851
AMR_VOLUME_STAGE 3.36 432 0 40.526278369673051 -5.669766641417665e-09
AMR_VOLUME_STAGE 3.36 432 1 40.526278369673051 -5.669766641417665e-09
Q_CLEANUP 3.36 432 0 -0
AMR_VOLUME_STAGE 3.36 432 2 40.526278369673051 -5.669766641417665e-09
POSTADAPT_REPROJECT 3.36 432 52 8.59192839167e-09 7.03804969292e-13 9.97635307698e-12 2.75324240333e-06 8.90848640078e-08 0.00280019283715 0.0644533019334
AMR_VOLUME_STAGE 3.36 432 3 40.526278369673051 -5.669766641417665e-09
Q_MOMENTUM 3.37 433 0.0251588924503 2.45284975064 2.46448212163 0.468308309393 0.462662053479 1.83060889879 0.00289847659679
AMR_VOLUME_STAGE 3.37 433 0 40.526278369673122 -5.6697648881287861e-09
AMR_VOLUME_STAGE 3.37 433 1 40.526278369673122 -5.6697648881287861e-09
Q_CLEANUP 3.37 433 0 -0
AMR_VOLUME_STAGE 3.37 433 2 40.526278369673122 -5.6697648881287861e-09
POSTADAPT_REPROJECT 3.37 433 24 7.46873625694e-09 1.16450074576e-12 1.21267995645e-11 1.61244643784e-06 4.57771405174e-07 0.002808869143 0.0643622186311
AMR_VOLUME_STAGE 3.37 433 3 40.526278369673122 -5.6697648881287861e-09
RUN 3.38 434 40.5262783697 0.417673675872
Q_RUN 3.38 434 40.526278369673122 -5.66976015425e-09 -0 0 1.66533453694e-16 5.31259064518e-18 8
Q_CUTCELL_CFL 3.38 434 0.0127642517954 0.0127642517954 0.151673926241 0 606
SHORE 3.38 434 45.96875 0.00365586728732 0.423356217711
Q_MOMENTUM 3.38 434 0.0243514636379 2.44760824165 2.45662137011 0.468118688543 0.462556956357 1.78735581917 0.00288885507818
AMR_VOLUME_STAGE 3.38 434 0 40.526278369673292 -5.6697606802354766e-09
AMR_VOLUME_STAGE 3.38 434 1 40.526278369673292 -5.6697606802354766e-09
Q_CLEANUP 3.38 434 0 -0
AMR_VOLUME_STAGE 3.38 434 2 40.526278369673292 -5.6697606802354766e-09
POSTADAPT_REPROJECT 3.38 434 27 9.53684266616e-09 1.45508178277e-12 1.7203793945e-11 2.89585368881e-06 4.56823222205e-07 0.00281496819764 0.0646436441057
AMR_VOLUME_STAGE 3.38 434 3 40.526278369673292 -5.6697606802354766e-09
Q_MOMENTUM 3.39 435 0.0250156340176 2.47972321961 2.48204330057 0.468138644662 0.462487823634 1.81949461221 0.00291897468101
AMR_VOLUME_STAGE 3.39 435 0 40.526278369673243 -5.6697619075376915e-09
AMR_VOLUME_STAGE 3.39 435 1 40.526278369673243 -5.6697619075376915e-09
Q_CLEANUP 3.39 435 0 -0
AMR_VOLUME_STAGE 3.39 435 2 40.526278369673243 -5.6697619075376915e-09
POSTADAPT_REPROJECT 3.39 435 34 5.35274701706e-09 1.76056615136e-12 2.45499176543e-11 4.28947144193e-06 5.40291350239e-07 0.00285365805834 0.0654144984378
AMR_VOLUME_STAGE 3.39 435 3 40.526278369673243 -5.6697619075376915e-09
RUN 3.4 436 40.5262783697 0.418375265245
Q_RUN 3.4 436 40.526278369673243 -5.66975717366e-09 -0 0 1.66533453694e-16 6.15327084533e-18 12
Q_CUTCELL_CFL 3.4 436 0.01270177641 0.01270177641 0.150091717126 0 605
SHORE 3.4 436 45.96875 0.00368016469819 0.422796237525
Q_MOMENTUM 3.4 436 0.0257931993767 2.51264116231 2.50813229166 0.468355232511 0.462430481982 1.8469566664 0.00295004706263
AMR_VOLUME_STAGE 3.4 436 0 40.526278369673172 -5.6697636608265704e-09
AMR_VOLUME_STAGE 3.4 436 1 40.526278369673172 -5.6697636608265704e-09
Q_CLEANUP 3.4 436 0 -0
AMR_VOLUME_STAGE 3.4 436 2 40.526278369673172 -5.6697636608265704e-09
POSTADAPT_REPROJECT 3.4 436 34 6.66200719864e-09 2.80472632506e-12 4.32142099882e-11 3.21382678944e-06 4.85579521455e-07 0.00279021477878 0.0659947562677
AMR_VOLUME_STAGE 3.4 436 3 40.526278369673172 -5.6697636608265704e-09
Q_MOMENTUM 3.41 437 0.0244105763077 2.53055857881 2.50697763442 0.467655381042 0.462209854993 1.81097276977 0.00294873343003
AMR_VOLUME_STAGE 3.41 437 0 40.526278369673093 -5.6697655894443377e-09
AMR_VOLUME_STAGE 3.41 437 1 40.526278369673093 -5.6697655894443377e-09
Q_CLEANUP 3.41 437 0 -0
AMR_VOLUME_STAGE 3.41 437 2 40.526278369673093 -5.6697655894443377e-09
POSTADAPT_REPROJECT 3.41 437 34 6.37843638306e-09 2.84191097455e-12 4.78318495922e-11 3.6205892833e-06 4.79206579518e-07 0.00280977558743 0.0667806337609
AMR_VOLUME_STAGE 3.41 437 3 40.526278369673093 -5.6697655894443377e-09
RUN 3.42 438 40.5262783697 0.417178336606
Q_RUN 3.42 438 40.526278369673093 -5.66976085556e-09 -0 0 1.66533453694e-16 7.02020906684e-18 11
Q_CUTCELL_CFL 3.42 438 0.0125378952829 0.0125378952829 0.147254228476 0 604
SHORE 3.42 438 45.96875 0.00371094597671 0.422351922905
Q_MOMENTUM 3.42 438 0.0241071990759 2.50969402767 2.51270503885 0.467686933549 0.462099976856 1.76397753618 0.00295493605212
AMR_VOLUME_STAGE 3.42 438 0 40.52627836967303 -5.6697671674043291e-09
AMR_VOLUME_STAGE 3.42 438 1 40.52627836967303 -5.6697671674043291e-09
Q_CLEANUP 3.42 438 0 -0
AMR_VOLUME_STAGE 3.42 438 2 40.52627836967303 -5.6697671674043291e-09
POSTADAPT_REPROJECT 3.42 438 34 7.88442468147e-09 4.00004673256e-12 7.24699189547e-11 2.54443868603e-06 4.65615339025e-07 0.00283033157036 0.0676484474612
AMR_VOLUME_STAGE 3.42 438 3 40.52627836967303 -5.6697671674043291e-09
Q_MOMENTUM 3.43 439 0.0232373064006 2.52548685018 2.54096029015 0.467615314767 0.462064350827 1.85327033559 0.0029873873304
AMR_VOLUME_STAGE 3.43 439 0 40.526278369673179 -5.6697634854976829e-09
AMR_VOLUME_STAGE 3.43 439 1 40.526278369673179 -5.6697634854976829e-09
Q_CLEANUP 3.43 439 0 -0
AMR_VOLUME_STAGE 3.43 439 2 40.526278369673179 -5.6697634854976829e-09
POSTADAPT_REPROJECT 3.43 439 36 6.84056073935e-09 4.33282890999e-12 5.1398885148e-11 1.06606216875e-05 4.11017560548e-07 0.00284810687596 0.068386745013
AMR_VOLUME_STAGE 3.43 439 3 40.526278369673179 -5.6697634854976829e-09
RUN 3.44 440 40.5262783697 0.41754961159
Q_RUN 3.44 440 40.526278369673179 -5.66975875162e-09 -0 0 1.66533453694e-16 1.00407814963e-17 17
Q_CUTCELL_CFL 3.44 440 0.0124213367922 0.0124213367922 0.144988484669 0 605
SHORE 3.44 440 45.96875 0.00376353876975 0.421815205369
Q_MOMENTUM 3.44 440 0.0237811056244 2.55603055284 2.56007465654 0.467422940393 0.461992701276 1.82817526043 0.00300889317995
AMR_VOLUME_STAGE 3.44 440 0 40.526278369672802 -5.6697727779287417e-09
AMR_VOLUME_STAGE 3.44 440 1 40.526278369672802 -5.6697727779287417e-09
Q_CLEANUP 3.44 440 0 -0
AMR_VOLUME_STAGE 3.44 440 2 40.526278369672802 -5.6697727779287417e-09
POSTADAPT_REPROJECT 3.44 440 36 7.04949303443e-09 4.03106516112e-12 3.89661636291e-11 2.27108699338e-06 4.64457969524e-07 0.00281472378582 0.064605310539
AMR_VOLUME_STAGE 3.44 440 3 40.526278369672802 -5.6697727779287417e-09
Q_MOMENTUM 3.45 441 0.0236231992635 2.56218129748 2.54105131872 0.467251239035 0.461933736624 1.77244942207 0.00298415514368
AMR_VOLUME_STAGE 3.45 441 0 40.526278369672333 -5.6697843496353428e-09
AMR_VOLUME_STAGE 3.45 441 1 40.526278369672333 -5.6697843496353428e-09
Q_CLEANUP 3.45 441 0 -0
AMR_VOLUME_STAGE 3.45 441 2 40.526278369672333 -5.6697843496353428e-09
POSTADAPT_REPROJECT 3.45 441 36 7.10219892269e-09 3.67463753617e-12 1.80348340428e-11 8.74896351698e-06 5.5792594327e-07 0.0029172517074 0.0699348196907
AMR_VOLUME_STAGE 3.45 441 3 40.526278369672333 -5.6697843496353428e-09
RUN 3.46 442 40.5262783697 0.418631201538
Q_RUN 3.46 442 40.526278369672333 -5.66977961576e-09 -0 0 1.66533453694e-16 8.83455363986e-18 18
Q_CUTCELL_CFL 3.46 442 0.0123431202431 0.0123431202431 0.143111721335 0 606
SHORE 3.46 442 45.96875 0.00376387184543 0.421308593878
Q_MOMENTUM 3.46 442 0.0248555231242 2.53193720355 2.52599857081 0.467318862119 0.461782958388 1.84738354474 0.00296974237175
AMR_VOLUME_STAGE 3.46 442 0 40.526278369671708 -5.6697997785774783e-09
AMR_VOLUME_STAGE 3.46 442 1 40.526278369671708 -5.6697997785774783e-09
Q_CLEANUP 3.46 442 0 -0
AMR_VOLUME_STAGE 3.46 442 2 40.526278369671708 -5.6697997785774783e-09
POSTADAPT_REPROJECT 3.46 442 36 7.25104903028e-09 3.7388177969e-12 1.84571125744e-11 1.20688288306e-05 4.51745288018e-07 0.00273502523293 0.0637018443169
AMR_VOLUME_STAGE 3.46 442 3 40.526278369671708 -5.6697997785774783e-09
Q_MOMENTUM 3.47 443 0.023674174337 2.52069221765 2.53056000428 0.467045845589 0.461680128936 1.84892148694 0.00297289589266
AMR_VOLUME_STAGE 3.47 443 0 40.526278369671253 -5.6698109996263044e-09
AMR_VOLUME_STAGE 3.47 443 1 40.526278369671253 -5.6698109996263044e-09
Q_CLEANUP 3.47 443 0 -0
AMR_VOLUME_STAGE 3.47 443 2 40.526278369671253 -5.6698109996263044e-09
POSTADAPT_REPROJECT 3.47 443 36 7.28438911618e-09 3.75915887224e-12 1.86149047565e-11 1.16433810224e-05 4.2902324823e-07 0.00271436134174 0.0636204205579
AMR_VOLUME_STAGE 3.47 443 3 40.526278369671253 -5.6698109996263044e-09
RUN 3.48 444 40.5262783697 0.418986538178
Q_RUN 3.48 444 40.526278369671253 -5.66980626575e-09 -0 0 1.66533453694e-16 7.9828620114e-18 14
Q_CUTCELL_CFL 3.48 444 0.0123652623573 0.0123652623573 0.142436223081 0 606
SHORE 3.48 444 45.96875 0.00376771642477 0.420923297581
Q_MOMENTUM 3.48 444 0.0231874085761 2.53585337952 2.54275977496 0.467085953253 0.461593141987 1.80914833204 0.00298462730017
AMR_VOLUME_STAGE 3.48 444 0 40.526278369670692 -5.6698248506084485e-09
AMR_VOLUME_STAGE 3.48 444 1 40.526278369670692 -5.6698248506084485e-09
Q_CLEANUP 3.48 444 0 -0
AMR_VOLUME_STAGE 3.48 444 2 40.526278369670692 -5.6698248506084485e-09
POSTADAPT_REPROJECT 3.48 444 36 7.1957354762e-09 3.71282664747e-12 1.84553032578e-11 1.34518112713e-05 4.27682328354e-07 0.00274929426577 0.0635598086032
AMR_VOLUME_STAGE 3.48 444 3 40.526278369670692 -5.6698248506084485e-09
Q_MOMENTUM 3.49 445 0.0240038326039 2.5341974299 2.52241533072 0.466685351638 0.4615355629 1.83729886965 0.00295619247019
AMR_VOLUME_STAGE 3.49 445 0 40.526278369670251 -5.6698357209994979e-09
AMR_VOLUME_STAGE 3.49 445 1 40.526278369670251 -5.6698357209994979e-09
Q_CLEANUP 3.49 445 0 -0
AMR_VOLUME_STAGE 3.49 445 2 40.526278369670251 -5.6698357209994979e-09
POSTADAPT_REPROJECT 3.49 445 36 7.72963906767e-09 3.92865420683e-12 2.48072500042e-11 7.20521874176e-06 4.71815201715e-07 0.00273620027108 0.0634745050846
AMR_VOLUME_STAGE 3.49 445 3 40.526278369670251 -5.6698357209994979e-09
RUN 3.5 446 40.5262783697 0.418935422915
Q_RUN 3.5 446 40.526278369670251 -5.66983098712e-09 -0 0 1.66533453694e-16 1.19296120291e-17 17
Q_CUTCELL_CFL 3.5 446 0.012383008854 0.012383008854 0.141731145651 0 607
SHORE 3.5 446 45.96875 0.00377164846157 0.420344926462
Q_MOMENTUM 3.5 446 0.0247256631652 2.50025645782 2.48538115874 0.466927523466 0.461486672411 1.86877405394 0.00291798590289
AMR_VOLUME_STAGE 3.5 446 0 40.526278369669619 -5.669851325270521e-09
AMR_VOLUME_STAGE 3.5 446 1 40.526278369669619 -5.669851325270521e-09
Q_CLEANUP 3.5 446 0 -0
AMR_VOLUME_STAGE 3.5 446 2 40.526278369669619 -5.669851325270521e-09
POSTADAPT_REPROJECT 3.5 446 36 7.68476760002e-09 3.9088692118e-12 2.46541537186e-11 1.31987916393e-05 3.98657210106e-07 0.00274510338944 0.0634113787327
AMR_VOLUME_STAGE 3.5 446 3 40.526278369669619 -5.669851325270521e-09
Q_MOMENTUM 3.51 447 0.0237307274235 2.48287889769 2.47355356554 0.466761363114 0.461381463772 1.83567611087 0.00290248179452
AMR_VOLUME_STAGE 3.51 447 0 40.526278369668979 -5.6698671048704323e-09
AMR_VOLUME_STAGE 3.51 447 1 40.526278369668979 -5.6698671048704323e-09
Q_CLEANUP 3.51 447 0 -0
AMR_VOLUME_STAGE 3.51 447 2 40.526278369668979 -5.6698671048704323e-09
POSTADAPT_REPROJECT 3.51 447 36 9.99381528932e-09 4.35954934906e-12 2.79689361948e-11 1.06899339101e-05 4.23422928306e-07 0.0027326351044 0.0633259113476
AMR_VOLUME_STAGE 3.51 447 3 40.526278369668979 -5.6698671048704323e-09
RUN 3.52 448 40.5262783697 0.419950888681
Q_RUN 3.52 448 40.526278369668979 -5.66986237099e-09 -0 0 1.66533453694e-16 8.07730618502e-18 15
Q_CUTCELL_CFL 3.52 448 0.0124382294359 0.0124382294359 0.141321717894 0 607
SHORE 3.52 448 45.96875 0.00377034549036 0.419760792171
Q_MOMENTUM 3.52 448 0.0236709625563 2.47183844254 2.4666816548 0.466692934807 0.461265787532 1.82204159918 0.00289037111799
AMR_VOLUME_STAGE 3.52 448 0 40.526278369668475 -5.6698795532214732e-09
AMR_VOLUME_STAGE 3.52 448 1 40.526278369668475 -5.6698795532214732e-09
Q_CLEANUP 3.52 448 0 -0
AMR_VOLUME_STAGE 3.52 448 2 40.526278369668475 -5.6698795532214732e-09
POSTADAPT_REPROJECT 3.52 448 65 9.77097873574e-09 2.39305733525e-12 6.1431748577e-11 1.2272222979e-05 4.57949318595e-07 0.00273860621721 0.0632620035171
AMR_VOLUME_STAGE 3.52 448 3 40.526278369668475 -5.6698795532214732e-09
Q_MOMENTUM 3.53 449 0.0249804927704 2.48076150012 2.47782001763 0.466105410571 0.461114106335 1.8834988962 0.00289887641614
AMR_VOLUME_STAGE 3.53 449 0 40.526278369668454 -5.6698800792081373e-09
AMR_VOLUME_STAGE 3.53 449 1 40.526278369668454 -5.6698800792081373e-09
Q_CLEANUP 3.53 449 0 -0
AMR_VOLUME_STAGE 3.53 449 2 40.526278369668454 -5.6698800792081373e-09
WARNING: convergence for p not reached after 100 iterations
  res: 1.55846e-07 sum: -0.0105134 nrelax: 8
POSTADAPT_REPROJECT 3.53 449 100 1.55845773597e-07 1.17471890646e-11 1.7601409219e-10 1.23325084545e-05 3.87490185453e-07 0.00263467545751 0.063176801943
AMR_VOLUME_STAGE 3.53 449 3 40.526278369668454 -5.6698800792081373e-09
RUN 3.54 450 40.5262783697 0.420973106256
Q_RUN 3.54 450 40.526278369668454 -5.66987534533e-09 -0 0 1.66533453694e-16 1.08375748019e-17 16
Q_CUTCELL_CFL 3.54 450 0.0124919962956 0.0124919962956 0.14085642505 0 606
SHORE 3.54 450 45.96875 0.00374173660747 0.419522090631
Q_MOMENTUM 3.54 450 0.0246131279275 2.44803887532 2.4553121649 0.46594861754 0.461036140832 1.86179862051 0.0028673903097
AMR_VOLUME_STAGE 3.54 450 0 40.526278369667715 -5.6698983134124784e-09
AMR_VOLUME_STAGE 3.54 450 1 40.526278369667715 -5.6698983134124784e-09
Q_CLEANUP 3.54 450 0 -0
AMR_VOLUME_STAGE 3.54 450 2 40.526278369667715 -5.6698983134124784e-09
WARNING: convergence for p not reached after 100 iterations
  res: 4.38908e-07 sum: -1.23725e-07 nrelax: 8
POSTADAPT_REPROJECT 3.54 450 100 4.38908329841e-07 3.27259303769e-11 5.09589481723e-10 8.78660102144e-06 6.9137846496e-08 0.00264984314791 0.0631130769049
AMR_VOLUME_STAGE 3.54 450 3 40.526278369667715 -5.6698983134124784e-09
Q_MOMENTUM 3.55 451 0.0232967529792 2.43868995092 2.43870969991 0.465929801894 0.460990429689 1.78869291529 0.00284421319528
AMR_VOLUME_STAGE 3.55 451 0 40.52627836966559 -5.6699507367499609e-09
AMR_VOLUME_STAGE 3.55 451 1 40.52627836966559 -5.6699507367499609e-09
Q_CLEANUP 3.55 451 0 -0
AMR_VOLUME_STAGE 3.55 451 2 40.52627836966559 -5.6699507367499609e-09
WARNING: convergence for p not reached after 100 iterations
  res: 1.41266e-07 sum: -0.0318878 nrelax: 9
POSTADAPT_REPROJECT 3.55 451 100 1.41265507154e-07 1.04755398802e-11 1.67361235981e-10 1.29709143083e-05 3.60644007896e-07 0.00265817639046 0.0630287030776
AMR_VOLUME_STAGE 3.55 451 3 40.52627836966559 -5.6699507367499609e-09
RUN 3.56 452 40.5262783697 0.42016055142
Q_RUN 3.56 452 40.52627836966559 -5.66994600287e-09 -0 0 1.66533453694e-16 1.024571053e-17 15
Q_CUTCELL_CFL 3.56 452 0.0125734458529 0.0125734458529 0.140680178385 0 606
SHORE 3.56 452 45.96875 0.00373932392948 0.4189285004
Q_MOMENTUM 3.56 452 0.0238302122779 2.43092642385 2.42429086188 0.465984600501 0.460848858421 1.8791521807 0.00282128819544
AMR_VOLUME_STAGE 3.56 452 0 40.526278369664986 -5.6699656397054323e-09
AMR_VOLUME_STAGE 3.56 452 1 40.526278369664986 -5.6699656397054323e-09
Q_CLEANUP 3.56 452 0 -0
AMR_VOLUME_STAGE 3.56 452 2 40.526278369664986 -5.6699656397054323e-09
WARNING: convergence for p not reached after 100 iterations
  res: 5.20147e-07 sum: -6.95426e-08 nrelax: 9
POSTADAPT_REPROJECT 3.56 452 100 5.20146582387e-07 3.91763840512e-11 7.14124759327e-10 1.40432188383e-05 3.22285441987e-07 0.0026514989265 0.0629644928492
AMR_VOLUME_STAGE 3.56 452 3 40.526278369664986 -5.6699656397054323e-09
Q_MOMENTUM 3.57 453 0.0231717981213 2.4347408277 2.4172932384 0.465483629407 0.460651565979 1.88200684752 0.00280771330023
AMR_VOLUME_STAGE 3.57 453 0 40.526278369662407 -5.6700292840917409e-09
AMR_VOLUME_STAGE 3.57 453 1 40.526278369662407 -5.6700292840917409e-09
Q_CLEANUP 3.57 453 0 -0
AMR_VOLUME_STAGE 3.57 453 2 40.526278369662407 -5.6700292840917409e-09
WARNING: convergence for p not reached after 100 iterations
  res: 2.43915e-07 sum: -0.00614564 nrelax: 12
POSTADAPT_REPROJECT 3.57 453 100 2.43915056135e-07 1.70972858636e-11 3.06154157581e-10 1.06521872434e-05 3.67924568491e-07 0.00264979280083 0.0628814093078
AMR_VOLUME_STAGE 3.57 453 3 40.526278369662407 -5.6700292840917409e-09
RUN 3.58 454 40.5262783697 0.419439475616
Q_RUN 3.58 454 40.526278369662407 -5.67002455021e-09 -0 0 1.66533453694e-16 1.24886537743e-17 18
Q_CUTCELL_CFL 3.58 454 0.01266865397 0.01266865397 0.140664282246 0 608
SHORE 3.58 454 45.96875 0.00370882759912 0.418365922364
Q_MOMENTUM 3.58 454 0.0234577615549 2.42550191604 2.39776732755 0.465409667797 0.460460018678 1.8131580472 0.002787676224
AMR_VOLUME_STAGE 3.58 454 0 40.526278369661334 -5.6700557587538134e-09
AMR_VOLUME_STAGE 3.58 454 1 40.526278369661334 -5.6700557587538134e-09
Q_CLEANUP 3.58 454 0 -0
AMR_VOLUME_STAGE 3.58 454 2 40.526278369661334 -5.6700557587538134e-09
WARNING: convergence for p not reached after 100 iterations
  res: 1.25784e-07 sum: 2.96862e-07 nrelax: 16
POSTADAPT_REPROJECT 3.58 454 100 1.25783723286e-07 8.46900910755e-12 1.62027447015e-10 1.86010170822e-05 3.83446325773e-07 0.00263795298189 0.0628172041697
AMR_VOLUME_STAGE 3.58 454 3 40.526278369661334 -5.6700557587538134e-09
Q_MOMENTUM 3.59 455 0.0236044525213 2.41716495589 2.38727230015 0.465082100335 0.460369149799 1.85504296152 0.00278084972154
AMR_VOLUME_STAGE 3.59 455 0 40.526278369660709 -5.670071187695949e-09
AMR_VOLUME_STAGE 3.59 455 1 40.526278369660709 -5.670071187695949e-09
Q_CLEANUP 3.59 455 0 -0
AMR_VOLUME_STAGE 3.59 455 2 40.526278369660709 -5.670071187695949e-09
WARNING: convergence for p not reached after 100 iterations
  res: 8.73557e-08 sum: 0.0180424 nrelax: 16
POSTADAPT_REPROJECT 3.59 455 100 8.73557136588e-08 5.64001071558e-12 1.13516196443e-10 1.86366439923e-05 3.54273384306e-07 0.00264381669415 0.062735502846
AMR_VOLUME_STAGE 3.59 455 3 40.526278369660709 -5.670071187695949e-09
RUN 3.6 456 40.5262783697 0.419706427802
Q_RUN 3.6 456 40.526278369660709 -5.67006645382e-09 -0 0 1.66533453694e-16 6.98802181485e-18 16
Q_CUTCELL_CFL 3.6 456 0.012772372616 0.012772372616 0.140701640142 0 608
SHORE 3.6 456 45.96875 0.00366180881849 0.418172583042
Q_MOMENTUM 3.6 456 0.0233178074589 2.40363678097 2.38978873455 0.465018077721 0.460305166772 1.87449663876 0.00277858667869
AMR_VOLUME_STAGE 3.6 456 0 40.526278369660318 -5.6700808307847836e-09
AMR_VOLUME_STAGE 3.6 456 1 40.526278369660318 -5.6700808307847836e-09
Q_CLEANUP 3.6 456 0 -0
AMR_VOLUME_STAGE 3.6 456 2 40.526278369660318 -5.6700808307847836e-09
WARNING: convergence for p not reached after 100 iterations
  res: 5.51975e-08 sum: 2.79203e-07 nrelax: 16
POSTADAPT_REPROJECT 3.6 456 100 5.51975175513e-08 3.639847429e-12 7.20176140945e-11 2.19457808768e-05 3.63054704796e-07 0.00265245892664 0.0626721885214
AMR_VOLUME_STAGE 3.6 456 3 40.526278369660318 -5.6700808307847836e-09
Q_MOMENTUM 3.61 457 0.0230568637294 2.40170301839 2.38937543672 0.464691976359 0.460137003199 1.79921646013 0.00277288559436
AMR_VOLUME_STAGE 3.61 457 0 40.526278369660091 -5.6700864413091962e-09
AMR_VOLUME_STAGE 3.61 457 1 40.526278369660091 -5.6700864413091962e-09
Q_CLEANUP 3.61 457 0 -0
AMR_VOLUME_STAGE 3.61 457 2 40.526278369660091 -5.6700864413091962e-09
WARNING: convergence for p not reached after 100 iterations
  res: 3.05009e-07 sum: 0.0140972 nrelax: 15
POSTADAPT_REPROJECT 3.61 457 100 3.05008756828e-07 1.9131839786e-11 3.9010905617e-10 1.87646286584e-05 3.80080880582e-07 0.00266652892938 0.0625919390035
AMR_VOLUME_STAGE 3.61 457 3 40.526278369660091 -5.6700864413091962e-09
RUN 3.62 458 40.5262783697 0.418400956265
Q_RUN 3.62 458 40.526278369660091 -5.67008170743e-09 -0 0 1.66533453694e-16 5.52943107968e-18 9
Q_CUTCELL_CFL 3.62 458 0.0128637969734 0.0128637969734 0.140529363504 0 608
SHORE 3.62 458 45.96875 0.00365531918572 0.417660099805
Q_MOMENTUM 3.62 458 0.0233249006941 2.40533420527 2.3928341702 0.464552715398 0.459980204305 1.81298929134 0.00277833030002
AMR_VOLUME_STAGE 3.62 458 0 40.526278369658833 -5.6701174745223548e-09
AMR_VOLUME_STAGE 3.62 458 1 40.526278369658833 -5.6701174745223548e-09
Q_CLEANUP 3.62 458 0 -0
AMR_VOLUME_STAGE 3.62 458 2 40.526278369658833 -5.6701174745223548e-09
WARNING: convergence for p not reached after 100 iterations
  res: 2.91491e-07 sum: 2.65759e-07 nrelax: 15
POSTADAPT_REPROJECT 3.62 458 100 2.91491136108e-07 1.75923534117e-11 3.6759950639e-10 2.10812215198e-05 3.60527865186e-07 0.00266851545164 0.0625288133791
AMR_VOLUME_STAGE 3.62 458 3 40.526278369658833 -5.6701174745223548e-09
Q_MOMENTUM 3.63 459 0.0224670503286 2.405516637 2.40253055865 0.464145555055 0.459776878757 1.84403650985 0.00278072271081
AMR_VOLUME_STAGE 3.63 459 0 40.526278369657575 -5.6701485077355133e-09
AMR_VOLUME_STAGE 3.63 459 1 40.526278369657575 -5.6701485077355133e-09
Q_CLEANUP 3.63 459 0 -0
AMR_VOLUME_STAGE 3.63 459 2 40.526278369657575 -5.6701485077355133e-09
WARNING: convergence for p not reached after 100 iterations
  res: 2.69491e-07 sum: 0.0191685 nrelax: 15
POSTADAPT_REPROJECT 3.63 459 100 2.69490791558e-07 1.59311256972e-11 3.4180186459e-10 1.46848514482e-05 3.22713810088e-07 0.00267374418785 0.0624497432085
AMR_VOLUME_STAGE 3.63 459 3 40.526278369657575 -5.6701485077355133e-09
RUN 3.64 460 40.5262783697 0.417950333716
Q_RUN 3.64 460 40.526278369657575 -5.67014377386e-09 -0 0 1.66533453694e-16 6.42389787198e-18 10
Q_CUTCELL_CFL 3.64 460 0.01293768488 0.01293768488 0.140112729427 0 608
SHORE 3.64 460 45.96875 0.0036425404969 0.416980498248
Q_MOMENTUM 3.64 460 0.0226439942777 2.41791119563 2.58705974613 0.464126448663 0.459638940311 1.7857810399 0.00282087673517
AMR_VOLUME_STAGE 3.64 460 0 40.526278369656495 -5.6701751577264741e-09
AMR_VOLUME_STAGE 3.64 460 1 40.526278369656495 -5.6701751577264741e-09
Q_CLEANUP 3.64 460 0 -0
AMR_VOLUME_STAGE 3.64 460 2 40.526278369656495 -5.6701751577264741e-09
WARNING: convergence for p not reached after 100 iterations
  res: 2.6711e-07 sum: 2.42023e-07 nrelax: 15
POSTADAPT_REPROJECT 3.64 460 100 2.67110261059e-07 1.59085643152e-11 3.43097106281e-10 2.00506992331e-05 3.60682943812e-07 0.00269470584864 0.062387100036
AMR_VOLUME_STAGE 3.64 460 3 40.526278369656495 -5.6701751577264741e-09
Q_MOMENTUM 3.65 461 0.022439363157 2.45073186379 2.50783460279 0.463812363074 0.459454319784 1.75573056945 0.00284552370857
AMR_VOLUME_STAGE 3.65 461 0 40.526278369655493 -5.6701998790996677e-09
AMR_VOLUME_STAGE 3.65 461 1 40.526278369655493 -5.6701998790996677e-09
Q_CLEANUP 3.65 461 0 -0
AMR_VOLUME_STAGE 3.65 461 2 40.526278369655493 -5.6701998790996677e-09
WARNING: convergence for p not reached after 100 iterations
  res: 2.41113e-07 sum: -0.0233268 nrelax: 15
POSTADAPT_REPROJECT 3.65 461 100 2.41112825349e-07 1.39845729943e-11 3.07969566515e-10 1.8487898476e-05 3.44830030653e-07 0.00270822487152 0.0623096788538
AMR_VOLUME_STAGE 3.65 461 3 40.526278369655493 -5.6701998790996677e-09
RUN 3.66 462 40.5262783697 0.417586885573
Q_RUN 3.66 462 40.526278369655493 -5.67019514522e-09 -0 0 1.66533453694e-16 1.21430643318e-17 15
Q_CUTCELL_CFL 3.66 462 0.0129724028334 0.0129724028334 0.139188479626 0 608
SHORE 3.66 462 45.96875 0.0036323799665 0.416557323344
Q_MOMENTUM 3.66 462 0.0228404404773 2.47107487127 2.43870402093 0.463611324382 0.459336398071 1.82818121703 0.00285271079418
AMR_VOLUME_STAGE 3.66 462 0 40.526278369654435 -5.6702260031039652e-09
AMR_VOLUME_STAGE 3.66 462 1 40.526278369654435 -5.6702260031039652e-09
Q_CLEANUP 3.66 462 0 -0
AMR_VOLUME_STAGE 3.66 462 2 40.526278369654435 -5.6702260031039652e-09
POSTADAPT_REPROJECT 3.66 462 90 8.6862173937e-09 5.45229309154e-13 1.11358700039e-11 1.82730440401e-05 3.28300425725e-07 0.00267822533943 0.0634414955633
AMR_VOLUME_STAGE 3.66 462 3 40.526278369654435 -5.6702260031039652e-09
Q_MOMENTUM 3.67 463 0.0223565112872 2.47041864266 2.42613664965 0.463183743288 0.45912547506 1.78546599544 0.00284538119673
AMR_VOLUME_STAGE 3.67 463 0 40.526278369654648 -5.6702207432373284e-09
AMR_VOLUME_STAGE 3.67 463 1 40.526278369654648 -5.6702207432373284e-09
Q_CLEANUP 3.67 463 0 -0
AMR_VOLUME_STAGE 3.67 463 2 40.526278369654648 -5.6702207432373284e-09
POSTADAPT_REPROJECT 3.67 463 100 8.83603407732e-09 5.28240018202e-13 1.09506848034e-11 1.89915621399e-05 3.29136288456e-07 0.00270827216656 0.0633855323518
AMR_VOLUME_STAGE 3.67 463 3 40.526278369654648 -5.6702207432373284e-09
RUN 3.68 464 40.5262783697 0.41622548627
Q_RUN 3.68 464 40.526278369654648 -5.67021600936e-09 -0 0 1.66533453694e-16 9.89461537335e-18 18
Q_CUTCELL_CFL 3.68 464 0.0129933158744 0.0129933158744 0.138200633827 0 608
SHORE 3.68 464 45.96875 0.00365014942285 0.416263885205
Q_MOMENTUM 3.68 464 0.0218414329438 2.46272325631 2.53287274947 0.463117184249 0.458940318563 1.70536897982 0.00286034421327
AMR_VOLUME_STAGE 3.68 464 0 40.526278369654541 -5.6702233731706464e-09
AMR_VOLUME_STAGE 3.68 464 1 40.526278369654541 -5.6702233731706464e-09
Q_CLEANUP 3.68 464 0 -0
AMR_VOLUME_STAGE 3.68 464 2 40.526278369654541 -5.6702233731706464e-09
WARNING: convergence for p not reached after 100 iterations
  res: 1.52862e-07 sum: 2.49612e-07 nrelax: 11
POSTADAPT_REPROJECT 3.68 464 100 1.52861626622e-07 6.80772161396e-12 1.7760337645e-10 1.99220894103e-05 3.37895777256e-07 0.00272095038288 0.063000277802
AMR_VOLUME_STAGE 3.68 464 3 40.526278369654541 -5.6702233731706464e-09
Q_MOMENTUM 3.69 465 0.0222350102969 2.47984163715 2.49378093655 0.462771253384 0.458810906439 1.79344695128 0.0029008510422
AMR_VOLUME_STAGE 3.69 465 0 40.526278369654001 -5.6702366981661272e-09
AMR_VOLUME_STAGE 3.69 465 1 40.526278369654001 -5.6702366981661272e-09
Q_CLEANUP 3.69 465 0 -0
AMR_VOLUME_STAGE 3.69 465 2 40.526278369654001 -5.6702366981661272e-09
WARNING: convergence for p not reached after 100 iterations
  res: 1.31546e-07 sum: -0.00186931 nrelax: 11
POSTADAPT_REPROJECT 3.69 465 100 1.3154585526e-07 6.045333736e-12 1.53007495562e-10 2.07006882877e-05 3.38960856561e-07 0.00273335336026 0.0626670615128
AMR_VOLUME_STAGE 3.69 465 3 40.526278369654001 -5.6702366981661272e-09
RUN 3.7 466 40.5262783697 0.417281544146
Q_RUN 3.7 466 40.526278369654001 -5.67023196429e-09 -0 0 1.66533453694e-16 9.00396022931e-18 13
Q_CUTCELL_CFL 3.7 466 0.0128517937101 0.0128517937101 0.135399541312 0 608
SHORE 3.7 466 45.96875 0.00364058051346 0.415769875001
Q_MOMENTUM 3.7 466 0.0220335854155 2.51065047353 2.49375877216 0.462757911357 0.458709637326 1.7914817274 0.00291129667023
AMR_VOLUME_STAGE 3.7 466 0 40.526278369653667 -5.6702449386238586e-09
AMR_VOLUME_STAGE 3.7 466 1 40.526278369653667 -5.6702449386238586e-09
Q_CLEANUP 3.7 466 0 -0
AMR_VOLUME_STAGE 3.7 466 2 40.526278369653667 -5.6702449386238586e-09
POSTADAPT_REPROJECT 3.7 466 43 9.46184328684e-09 1.24317572669e-12 1.90107929399e-11 2.24273496358e-05 3.41490622947e-07 0.00274394893889 0.0624196183233
AMR_VOLUME_STAGE 3.7 466 3 40.526278369653667 -5.6702449386238586e-09
Q_MOMENTUM 3.71 467 0.0226357921646 2.51336881777 2.484931785 0.462497009447 0.458550700245 1.67051815082 0.00291007177139
AMR_VOLUME_STAGE 3.71 467 0 40.526278369653568 -5.6702473932282892e-09
AMR_VOLUME_STAGE 3.71 467 1 40.526278369653568 -5.6702473932282892e-09
Q_CLEANUP 3.71 467 0 -0
AMR_VOLUME_STAGE 3.71 467 2 40.526278369653568 -5.6702473932282892e-09
POSTADAPT_REPROJECT 3.71 467 29 4.70141853728e-09 1.4209818132e-12 2.04205541365e-11 1.38574614837e-05 4.00316629261e-07 0.00273495973212 0.0622154115012
AMR_VOLUME_STAGE 3.71 467 3 40.526278369653568 -5.6702473932282892e-09
RUN 3.72 468 40.5262783697 0.416050049484
Q_RUN 3.72 468 40.526278369653568 -5.67024265935e-09 -0 0 1.66533453694e-16 1.25769569591e-17 21
Q_CUTCELL_CFL 3.72 468 0.0127994565885 0.0127994565885 0.13353807265 0 608
SHORE 3.72 468 45.96875 0.00365694193353 0.414983580183
Q_MOMENTUM 3.72 468 0.0226961782862 2.51126603757 2.46778976691 0.462353792441 0.458348305519 1.77910884234 0.00289616383963
AMR_VOLUME_STAGE 3.72 468 0 40.526278369653504 -5.6702489711882806e-09
AMR_VOLUME_STAGE 3.72 468 1 40.526278369653504 -5.6702489711882806e-09
Q_CLEANUP 3.72 468 0 -0
AMR_VOLUME_STAGE 3.72 468 2 40.526278369653504 -5.6702489711882806e-09
POSTADAPT_REPROJECT 3.72 468 28 6.57091519398e-09 2.35895605682e-12 3.88400422935e-11 2.90603813032e-05 3.55306664078e-07 0.00273464577733 0.0620616476224
AMR_VOLUME_STAGE 3.72 468 3 40.526278369653504 -5.6702489711882806e-09
Q_MOMENTUM 3.73 469 0.0218074441387 2.49477131886 2.49792905268 0.461954888513 0.458179148271 1.77651386733 0.00290466719538
AMR_VOLUME_STAGE 3.73 469 0 40.526278369653483 -5.6702494971749439e-09
AMR_VOLUME_STAGE 3.73 469 1 40.526278369653483 -5.6702494971749439e-09
Q_CLEANUP 3.73 469 0 -0
AMR_VOLUME_STAGE 3.73 469 2 40.526278369653483 -5.6702494971749439e-09
POSTADAPT_REPROJECT 3.73 469 26 7.76927586954e-09 2.10582120917e-12 3.33427729871e-11 1.42478186189e-05 3.46368185614e-07 0.00271616989846 0.0619244158376
AMR_VOLUME_STAGE 3.73 469 3 40.526278369653483 -5.6702494971749439e-09
RUN 3.74 470 40.5262783697 0.415460531128
Q_RUN 3.74 470 40.526278369653483 -5.67024476329e-09 -0 0 1.66533453694e-16 3.93192694115e-18 7
Q_CUTCELL_CFL 3.74 470 0.012737969257 0.012737969257 0.131592804416 0 606
SHORE 3.74 470 45.96875 0.00366331056696 0.414744162386
Q_MOMENTUM 3.74 470 0.0215516288198 2.50922200903 2.55100857176 0.461869207518 0.458045835396 1.68565451802 0.0029275070149
AMR_VOLUME_STAGE 3.74 470 0 40.52627836965361 -5.6702463412549618e-09
AMR_VOLUME_STAGE 3.74 470 1 40.52627836965361 -5.6702463412549618e-09
Q_CLEANUP 3.74 470 0 -0
AMR_VOLUME_STAGE 3.74 470 2 40.52627836965361 -5.6702463412549618e-09
POSTADAPT_REPROJECT 3.74 470 26 6.85200637478e-09 2.00633886125e-12 2.67869060266e-11 1.29041001234e-05 3.38555176429e-07 0.00268615882952 0.0618471715766
AMR_VOLUME_STAGE 3.74 470 3 40.52627836965361 -5.6702463412549618e-09
Q_MOMENTUM 3.75 471 0.0216321077276 2.52487921214 2.50841004079 0.46165208064 0.457902293876 1.7503975636 0.00293302787467
AMR_VOLUME_STAGE 3.75 471 0 40.526278369653603 -5.6702465165838501e-09
AMR_VOLUME_STAGE 3.75 471 1 40.526278369653603 -5.6702465165838501e-09
Q_CLEANUP 3.75 471 0 -0
AMR_VOLUME_STAGE 3.75 471 2 40.526278369653603 -5.6702465165838501e-09
POSTADAPT_REPROJECT 3.75 471 36 7.46874610964e-09 3.44188836254e-12 2.1858809901e-11 5.46006872624e-06 3.20659654514e-07 0.00273912582558 0.0617799768043
AMR_VOLUME_STAGE 3.75 471 3 40.526278369653603 -5.6702465165838501e-09
RUN 3.76 472 40.5262783697 0.415946090618
Q_RUN 3.76 472 40.526278369653603 -5.6702417827e-09 -0 0 1.66533453694e-16 8.03241343881e-18 16
Q_CUTCELL_CFL 3.76 472 0.0126654704523 0.0126654704523 0.129471872777 0 606
SHORE 3.76 472 45.96875 0.00366267812674 0.41431688349
Q_MOMENTUM 3.76 472 0.0218810245309 2.5241961033 2.49440668596 0.461512760661 0.457803536414 1.7847185252 0.00292413817856
AMR_VOLUME_STAGE 3.76 472 0 40.526278369653191 -5.670256685659348e-09
AMR_VOLUME_STAGE 3.76 472 1 40.526278369653191 -5.670256685659348e-09
Q_CLEANUP 3.76 472 0 -0
AMR_VOLUME_STAGE 3.76 472 2 40.526278369653191 -5.670256685659348e-09
POSTADAPT_REPROJECT 3.76 472 36 8.96541229299e-09 4.12849941817e-12 2.6232963718e-11 1.26690556731e-05 3.38297588771e-07 0.00273296237768 0.0617291389013
AMR_VOLUME_STAGE 3.76 472 3 40.526278369653191 -5.670256685659348e-09
Q_MOMENTUM 3.77 473 0.0223497867194 2.51524234788 2.48123081155 0.461272731573 0.457666601463 1.69754318077 0.00291453566772
AMR_VOLUME_STAGE 3.77 473 0 40.52627836965253 -5.6702729912459226e-09
AMR_VOLUME_STAGE 3.77 473 1 40.52627836965253 -5.6702729912459226e-09
Q_CLEANUP 3.77 473 0 -0
AMR_VOLUME_STAGE 3.77 473 2 40.52627836965253 -5.6702729912459226e-09
POSTADAPT_REPROJECT 3.77 473 36 7.75400360044e-09 3.77200637153e-12 2.3665444604e-11 1.43532149357e-05 3.13998558257e-07 0.00274238594719 0.0616729345381
AMR_VOLUME_STAGE 3.77 473 3 40.52627836965253 -5.6702729912459226e-09
RUN 3.78 474 40.5262783697 0.415212250162
Q_RUN 3.78 474 40.52627836965253 -5.67026825737e-09 -0 0 1.66533453694e-16 9.78492295232e-18 15
Q_CUTCELL_CFL 3.78 474 0.0126723318804 0.0126723318804 0.128158309317 0 607
SHORE 3.78 474 45.96875 0.0036522117603 0.414561264578
Q_MOMENTUM 3.78 474 0.0217787820581 2.49955232076 2.51150528174 0.461269331765 0.457551554565 1.71732745469 0.00292470693463
AMR_VOLUME_STAGE 3.78 474 0 40.526278369652012 -5.6702857902547393e-09
AMR_VOLUME_STAGE 3.78 474 1 40.526278369652012 -5.6702857902547393e-09
Q_CLEANUP 3.78 474 0 -0
AMR_VOLUME_STAGE 3.78 474 2 40.526278369652012 -5.6702857902547393e-09
POSTADAPT_REPROJECT 3.78 474 36 8.39164647341e-09 4.0908975091e-12 2.56053685199e-11 1.12079865244e-05 3.24070465077e-07 0.00274224525641 0.0616274940006
AMR_VOLUME_STAGE 3.78 474 3 40.526278369652012 -5.6702857902547393e-09
Q_MOMENTUM 3.79 475 0.0219432265009 2.51445781976 2.51416022058 0.460935551817 0.457388885703 1.76596885071 0.00293647094077
AMR_VOLUME_STAGE 3.79 475 0 40.526278369651514 -5.6702980632768927e-09
AMR_VOLUME_STAGE 3.79 475 1 40.526278369651514 -5.6702980632768927e-09
Q_CLEANUP 3.79 475 0 -0
AMR_VOLUME_STAGE 3.79 475 2 40.526278369651514 -5.6702980632768927e-09
POSTADAPT_REPROJECT 3.79 475 36 7.88641487553e-09 3.85706026068e-12 2.40493423787e-11 1.01167956537e-05 3.1643983987e-07 0.00272595292606 0.0615763549652
AMR_VOLUME_STAGE 3.79 475 3 40.526278369651514 -5.6702980632768927e-09
RUN 3.8 476 40.5262783697 0.414763591797
Q_RUN 3.8 476 40.526278369651514 -5.6702933294e-09 -0 0 1.66533453694e-16 8.45677694539e-18 14
Q_CUTCELL_CFL 3.8 476 0.0126235041919 0.0126235041919 0.126280351217 0 607
SHORE 3.8 476 45.96875 0.00365851177517 0.414974682292
Q_MOMENTUM 3.8 476 0.0212256584731 2.52176024287 2.50570419561 0.460857409505 0.457234511277 1.71545204761 0.00293494358048
AMR_VOLUME_STAGE 3.8 476 0 40.526278369650846 -5.6703145441923548e-09
AMR_VOLUME_STAGE 3.8 476 1 40.526278369650846 -5.6703145441923548e-09
Q_CLEANUP 3.8 476 0 -0
AMR_VOLUME_STAGE 3.8 476 2 40.526278369650846 -5.6703145441923548e-09
POSTADAPT_REPROJECT 3.8 476 36 9.15860642187e-09 4.24175985545e-12 2.67768029971e-11 1.31854568359e-05 3.1040608626e-07 0.0027623851912 0.06153406904
AMR_VOLUME_STAGE 3.8 476 3 40.526278369650846 -5.6703145441923548e-09
Q_MOMENTUM 3.81 477 0.0210152964769 2.51943717317 2.49839968296 0.460547087788 0.457042294445 1.66722255874 0.0029336251452
AMR_VOLUME_STAGE 3.81 477 0 40.526278369650242 -5.6703294471478271e-09
AMR_VOLUME_STAGE 3.81 477 1 40.526278369650242 -5.6703294471478271e-09
Q_CLEANUP 3.81 477 0 -0
AMR_VOLUME_STAGE 3.81 477 2 40.526278369650242 -5.6703294471478271e-09
POSTADAPT_REPROJECT 3.81 477 43 5.89628005916e-09 1.74674898239e-12 2.84448020693e-11 1.72854199089e-05 3.60394501593e-07 0.00274730247039 0.0614929078139
AMR_VOLUME_STAGE 3.81 477 3 40.526278369650242 -5.6703294471478271e-09
RUN 3.82 478 40.5262783697 0.414428461298
Q_RUN 3.82 478 40.526278369650242 -5.67032471327e-09 -0 0 1.66533453694e-16 8.13151629364e-18 14
Q_CUTCELL_CFL 3.82 478 0.0125944940072 0.0125944940072 0.124580218403 0 606
SHORE 3.82 478 45.96875 0.00366307216752 0.415507802845
Q_MOMENTUM 3.82 478 0.0220855238544 2.51831813649 2.49554679367 0.460433845055 0.456924688912 1.75812584407 0.00292645104249
AMR_VOLUME_STAGE 3.82 478 0 40.526278369650285 -5.6703283951744997e-09
AMR_VOLUME_STAGE 3.82 478 1 40.526278369650285 -5.6703283951744997e-09
Q_CLEANUP 3.82 478 0 -0
AMR_VOLUME_STAGE 3.82 478 2 40.526278369650285 -5.6703283951744997e-09
WARNING: convergence for p not reached after 100 iterations
  res: 3.67095e-08 sum: -1.72749e-07 nrelax: 10
POSTADAPT_REPROJECT 3.82 478 100 3.67095318045e-08 2.04616120638e-12 4.66680027955e-11 1.68348485893e-05 3.57170004967e-07 0.00273626703123 0.0614248898006
AMR_VOLUME_STAGE 3.82 478 3 40.526278369650285 -5.6703283951744997e-09
Q_MOMENTUM 3.83 479 0.0217752081398 2.50518556379 2.51391248037 0.460371831944 0.456850802448 1.71570242635 0.0029388153465
AMR_VOLUME_STAGE 3.83 479 0 40.526278369650434 -5.6703247132678535e-09
AMR_VOLUME_STAGE 3.83 479 1 40.526278369650434 -5.6703247132678535e-09
Q_CLEANUP 3.83 479 0 -0
AMR_VOLUME_STAGE 3.83 479 2 40.526278369650434 -5.6703247132678535e-09
WARNING: convergence for p not reached after 100 iterations
  res: 4.86534e-08 sum: 0.00298276 nrelax: 10
POSTADAPT_REPROJECT 3.83 479 100 4.86533849795e-08 2.81761246479e-12 6.68511912494e-11 1.76007405516e-05 3.60469835266e-07 0.00274261424969 0.0613659204832
AMR_VOLUME_STAGE 3.83 479 3 40.526278369650434 -5.6703247132678535e-09
RUN 3.84 480 40.5262783697 0.415039219215
Q_RUN 3.84 480 40.526278369650434 -5.67031997939e-09 -0 0 1.66533453694e-16 9.69175098248e-18 16
Q_CUTCELL_CFL 3.84 480 0.0125911737155 0.0125911737155 0.123120332251 0 603
SHORE 3.84 480 45.96875 0.00366795489655 0.415901966898
Q_MOMENTUM 3.84 480 0.0215386454382 2.51520029156 2.51337118256 0.460227977773 0.456754509029 1.61976779926 0.00294546945474
AMR_VOLUME_STAGE 3.84 480 0 40.526278369650655 -5.6703192780723284e-09
AMR_VOLUME_STAGE 3.84 480 1 40.526278369650655 -5.6703192780723284e-09
Q_CLEANUP 3.84 480 0 -0
AMR_VOLUME_STAGE 3.84 480 2 40.526278369650655 -5.6703192780723284e-09
WARNING: convergence for p not reached after 100 iterations
  res: 3.27774e-08 sum: -2.04612e-07 nrelax: 10
POSTADAPT_REPROJECT 3.84 480 100 3.27773990719e-08 2.90752635165e-12 7.10962400063e-11 1.78164388411e-05 3.67358272612e-07 0.00274311544128 0.0613133356152
AMR_VOLUME_STAGE 3.84 480 3 40.526278369650655 -5.6703192780723284e-09
Q_MOMENTUM 3.85 481 0.0212188930551 2.52198710191 2.51660047258 0.459907848679 0.45659755613 1.73646542592 0.00295612974759
AMR_VOLUME_STAGE 3.85 481 0 40.526278369650754 -5.6703168234678979e-09
AMR_VOLUME_STAGE 3.85 481 1 40.526278369650754 -5.6703168234678979e-09
Q_CLEANUP 3.85 481 0 -0
AMR_VOLUME_STAGE 3.85 481 2 40.526278369650754 -5.6703168234678979e-09
WARNING: convergence for p not reached after 100 iterations
  res: 2.7034e-08 sum: 0.00800912 nrelax: 10
POSTADAPT_REPROJECT 3.85 481 100 2.70339794008e-08 2.56911937359e-12 6.3732130684e-11 8.87077581784e-06 3.91287871661e-07 0.00277448260547 0.0612523631088
AMR_VOLUME_STAGE 3.85 481 3 40.526278369650754 -5.6703168234678979e-09
RUN 3.86 482 40.5262783697 0.413053997821
Q_RUN 3.86 482 40.526278369650754 -5.67031208959e-09 -0 0 1.66533453694e-16 1.06726151354e-17 15
Q_CUTCELL_CFL 3.86 482 0.0124654201681 0.0124654201681 0.120449097805 0 603
SHORE 3.86 482 45.96875 0.0036841093627 0.415982593806
Q_MOMENTUM 3.86 482 0.0212184747676 2.53467832023 2.52151482736 0.459858494233 0.456483869652 1.73480267169 0.00296564243847
AMR_VOLUME_STAGE 3.86 482 0 40.526278369650903 -5.6703131415612517e-09
AMR_VOLUME_STAGE 3.86 482 1 40.526278369650903 -5.6703131415612517e-09
Q_CLEANUP 3.86 482 0 -0
AMR_VOLUME_STAGE 3.86 482 2 40.526278369650903 -5.6703131415612517e-09
WARNING: convergence for p not reached after 100 iterations
  res: 4.31462e-08 sum: -1.15659e-07 nrelax: 9
POSTADAPT_REPROJECT 3.86 482 100 4.31461878083e-08 4.54719494491e-12 1.06299191671e-10 1.88633021902e-05 3.7109939384e-07 0.00274012271821 0.061197281312
AMR_VOLUME_STAGE 3.86 482 3 40.526278369650903 -5.6703131415612517e-09
Q_MOMENTUM 3.87 483 0.0215139749731 2.52972631062 2.52244115129 0.459721909194 0.456370696882 1.60726746722 0.00296734756863
AMR_VOLUME_STAGE 3.87 483 0 40.526278369651287 -5.6703036738013054e-09
AMR_VOLUME_STAGE 3.87 483 1 40.526278369651287 -5.6703036738013054e-09
Q_CLEANUP 3.87 483 0 -0
AMR_VOLUME_STAGE 3.87 483 2 40.526278369651287 -5.6703036738013054e-09
WARNING: convergence for p not reached after 100 iterations
  res: 1.11748e-08 sum: 0.0035131 nrelax: 9
POSTADAPT_REPROJECT 3.87 483 100 1.11747683552e-08 1.28569310691e-12 2.90964613514e-11 2.28134524865e-05 3.20421813852e-07 0.0027474666552 0.0611339218399
AMR_VOLUME_STAGE 3.87 483 3 40.526278369651287 -5.6703036738013054e-09
RUN 3.88 484 40.5262783697 0.414061452803
Q_RUN 3.88 484 40.526278369651287 -5.67029893992e-09 -0 0 1.66533453694e-16 8.72634518085e-18 14
Q_CUTCELL_CFL 3.88 484 0.0124149374556 0.0124149374556 0.120049314036 0 605
SHORE 3.88 484 45.96875 0.00370429351219 0.415486289501
Q_MOMENTUM 3.88 484 0.0212929345998 2.53770268421 2.53478182394 0.459769510432 0.456305507849 1.72689054503 0.00297876062454
AMR_VOLUME_STAGE 3.88 484 0 40.526278369651251 -5.6703045504457453e-09
AMR_VOLUME_STAGE 3.88 484 1 40.526278369651251 -5.6703045504457453e-09
Q_CLEANUP 3.88 484 0 -0
AMR_VOLUME_STAGE 3.88 484 2 40.526278369651251 -5.6703045504457453e-09
WARNING: convergence for p not reached after 100 iterations
  res: 3.8749e-08 sum: -0.0183325 nrelax: 8
POSTADAPT_REPROJECT 3.88 484 100 3.87489798878e-08 4.70083161476e-12 1.05146169549e-10 1.73090735734e-05 3.32172091143e-07 0.00275351629209 0.0610661606095
AMR_VOLUME_STAGE 3.88 484 3 40.526278369651251 -5.6703045504457453e-09
Q_MOMENTUM 3.89 485 0.022160844473 2.54853080613 2.55032464309 0.459500094794 0.456263711854 1.73740939839 0.0029914415847
AMR_VOLUME_STAGE 3.89 485 0 40.526278369651621 -5.6702954333435739e-09
AMR_VOLUME_STAGE 3.89 485 1 40.526278369651621 -5.6702954333435739e-09
Q_CLEANUP 3.89 485 0 -0
AMR_VOLUME_STAGE 3.89 485 2 40.526278369651621 -5.6702954333435739e-09
POSTADAPT_REPROJECT 3.89 485 99 9.20090189467e-09 1.28674355288e-12 2.49141263176e-11 1.33558614544e-05 3.1178359653e-07 0.00268433271457 0.0610118460353
AMR_VOLUME_STAGE 3.89 485 3 40.526278369651621 -5.6702954333435739e-09
RUN 3.9 486 40.5262783697 0.413686130275
Q_RUN 3.9 486 40.526278369651621 -5.67029069946e-09 -0 0 1.66533453694e-16 6.24347985421e-18 12
Q_CUTCELL_CFL 3.9 486 0.0123137894556 0.0123137894556 0.11940080266 0 606
SHORE 3.9 486 45.96875 0.00371148669829 0.415300108064
Q_MOMENTUM 3.9 486 0.0212620487351 2.5635243829 2.56478153286 0.459553355282 0.456197872996 1.64901197524 0.00301146103736
AMR_VOLUME_STAGE 3.9 486 0 40.526278369651713 -5.6702931540680317e-09
AMR_VOLUME_STAGE 3.9 486 1 40.526278369651713 -5.6702931540680317e-09
Q_CLEANUP 3.9 486 0 -0
AMR_VOLUME_STAGE 3.9 486 2 40.526278369651713 -5.6702931540680317e-09
POSTADAPT_REPROJECT 3.9 486 99 8.70432034849e-09 1.24226104341e-12 2.39116504375e-11 1.00725505979e-05 2.99878739024e-07 0.00271236997802 0.0609725420595
AMR_VOLUME_STAGE 3.9 486 3 40.526278369651713 -5.6702931540680317e-09
Q_MOMENTUM 3.91 487 0.0210164340398 2.57194751326 2.57087400892 0.459382058779 0.456108975018 1.67679108673 0.003023333454
AMR_VOLUME_STAGE 3.91 487 0 40.526278369651862 -5.6702894721613855e-09
AMR_VOLUME_STAGE 3.91 487 1 40.526278369651862 -5.6702894721613855e-09
Q_CLEANUP 3.91 487 0 -0
AMR_VOLUME_STAGE 3.91 487 2 40.526278369651862 -5.6702894721613855e-09
POSTADAPT_REPROJECT 3.91 487 99 9.06155379398e-09 1.31591320792e-12 2.51149101516e-11 1.10160049819e-05 3.3470304604e-07 0.00269474457064 0.0609241618951
AMR_VOLUME_STAGE 3.91 487 3 40.526278369651862 -5.6702894721613855e-09
RUN 3.92 488 40.5262783697 0.412440637649
Q_RUN 3.92 488 40.526278369651862 -5.67028473828e-09 -0 0 1.66533453694e-16 5.5997348143e-18 14
Q_CUTCELL_CFL 3.92 488 0.0121897871726 0.0121897871726 0.118622451274 0 607
SHORE 3.92 488 45.96875 0.00370352933395 0.414888009645
Q_MOMENTUM 3.92 488 0.0218664946476 2.58529811001 2.5890200828 0.459286945642 0.456007199861 1.73765211125 0.00303457167481
AMR_VOLUME_STAGE 3.92 488 0 40.526278369651884 -5.6702889461747214e-09
AMR_VOLUME_STAGE 3.92 488 1 40.526278369651884 -5.6702889461747214e-09
Q_CLEANUP 3.92 488 0 -0
AMR_VOLUME_STAGE 3.92 488 2 40.526278369651884 -5.6702889461747214e-09
POSTADAPT_REPROJECT 3.92 488 99 8.73954375042e-09 1.2907023611e-12 2.44426701101e-11 8.16582761906e-06 3.36381134755e-07 0.00269656588516 0.0608938958088
AMR_VOLUME_STAGE 3.92 488 3 40.526278369651884 -5.6702889461747214e-09
Q_MOMENTUM 3.93 489 0.0213997575192 2.60233097856 2.60180086601 0.459075475082 0.455900413464 1.66140214979 0.00304920943533
AMR_VOLUME_STAGE 3.93 489 0 40.526278369651862 -5.6702894721613855e-09
AMR_VOLUME_STAGE 3.93 489 1 40.526278369651862 -5.6702894721613855e-09
Q_CLEANUP 3.93 489 0 -0
AMR_VOLUME_STAGE 3.93 489 2 40.526278369651862 -5.6702894721613855e-09
POSTADAPT_REPROJECT 3.93 489 98 8.47755011917e-09 1.27110288452e-12 2.42008635354e-11 1.0250993202e-05 3.41996944097e-07 0.00270993259337 0.0608279793295
AMR_VOLUME_STAGE 3.93 489 3 40.526278369651862 -5.6702894721613855e-09
RUN 3.94 490 40.5262783697 0.412494340868
Q_RUN 3.94 490 40.526278369651862 -5.67028473828e-09 -0 0 1.66533453694e-16 1.21667812544e-17 20
Q_CUTCELL_CFL 3.94 490 0.0121019521963 0.0121019521963 0.118176249536 0 607
SHORE 3.94 490 45.96875 0.00369910819387 0.414306818222
Q_MOMENTUM 3.94 490 0.0220683264766 2.61735612538 2.62019322888 0.459151004952 0.455812676147 1.62139184809 0.00306593962002
AMR_VOLUME_STAGE 3.94 490 0 40.526278369652005 -5.6702859655836276e-09
AMR_VOLUME_STAGE 3.94 490 1 40.526278369652005 -5.6702859655836276e-09
Q_CLEANUP 3.94 490 0 -0
AMR_VOLUME_STAGE 3.94 490 2 40.526278369652005 -5.6702859655836276e-09
POSTADAPT_REPROJECT 3.94 490 98 8.22808398698e-09 1.25064611628e-12 2.38268849095e-11 8.70203078671e-06 4.00412577446e-07 0.00273247250982 0.0607635735683
AMR_VOLUME_STAGE 3.94 490 3 40.526278369652005 -5.6702859655836276e-09
Q_MOMENTUM 3.95 491 0.0215465358623 2.6197470442 2.62877896375 0.459035918074 0.455751869638 1.70600022783 0.00307203034064
AMR_VOLUME_STAGE 3.95 491 0 40.526278369651983 -5.6702864915702909e-09
AMR_VOLUME_STAGE 3.95 491 1 40.526278369651983 -5.6702864915702909e-09
Q_CLEANUP 3.95 491 0 -0
AMR_VOLUME_STAGE 3.95 491 2 40.526278369651983 -5.6702864915702909e-09
POSTADAPT_REPROJECT 3.95 491 96 8.02143023262e-09 1.1660660481e-12 2.29944119301e-11 1.42303815731e-05 3.42273683411e-07 0.00268884002508 0.0606825824547
AMR_VOLUME_STAGE 3.95 491 3 40.526278369651983 -5.6702864915702909e-09
RUN 3.96 492 40.5262783697 0.411507037274
Q_RUN 3.96 492 40.526278369651983 -5.67028175769e-09 -0 0 1.66533453694e-16 8.59230221695e-18 14
Q_CUTCELL_CFL 3.96 492 0.012033542674 0.012033542674 0.117867198214 0 607
SHORE 3.96 492 45.96875 0.00369423898264 0.413460507013
Q_MOMENTUM 3.96 492 0.0215099169213 2.63090743652 2.63647474044 0.458984775212 0.455682322351 1.67046130627 0.00307782227945
AMR_VOLUME_STAGE 3.96 492 0 40.526278369652132 -5.6702828096636455e-09
AMR_VOLUME_STAGE 3.96 492 1 40.526278369652132 -5.6702828096636455e-09
Q_CLEANUP 3.96 492 0 -0
AMR_VOLUME_STAGE 3.96 492 2 40.526278369652132 -5.6702828096636455e-09
POSTADAPT_REPROJECT 3.96 492 97 8.68059879812e-09 1.13674212731e-12 2.44782805137e-11 1.70818634508e-05 3.80449441191e-07 0.00271979994799 0.060610626066
AMR_VOLUME_STAGE 3.96 492 3 40.526278369652132 -5.6702828096636455e-09
Q_MOMENTUM 3.97 493 0.0206844448443 2.64171137142 2.6504365837 0.458857156551 0.455602868407 1.57608978328 0.00309076847332
AMR_VOLUME_STAGE 3.97 493 0 40.526278369652282 -5.6702791277569993e-09
AMR_VOLUME_STAGE 3.97 493 1 40.526278369652282 -5.6702791277569993e-09
Q_CLEANUP 3.97 493 0 -0
AMR_VOLUME_STAGE 3.97 493 2 40.526278369652282 -5.6702791277569993e-09
WARNING: convergence for p not reached after 100 iterations
  res: 5.40005e-08 sum: -0.000610859 nrelax: 10
POSTADAPT_REPROJECT 3.97 493 100 5.40005085419e-08 6.20597332282e-12 1.5952128507e-10 1.18791849141e-05 3.45695093594e-07 0.00272274838597 0.0605238323197
AMR_VOLUME_STAGE 3.97 493 3 40.526278369652282 -5.6702791277569993e-09
RUN 3.98 494 40.5262783697 0.412111200964
Q_RUN 3.98 494 40.526278369652282 -5.67027439388e-09 -0 0 1.66533453694e-16 1.27800331082e-17 20
Q_CUTCELL_CFL 3.98 494 0.0119504179325 0.0119504179325 0.117346793356 0 607
SHORE 3.98 494 45.96875 0.00368371941558 0.413269392999
Q_MOMENTUM 3.98 494 0.0206078541254 2.654652085 2.65353999012 0.458834777199 0.455533019668 1.71529181218 0.00310021478528
AMR_VOLUME_STAGE 3.98 494 0 40.526278369652559 -5.670272289930371e-09
AMR_VOLUME_STAGE 3.98 494 1 40.526278369652559 -5.670272289930371e-09
Q_CLEANUP 3.98 494 0 -0
AMR_VOLUME_STAGE 3.98 494 2 40.526278369652559 -5.670272289930371e-09
WARNING: convergence for p not reached after 100 iterations
  res: 5.19361e-08 sum: 0.0164351 nrelax: 10
POSTADAPT_REPROJECT 3.98 494 100 5.19361080985e-08 5.66929635808e-12 1.43511535988e-10 1.4007115408e-05 3.86468316836e-07 0.00271267450933 0.0604493801094
AMR_VOLUME_STAGE 3.98 494 3 40.526278369652559 -5.670272289930371e-09
Q_MOMENTUM 3.99 495 0.0216484557949 2.66032206357 2.66333105612 0.458602678579 0.455454061885 1.69783706775 0.00311378921791
AMR_VOLUME_STAGE 3.99 495 0 40.526278369652978 -5.6702619455259848e-09
AMR_VOLUME_STAGE 3.99 495 1 40.526278369652978 -5.6702619455259848e-09
Q_CLEANUP 3.99 495 0 -0
AMR_VOLUME_STAGE 3.99 495 2 40.526278369652978 -5.6702619455259848e-09
POSTADAPT_REPROJECT 3.99 495 99 9.79221995737e-09 1.04005803285e-12 2.71369593463e-11 2.05025343185e-05 4.15357569005e-07 0.0027040550586 0.06035970636
AMR_VOLUME_STAGE 3.99 495 3 40.526278369652978 -5.6702619455259848e-09
RUN 4 496 40.5262783697 0.412036760876
Q_RUN 4 496 40.526278369652978 -5.67025721165e-09 -0 0 1.66533453694e-16 7.82361981731e-18 14
Q_CUTCELL_CFL 4 496 0.0118653379747 0.0118653379747 0.116551717986 0 605
SHORE 4 496 45.96875 0.00368340391493 0.412900833105
Q_MOMENTUM 4 496 0.0214494948904 2.65785593251 2.67094272166 0.458754405094 0.455384245573 1.58985124049 0.00312070186108
AMR_VOLUME_STAGE 4 496 0 40.526278369652907 -5.6702636988148638e-09
AMR_VOLUME_STAGE 4 496 1 40.526278369652907 -5.6702636988148638e-09
Q_CLEANUP 4 496 0 -0
AMR_VOLUME_STAGE 4 496 2 40.526278369652907 -5.6702636988148638e-09
WARNING: convergence for p not reached after 100 iterations
  res: 4.98615e-08 sum: -1.99688e-07 nrelax: 10
POSTADAPT_REPROJECT 4 496 100 4.98615138948e-08 5.12210333518e-12 1.37654110333e-10 1.90705749798e-05 4.11315890592e-07 0.0026984301428 0.0602840060823
AMR_VOLUME_STAGE 4 496 3 40.526278369652907 -5.6702636988148638e-09
Q_MOMENTUM 4.01 497 0.0205396351864 2.66370479566 2.66815756692 0.458677587945 0.455258035254 1.68954402227 0.00311681971897
AMR_VOLUME_STAGE 4.01 497 0 40.526278369653241 -5.6702554583571323e-09
AMR_VOLUME_STAGE 4.01 497 1 40.526278369653241 -5.6702554583571323e-09
Q_CLEANUP 4.01 497 0 -0
AMR_VOLUME_STAGE 4.01 497 2 40.526278369653241 -5.6702554583571323e-09
WARNING: convergence for p not reached after 100 iterations
  res: 4.29792e-08 sum: -0.0024716 nrelax: 10
POSTADAPT_REPROJECT 4.01 497 100 4.29792328224e-08 4.37291031759e-12 1.20120247082e-10 1.97066382281e-05 4.09040717257e-07 0.00269721919496 0.0601910099827
AMR_VOLUME_STAGE 4.01 497 3 40.526278369653241 -5.6702554583571323e-09
RUN 4.02 498 40.5262783697 0.410828437323
Q_RUN 4.02 498 40.526278369653241 -5.67025072448e-09 -0 0 1.66533453694e-16 5.69206140555e-18 10
Q_CUTCELL_CFL 4.02 498 0.0118554349272 0.0118554349272 0.116580945457 0 604
SHORE 4.02 498 45.96875 0.00368440458528 0.412311189464
Q_MOMENTUM 4.02 498 0.0212611191628 2.66307957875 2.66807578708 0.458571109295 0.455187696492 1.72270262617 0.00311365016732
AMR_VOLUME_STAGE 4.02 498 0 40.52627836965366 -5.6702451139527461e-09
AMR_VOLUME_STAGE 4.02 498 1 40.52627836965366 -5.6702451139527461e-09
Q_CLEANUP 4.02 498 0 -0
AMR_VOLUME_STAGE 4.02 498 2 40.52627836965366 -5.6702451139527461e-09
WARNING: convergence for p not reached after 100 iterations
  res: 3.65732e-08 sum: -0.00314852 nrelax: 10
POSTADAPT_REPROJECT 4.02 498 100 3.65731543127e-08 3.75882506265e-12 1.05008390872e-10 2.00364811872e-05 4.14900709667e-07 0.00269643442744 0.0601132884063
AMR_VOLUME_STAGE 4.02 498 3 40.52627836965366 -5.6702451139527461e-09
Q_MOMENTUM 4.03 499 0.0197850241305 2.66229733752 2.66080515098 0.458424995354 0.455091782973 1.62608640579 0.00311300436704
AMR_VOLUME_STAGE 4.03 499 0 40.526278369653738 -5.6702431853349797e-09
AMR_VOLUME_STAGE 4.03 499 1 40.526278369653738 -5.6702431853349797e-09
Q_CLEANUP 4.03 499 0 -0
AMR_VOLUME_STAGE 4.03 499 2 40.526278369653738 -5.6702431853349797e-09
WARNING: convergence for p not reached after 100 iterations
  res: 1.51756e-08 sum: -0.0188111 nrelax: 10
POSTADAPT_REPROJECT 4.03 499 100 1.51756012345e-08 1.64730974643e-12 4.47318848629e-11 1.96260608233e-05 4.2648508582e-07 0.00271637300437 0.0600174792468
AMR_VOLUME_STAGE 4.03 499 3 40.526278369653738 -5.6702431853349797e-09
RUN 4.04 500 40.5262783697 0.411574884936
Q_RUN 4.04 500 40.526278369653738 -5.67023845146e-09 -0 0 1.66533453694e-16 1.42030484596e-17 20
Q_CUTCELL_CFL 4.04 500 0.0118567904139 0.0118567904139 0.116720720409 0 603
SHORE 4.04 500 45.96875 0.00368966929145 0.411831188721
Q_MOMENTUM 4.04 500 0.0224851252317 2.65141912918 2.66181375493 0.458443491217 0.454984974205 1.663934747 0.0031115010724
AMR_VOLUME_STAGE 4.04 500 0 40.526278369653923 -5.6702386267838944e-09
AMR_VOLUME_STAGE 4.04 500 1 40.526278369653923 -5.6702386267838944e-09
Q_CLEANUP 4.04 500 0 -0
AMR_VOLUME_STAGE 4.04 500 2 40.526278369653923 -5.6702386267838944e-09
POSTADAPT_REPROJECT 4.04 500 53 8.81807980193e-09 1.03836426144e-12 2.54041232495e-11 2.56490940885e-05 4.33006324873e-07 0.00271056736326 0.0599413419907
AMR_VOLUME_STAGE 4.04 500 3 40.526278369653923 -5.6702386267838944e-09
Q_MOMENTUM 4.05 501 0.0221257810586 2.64472057461 2.65543899385 0.458378706599 0.454901412481 1.72142731586 0.00310238010618
AMR_VOLUME_STAGE 4.05 501 0 40.526278369653838 -5.6702407307305492e-09
AMR_VOLUME_STAGE 4.05 501 1 40.526278369653838 -5.6702407307305492e-09
Q_CLEANUP 4.05 501 0 -0
AMR_VOLUME_STAGE 4.05 501 2 40.526278369653838 -5.6702407307305492e-09
POSTADAPT_REPROJECT 4.05 501 40 6.0229619883e-09 1.27269865451e-12 2.54738452554e-11 2.22406436313e-05 4.06022584866e-07 0.00270224766313 0.0598432043655
AMR_VOLUME_STAGE 4.05 501 3 40.526278369653838 -5.6702407307305492e-09
RUN 4.06 502 40.5262783697 0.41195633462
Q_RUN 4.06 502 40.526278369653838 -5.67023599685e-09 -0 0 1.66533453694e-16 6.36629963156e-18 12
Q_CUTCELL_CFL 4.06 502 0.0118658542882 0.0118658542882 0.117093342316 0 603
SHORE 4.06 502 45.96875 0.00372276696499 0.411367500966
Q_MOMENTUM 4.06 502 0.0211241180386 2.64189429632 2.63794241955 0.45841237617 0.454829895627 1.67276773666 0.00308531802606
AMR_VOLUME_STAGE 4.06 502 0 40.526278369653838 -5.6702407307305492e-09
AMR_VOLUME_STAGE 4.06 502 1 40.526278369653838 -5.6702407307305492e-09
Q_CLEANUP 4.06 502 0 -0
AMR_VOLUME_STAGE 4.06 502 2 40.526278369653838 -5.6702407307305492e-09
POSTADAPT_REPROJECT 4.06 502 28 5.63602858347e-09 2.45574037164e-12 5.06243935661e-11 2.37559291944e-05 4.20734444135e-07 0.00270243884167 0.0597586770352
AMR_VOLUME_STAGE 4.06 502 3 40.526278369653838 -5.6702407307305492e-09
Q_MOMENTUM 4.07 503 0.0196652745992 2.62562117853 2.63028074242 0.458295107674 0.45475140376 1.63163998336 0.00308115430141
AMR_VOLUME_STAGE 4.07 503 0 40.526278369653873 -5.6702398540861093e-09
AMR_VOLUME_STAGE 4.07 503 1 40.526278369653873 -5.6702398540861093e-09
Q_CLEANUP 4.07 503 0 -0
AMR_VOLUME_STAGE 4.07 503 2 40.526278369653873 -5.6702398540861093e-09
POSTADAPT_REPROJECT 4.07 503 36 8.83105520118e-09 4.21328780666e-12 2.70839427274e-11 1.85223183439e-05 4.58940486696e-07 0.00269905726707 0.0596592096654
AMR_VOLUME_STAGE 4.07 503 3 40.526278369653873 -5.6702398540861093e-09
RUN 4.08 504 40.5262783697 0.410147010639
Q_RUN 4.08 504 40.526278369653873 -5.67023512021e-09 -0 0 1.66533453694e-16 8.78206406691e-18 15
Q_CUTCELL_CFL 4.08 504 0.0118854242514 0.0118854242514 0.117601866992 0 603
SHORE 4.08 504 45.96875 0.00372351544695 0.411096437766
Q_MOMENTUM 4.08 504 0.0194167043337 2.61115622283 2.62444591296 0.458327821634 0.454694373539 1.74637722866 0.00307160577302
AMR_VOLUME_STAGE 4.08 504 0 40.526278369653348 -5.6702528284238143e-09
AMR_VOLUME_STAGE 4.08 504 1 40.526278369653348 -5.6702528284238143e-09
Q_CLEANUP 4.08 504 0 -0
AMR_VOLUME_STAGE 4.08 504 2 40.526278369653348 -5.6702528284238143e-09
POSTADAPT_REPROJECT 4.08 504 36 9.17689133072e-09 4.41950900774e-12 2.80559256383e-11 1.69468779644e-05 3.71720231578e-07 0.00271504756156 0.0595752707612
AMR_VOLUME_STAGE 4.08 504 3 40.526278369653348 -5.6702528284238143e-09
Q_MOMENTUM 4.09 505 0.0216966510102 2.60006614916 2.60909166342 0.458236757924 0.454613597636 1.70930944947 0.0030501228423
AMR_VOLUME_STAGE 4.09 505 0 40.526278369652701 -5.6702687833526131e-09
AMR_VOLUME_STAGE 4.09 505 1 40.526278369652701 -5.6702687833526131e-09
Q_CLEANUP 4.09 505 0 -0
AMR_VOLUME_STAGE 4.09 505 2 40.526278369652701 -5.6702687833526131e-09
POSTADAPT_REPROJECT 4.09 505 36 8.76086173952e-09 4.16953095444e-12 2.62862405453e-11 2.70709368347e-05 3.98280920623e-07 0.00269287420285 0.0594659708349
AMR_VOLUME_STAGE 4.09 505 3 40.526278369652701 -5.6702687833526131e-09
RUN 4.1 506 40.5262783697 0.410527367563
Q_RUN 4.1 506 40.526278369652701 -5.67026404947e-09 -0 0 1.66533453694e-16 8.56519716264e-18 12
Q_CUTCELL_CFL 4.1 506 0.0119223166375 0.0119223166375 0.11812096665 0 605
SHORE 4.1 506 45.96875 0.00372943421722 0.410493542466
Q_MOMENTUM 4.1 506 0.0219425448607 2.59385920525 2.58951118649 0.458394781272 0.454506389838 1.5811554376 0.00303438067909
AMR_VOLUME_STAGE 4.1 506 0 40.526278369652083 -5.6702840369658604e-09
AMR_VOLUME_STAGE 4.1 506 1 40.526278369652083 -5.6702840369658604e-09
Q_CLEANUP 4.1 506 0 -0
AMR_VOLUME_STAGE 4.1 506 2 40.526278369652083 -5.6702840369658604e-09
POSTADAPT_REPROJECT 4.1 506 36 8.83716226382e-09 4.21756354964e-12 2.6679491949e-11 2.60803049761e-05 4.25870383125e-07 0.00269763511302 0.0593755013618
AMR_VOLUME_STAGE 4.1 506 3 40.526278369652083 -5.6702840369658604e-09
Q_MOMENTUM 4.11 507 0.0206750406913 2.57604474003 2.58465525916 0.458251528486 0.454441638859 1.72491582437 0.00303112222173
AMR_VOLUME_STAGE 4.11 507 0 40.526278369651493 -5.670298589263556e-09
AMR_VOLUME_STAGE 4.11 507 1 40.526278369651493 -5.670298589263556e-09
Q_CLEANUP 4.11 507 0 -0
AMR_VOLUME_STAGE 4.11 507 2 40.526278369651493 -5.670298589263556e-09
POSTADAPT_REPROJECT 4.11 507 52 8.84291791981e-09 3.77226629294e-12 5.93058935294e-11 2.58214168052e-05 3.97287745786e-07 0.00268779103123 0.059262167518
AMR_VOLUME_STAGE 4.11 507 3 40.526278369651493 -5.670298589263556e-09
RUN 4.12 508 40.5262783697 0.409570496914
Q_RUN 4.12 508 40.526278369651493 -5.67029385538e-09 -0 0 1.66533453694e-16 9.54100889637e-18 15
Q_CUTCELL_CFL 4.12 508 0.0119667639707 0.0119667639707 0.118718663026 0 606
SHORE 4.12 508 45.96875 0.00373262622568 0.40984312647
Q_MOMENTUM 4.12 508 0.0210327444485 2.56703810791 2.57681182771 0.458172702518 0.454409435498 1.74168163326 0.00301945244097
AMR_VOLUME_STAGE 4.12 508 0 40.526278369651727 -5.6702928034102559e-09
AMR_VOLUME_STAGE 4.12 508 1 40.526278369651727 -5.6702928034102559e-09
Q_CLEANUP 4.12 508 0 -0
AMR_VOLUME_STAGE 4.12 508 2 40.526278369651727 -5.6702928034102559e-09
POSTADAPT_REPROJECT 4.12 508 99 8.54864155008e-09 1.24252801792e-12 2.55447607511e-11 2.19301555844e-05 3.6115436846e-07 0.00269948394505 0.0591705214852
AMR_VOLUME_STAGE 4.12 508 3 40.526278369651727 -5.6702928034102559e-09
Q_MOMENTUM 4.13 509 0.0201566810201 2.55878925841 2.5609851694 0.458197055209 0.454377160883 1.61513391533 0.00299699921522
AMR_VOLUME_STAGE 4.13 509 0 40.526278369651628 -5.6702952580146864e-09
AMR_VOLUME_STAGE 4.13 509 1 40.526278369651628 -5.6702952580146864e-09
Q_CLEANUP 4.13 509 0 -0
AMR_VOLUME_STAGE 4.13 509 2 40.526278369651628 -5.6702952580146864e-09
WARNING: convergence for p not reached after 100 iterations
  res: 1.47463e-07 sum: -0.0333539 nrelax: 9
POSTADAPT_REPROJECT 4.13 509 100 1.47462751736e-07 1.7925610006e-11 4.50253723194e-10 2.8204323606e-05 4.25456253595e-07 0.00270052897892 0.059055760697
AMR_VOLUME_STAGE 4.13 509 3 40.526278369651628 -5.6702952580146864e-09
RUN 4.14 510 40.5262783697 0.410477002711
Q_RUN 4.14 510 40.526278369651628 -5.67029052413e-09 -0 0 1.66533453694e-16 9.59540098473e-18 17
Q_CUTCELL_CFL 4.14 510 0.0120263905999 0.0120263905999 0.119502446283 0 606
SHORE 4.14 510 45.96875 0.00365410594474 0.409651116081
Q_MOMENTUM 4.14 510 0.020595136557 2.5428335723 2.53757348275 0.458413408412 0.454311837086 1.7034502241 0.0029804276774
AMR_VOLUME_STAGE 4.14 510 0 40.526278369652658 -5.6702698353259405e-09
AMR_VOLUME_STAGE 4.14 510 1 40.526278369652658 -5.6702698353259405e-09
Q_CLEANUP 4.14 510 0 -0
AMR_VOLUME_STAGE 4.14 510 2 40.526278369652658 -5.6702698353259405e-09
WARNING: convergence for p not reached after 100 iterations
  res: 1.5415e-07 sum: -1.6954e-07 nrelax: 9
POSTADAPT_REPROJECT 4.14 510 100 1.5414959714e-07 1.85867926396e-11 4.72221484138e-10 2.39949977403e-05 4.02468712407e-07 0.00269785891395 0.0589639296215
AMR_VOLUME_STAGE 4.14 510 3 40.526278369652658 -5.6702698353259405e-09
Q_MOMENTUM 4.15 511 0.0215948516833 2.52048544643 2.53220752655 0.458209300702 0.454263939538 1.73255484332 0.00297204425502
AMR_VOLUME_STAGE 4.15 511 0 40.52627836965376 -5.6702426593483156e-09
AMR_VOLUME_STAGE 4.15 511 1 40.52627836965376 -5.6702426593483156e-09
Q_CLEANUP 4.15 511 0 -0
AMR_VOLUME_STAGE 4.15 511 2 40.52627836965376 -5.6702426593483156e-09
WARNING: convergence for p not reached after 100 iterations
  res: 1.74326e-07 sum: 0.0177896 nrelax: 9
POSTADAPT_REPROJECT 4.15 511 100 1.74326308958e-07 2.09944976216e-11 5.32714095058e-10 3.49555116192e-05 3.67891592686e-07 0.00268990302339 0.0588486243667
AMR_VOLUME_STAGE 4.15 511 3 40.52627836965376 -5.6702426593483156e-09
RUN 4.16 512 40.5262783697 0.409803739799
Q_RUN 4.16 512 40.52627836965376 -5.67023792547e-09 -0 0 1.66533453694e-16 1.17602054397e-17 19
Q_CUTCELL_CFL 4.16 512 0.0120935352478 0.0120935352478 0.12038742966 0 606
SHORE 4.16 512 45.96875 0.00366137779266 0.40920362659
Q_MOMENTUM 4.16 512 0.0198694797668 2.53052322604 2.52167471859 0.458301116679 0.454234503552 1.65104787925 0.00295691666091
AMR_VOLUME_STAGE 4.16 512 0 40.526278369654854 -5.670215658699579e-09
AMR_VOLUME_STAGE 4.16 512 1 40.526278369654854 -5.670215658699579e-09
Q_CLEANUP 4.16 512 0 -0
AMR_VOLUME_STAGE 4.16 512 2 40.526278369654854 -5.670215658699579e-09
WARNING: convergence for p not reached after 100 iterations
  res: 1.75174e-07 sum: -0.00094811 nrelax: 9
POSTADAPT_REPROJECT 4.16 512 100 1.75174090392e-07 1.9682498021e-11 5.33116217838e-10 2.50594791903e-05 3.598614731e-07 0.00262599171782 0.0587564911245
AMR_VOLUME_STAGE 4.16 512 3 40.526278369654854 -5.670215658699579e-09
Q_MOMENTUM 4.17 513 0.0197131716884 2.52805318093 2.50519651092 0.458214820944 0.454210120332 1.66727121171 0.00293362069624
AMR_VOLUME_STAGE 4.17 513 0 40.526278369655955 -5.6701884827219541e-09
AMR_VOLUME_STAGE 4.17 513 1 40.526278369655955 -5.6701884827219541e-09
Q_CLEANUP 4.17 513 0 -0
AMR_VOLUME_STAGE 4.17 513 2 40.526278369655955 -5.6701884827219541e-09
WARNING: convergence for p not reached after 100 iterations
  res: 1.69535e-07 sum: -0.0177127 nrelax: 9
POSTADAPT_REPROJECT 4.17 513 100 1.69534808241e-07 1.82232573661e-11 5.12710096601e-10 2.47015454625e-05 3.56347429324e-07 0.00261702806367 0.0586391432681
AMR_VOLUME_STAGE 4.17 513 3 40.526278369655955 -5.6701884827219541e-09
RUN 4.18 514 40.5262783697 0.409135954719
Q_RUN 4.18 514 40.526278369655955 -5.67018374884e-09 -0 0 1.66533453694e-16 1.03007676716e-17 17
Q_CUTCELL_CFL 4.18 514 0.0121764346117 0.0121764346117 0.121419079567 0 606
SHORE 4.18 514 45.96875 0.00366988335985 0.408670055492
Q_MOMENTUM 4.18 514 0.0205753518269 2.50892915381 2.49531457806 0.458395009052 0.454226279702 1.75048282697 0.00292241665668
AMR_VOLUME_STAGE 4.18 514 0 40.526278369657092 -5.6701604300998902e-09
AMR_VOLUME_STAGE 4.18 514 1 40.526278369657092 -5.6701604300998902e-09
Q_CLEANUP 4.18 514 0 -0
AMR_VOLUME_STAGE 4.18 514 2 40.526278369657092 -5.6701604300998902e-09
WARNING: convergence for p not reached after 100 iterations
  res: 1.71719e-07 sum: -0.0024364 nrelax: 9
POSTADAPT_REPROJECT 4.18 514 100 1.71719109176e-07 1.84039532031e-11 5.15737008655e-10 2.54918818507e-05 3.05888696432e-07 0.00263529620551 0.0585449690806
AMR_VOLUME_STAGE 4.18 514 3 40.526278369657092 -5.6701604300998902e-09
Q_MOMENTUM 4.19 515 0.019617159177 2.52259999979 2.50855018831 0.458287141535 0.454221895177 1.68811360852 0.00291132761882
AMR_VOLUME_STAGE 4.19 515 0 40.5262783696583 -5.6701306241889473e-09
AMR_VOLUME_STAGE 4.19 515 1 40.5262783696583 -5.6701306241889473e-09
Q_CLEANUP 4.19 515 0 -0
AMR_VOLUME_STAGE 4.19 515 2 40.5262783696583 -5.6701306241889473e-09
WARNING: convergence for p not reached after 100 iterations
  res: 2.48461e-07 sum: -0.039422 nrelax: 9
POSTADAPT_REPROJECT 4.19 515 100 2.4846067218e-07 2.62212109816e-11 7.34396765623e-10 2.47815665788e-05 3.51474209878e-07 0.00262435192838 0.0584253937695
AMR_VOLUME_STAGE 4.19 515 3 40.5262783696583 -5.6701306241889473e-09
RUN 4.2 516 40.5262783697 0.410212133984
Q_RUN 4.2 516 40.5262783696583 -5.67012589031e-09 -0 0 1.66533453694e-16 1.23052711412e-17 19
Q_CUTCELL_CFL 4.2 516 0.0122610025366 0.0122610025366 0.122450955075 0 605
SHORE 4.2 516 45.96875 0.00368322014477 0.408016184999
Q_MOMENTUM 4.2 516 0.0197435024358 2.54217904061 2.51994524959 0.458412667453 0.454224029706 1.63032087412 0.00290943535306
AMR_VOLUME_STAGE 4.2 516 0 40.526278369660027 -5.6700880192691877e-09
AMR_VOLUME_STAGE 4.2 516 1 40.526278369660027 -5.6700880192691877e-09
Q_CLEANUP 4.2 516 0 -0
AMR_VOLUME_STAGE 4.2 516 2 40.526278369660027 -5.6700880192691877e-09
WARNING: convergence for p not reached after 100 iterations
  res: 6.8884e-08 sum: 0.001795 nrelax: 9
POSTADAPT_REPROJECT 4.2 516 100 6.88840137524e-08 7.57151392469e-12 1.99278593627e-10 2.70971696639e-05 3.40867158741e-07 0.00263279752092 0.0583292771366
AMR_VOLUME_STAGE 4.2 516 3 40.526278369660027 -5.6700880192691877e-09
Q_MOMENTUM 4.21 517 0.0194055463337 2.54729512612 2.51229818874 0.458366704625 0.454204851909 1.74008792381 0.00291180567677
AMR_VOLUME_STAGE 4.21 517 0 40.52627836966056 -5.6700748696025952e-09
AMR_VOLUME_STAGE 4.21 517 1 40.52627836966056 -5.6700748696025952e-09
Q_CLEANUP 4.21 517 0 -0
AMR_VOLUME_STAGE 4.21 517 2 40.52627836966056 -5.6700748696025952e-09
WARNING: convergence for p not reached after 100 iterations
  res: 7.39411e-08 sum: -0.00124746 nrelax: 9
POSTADAPT_REPROJECT 4.21 517 100 7.39410773721e-08 8.57485641882e-12 2.03890682116e-10 2.94206318942e-05 3.39381446168e-07 0.00260419992746 0.0582066401148
AMR_VOLUME_STAGE 4.21 517 3 40.52627836966056 -5.6700748696025952e-09
RUN 4.22 518 40.5262783697 0.41064633129
Q_RUN 4.22 518 40.52627836966056 -5.67007013572e-09 -0 0 1.66533453694e-16 7.09395387281e-18 14
Q_CUTCELL_CFL 4.22 518 0.0123299595587 0.0123299595587 0.123352893471 0 605
SHORE 4.22 518 45.96875 0.00371176262766 0.407818485876
Q_MOMENTUM 4.22 518 0.0192530772703 2.53711705368 2.50344682751 0.458488363867 0.454229877915 1.7279666635 0.00288889279573
AMR_VOLUME_STAGE 4.22 518 0 40.526278369661149 -5.6700603173048987e-09
AMR_VOLUME_STAGE 4.22 518 1 40.526278369661149 -5.6700603173048987e-09
Q_CLEANUP 4.22 518 0 -0
AMR_VOLUME_STAGE 4.22 518 2 40.526278369661149 -5.6700603173048987e-09
WARNING: convergence for p not reached after 100 iterations
  res: 2.61418e-08 sum: 0.00363011 nrelax: 9
POSTADAPT_REPROJECT 4.22 518 100 2.61417798614e-08 3.24922836753e-12 7.17115256066e-11 3.09342371968e-05 3.51639960741e-07 0.00261088963556 0.0581078435282
AMR_VOLUME_STAGE 4.22 518 3 40.526278369661149 -5.6700603173048987e-09
Q_MOMENTUM 4.23 519 0.0190387037429 2.52126048736 2.51384210655 0.458479787853 0.454306977987 1.57917185317 0.00290597182325
AMR_VOLUME_STAGE 4.23 519 0 40.526278369661341 -5.6700555834249259e-09
AMR_VOLUME_STAGE 4.23 519 1 40.526278369661341 -5.6700555834249259e-09
Q_CLEANUP 4.23 519 0 -0
AMR_VOLUME_STAGE 4.23 519 2 40.526278369661341 -5.6700555834249259e-09
WARNING: convergence for p not reached after 100 iterations
  res: 1.67931e-07 sum: 0.00416338 nrelax: 8
POSTADAPT_REPROJECT 4.23 519 100 1.67930857379e-07 2.17566694723e-11 5.6180515795e-10 2.64362800043e-05 3.16452109268e-07 0.00261845936164 0.0579820139568
AMR_VOLUME_STAGE 4.23 519 3 40.526278369661341 -5.6700555834249259e-09
RUN 4.24 520 40.5262783697 0.410404770127
Q_RUN 4.24 520 40.526278369661341 -5.67005084954e-09 -0 0 1.66533453694e-16 1.09614533704e-17 19
Q_CUTCELL_CFL 4.24 520 0.0123810546782 0.0123810546782 0.124056835446 0 605
SHORE 4.24 520 45.96875 0.00376623132686 0.407423376322
Q_MOMENTUM 4.24 520 0.0188591626142 2.54180217607 2.53232452361 0.458657153786 0.454338399636 1.73690887192 0.002930979647
AMR_VOLUME_STAGE 4.24 520 0 40.526278369662734 -5.670021218962897e-09
AMR_VOLUME_STAGE 4.24 520 1 40.526278369662734 -5.670021218962897e-09
Q_CLEANUP 4.24 520 0 -0
AMR_VOLUME_STAGE 4.24 520 2 40.526278369662734 -5.670021218962897e-09
WARNING: convergence for p not reached after 100 iterations
  res: 2.11699e-07 sum: -4.4881e-08 nrelax: 8
POSTADAPT_REPROJECT 4.24 520 100 2.11699101721e-07 2.86730046759e-11 7.05276392843e-10 3.52142996258e-05 3.45146285691e-07 0.00261059012293 0.0578804103067
AMR_VOLUME_STAGE 4.24 520 3 40.526278369662734 -5.670021218962897e-09
Q_MOMENTUM 4.25 521 0.0184811972069 2.5541000497 2.53358012499 0.458417832188 0.454329001748 1.740199403 0.00293657836548
AMR_VOLUME_STAGE 4.25 521 0 40.526278369664482 -5.6699780880564733e-09
AMR_VOLUME_STAGE 4.25 521 1 40.526278369664482 -5.6699780880564733e-09
Q_CLEANUP 4.25 521 0 -0
AMR_VOLUME_STAGE 4.25 521 2 40.526278369664482 -5.6699780880564733e-09
WARNING: convergence for p not reached after 100 iterations
  res: 5.22651e-08 sum: -0.0115029 nrelax: 9
POSTADAPT_REPROJECT 4.25 521 100 5.22650806884e-08 6.92474409838e-12 1.71189062925e-10 3.28094603951e-05 3.67701794553e-07 0.00260519804728 0.0577513677623
AMR_VOLUME_STAGE 4.25 521 3 40.526278369664482 -5.6699780880564733e-09
RUN 4.26 522 40.5262783697 0.410614866967
Q_RUN 4.26 522 40.526278369664482 -5.66997335418e-09 -0 0 1.66533453694e-16 1.04353135613e-17 17
Q_CUTCELL_CFL 4.26 522 0.0124139662314 0.0124139662314 0.124515697369 0 606
SHORE 4.26 522 45.96875 0.00380386119766 0.406961782015
Q_MOMENTUM 4.26 522 0.0186905605713 2.56042450001 2.51447262446 0.458638993382 0.454330707812 1.63310601297 0.00291649734335
AMR_VOLUME_STAGE 4.26 522 0 40.526278369664936 -5.669966867007648e-09
AMR_VOLUME_STAGE 4.26 522 1 40.526278369664936 -5.669966867007648e-09
Q_CLEANUP 4.26 522 0 -0
AMR_VOLUME_STAGE 4.26 522 2 40.526278369664936 -5.669966867007648e-09
WARNING: convergence for p not reached after 100 iterations
  res: 1.49569e-07 sum: -0.0172379 nrelax: 9
POSTADAPT_REPROJECT 4.26 522 100 1.49569029103e-07 1.85048990683e-11 4.73185934879e-10 3.56332483586e-05 3.01914015688e-07 0.00260555467344 0.0576467070961
AMR_VOLUME_STAGE 4.26 522 3 40.526278369664936 -5.669966867007648e-09
Q_MOMENTUM 4.27 523 0.0182033639182 2.5254915078 2.5068646866 0.458529761371 0.45429400719 1.69554243799 0.00289823850533
AMR_VOLUME_STAGE 4.27 523 0 40.526278369666173 -5.6699363597811527e-09
AMR_VOLUME_STAGE 4.27 523 1 40.526278369666173 -5.6699363597811527e-09
Q_CLEANUP 4.27 523 0 -0
AMR_VOLUME_STAGE 4.27 523 2 40.526278369666173 -5.6699363597811527e-09
WARNING: convergence for p not reached after 100 iterations
  res: 1.31346e-07 sum: -0.0043141 nrelax: 9
POSTADAPT_REPROJECT 4.27 523 100 1.31346266166e-07 1.62157228025e-11 4.05290245808e-10 3.32865282726e-05 3.10102126855e-07 0.00260905522538 0.0575146079375
AMR_VOLUME_STAGE 4.27 523 3 40.526278369666173 -5.6699363597811527e-09
RUN 4.28 524 40.5262783697 0.411495581139
Q_RUN 4.28 524 40.526278369666173 -5.6699316259e-09 -0 0 1.66533453694e-16 1.05167610731e-17 14
Q_CUTCELL_CFL 4.28 524 0.0124493861202 0.0124493861202 0.124949949862 0 605
SHORE 4.28 524 45.96875 0.00381161665769 0.406387365745
Q_MOMENTUM 4.28 524 0.0192434494319 2.53733441417 2.53038590509 0.458523435335 0.454335772156 1.75200987874 0.00291890845744
AMR_VOLUME_STAGE 4.28 524 0 40.526278369667317 -5.6699081318302013e-09
AMR_VOLUME_STAGE 4.28 524 1 40.526278369667317 -5.6699081318302013e-09
Q_CLEANUP 4.28 524 0 -0
AMR_VOLUME_STAGE 4.28 524 2 40.526278369667317 -5.6699081318302013e-09
WARNING: convergence for p not reached after 100 iterations
  res: 1.10751e-07 sum: -1.7346e-07 nrelax: 9
POSTADAPT_REPROJECT 4.28 524 100 1.10750796915e-07 1.3507480686e-11 3.30352856182e-10 3.48447999273e-05 2.99440554157e-07 0.00260853605017 0.0574073089493
AMR_VOLUME_STAGE 4.28 524 3 40.526278369667317 -5.6699081318302013e-09
Q_MOMENTUM 4.29 525 0.0175454312387 2.54003748029 2.52155700748 0.458465070738 0.454356774091 1.66415281706 0.00290898652012
AMR_VOLUME_STAGE 4.29 525 0 40.526278369668319 -5.6698834104570069e-09
AMR_VOLUME_STAGE 4.29 525 1 40.526278369668319 -5.6698834104570069e-09
Q_CLEANUP 4.29 525 0 -0
AMR_VOLUME_STAGE 4.29 525 2 40.526278369668319 -5.6698834104570069e-09
WARNING: convergence for p not reached after 100 iterations
  res: 1.06472e-07 sum: -0.00235617 nrelax: 10
POSTADAPT_REPROJECT 4.29 525 100 1.06472236989e-07 1.10470515494e-11 2.99750224642e-10 3.22675840309e-05 2.96621407005e-07 0.00259873437291 0.0572721372548
AMR_VOLUME_STAGE 4.29 525 3 40.526278369668319 -5.6698834104570069e-09
RUN 4.3 526 40.5262783697 0.410957161063
Q_RUN 4.3 526 40.526278369668319 -5.66987867658e-09 -0 0 1.66533453694e-16 1.05578421711e-17 19
Q_CUTCELL_CFL 4.3 526 0.012488591 0.012488591 0.12537275531 0 605
SHORE 4.3 526 45.96875 0.00379927922437 0.406120261157
Q_MOMENTUM 4.3 526 0.0177045910314 2.53991423135 2.49144003031 0.458662347183 0.454357901594 1.66612197957 0.00288109922407
AMR_VOLUME_STAGE 4.3 526 0 40.526278369668908 -5.6698688581593112e-09
AMR_VOLUME_STAGE 4.3 526 1 40.526278369668908 -5.6698688581593112e-09
Q_CLEANUP 4.3 526 0 -0
AMR_VOLUME_STAGE 4.3 526 2 40.526278369668908 -5.6698688581593112e-09
WARNING: convergence for p not reached after 100 iterations
  res: 1.00624e-07 sum: -2.71415e-07 nrelax: 10
POSTADAPT_REPROJECT 4.3 526 100 1.00623793807e-07 1.04664278287e-11 2.91406454522e-10 3.73999491178e-05 4.77386434834e-07 0.00259456915413 0.0571616656745
AMR_VOLUME_STAGE 4.3 526 3 40.526278369668908 -5.6698688581593112e-09
Q_MOMENTUM 4.31 527 0.0179620812569 2.48906295322 2.4754036696 0.458544528439 0.454370653129 1.74598936491 0.00285356962932
AMR_VOLUME_STAGE 4.31 527 0 40.526278369669605 -5.6698516759282968e-09
AMR_VOLUME_STAGE 4.31 527 1 40.526278369669605 -5.6698516759282968e-09
Q_CLEANUP 4.31 527 0 -0
AMR_VOLUME_STAGE 4.31 527 2 40.526278369669605 -5.6698516759282968e-09
WARNING: convergence for p not reached after 100 iterations
  res: 6.12578e-08 sum: 0.0225376 nrelax: 10
POSTADAPT_REPROJECT 4.31 527 100 6.12577569011e-08 6.47422903821e-12 1.7295653798e-10 2.86132366129e-05 2.98741742545e-07 0.00256012836252 0.05702364994
AMR_VOLUME_STAGE 4.31 527 3 40.526278369669605 -5.6698516759282968e-09
RUN 4.32 528 40.5262783697 0.410873099072
Q_RUN 4.32 528 40.526278369669605 -5.66984694205e-09 -0 0 1.66533453694e-16 8.61771320537e-18 13
Q_CUTCELL_CFL 4.32 528 0.0125382086232 0.0125382086232 0.125849396161 0 605
SHORE 4.32 528 45.96875 0.00380541509103 0.40570528931
Q_MOMENTUM 4.32 528 0.0173964727326 2.4949971739 2.49417830593 0.458706425384 0.45442424376 1.70860101169 0.00286896754617
AMR_VOLUME_STAGE 4.32 528 0 40.526278369670067 -5.6698402795505832e-09
AMR_VOLUME_STAGE 4.32 528 1 40.526278369670067 -5.6698402795505832e-09
Q_CLEANUP 4.32 528 0 -0
AMR_VOLUME_STAGE 4.32 528 2 40.526278369670067 -5.6698402795505832e-09
WARNING: convergence for p not reached after 100 iterations
  res: 7.24001e-08 sum: -2.52421e-07 nrelax: 10
POSTADAPT_REPROJECT 4.32 528 100 7.24000565479e-08 7.72929316944e-12 2.00340188883e-10 2.72406131487e-05 3.30331399016e-07 0.00256121819807 0.0569100482617
AMR_VOLUME_STAGE 4.32 528 3 40.526278369670067 -5.6698402795505832e-09
Q_MOMENTUM 4.33 529 0.0169752409541 2.50029558777 2.48774961067 0.458714233885 0.454501561499 1.63978569669 0.00286417344519
AMR_VOLUME_STAGE 4.33 529 0 40.526278369670592 -5.669827305212879e-09
AMR_VOLUME_STAGE 4.33 529 1 40.526278369670592 -5.669827305212879e-09
Q_CLEANUP 4.33 529 0 -0
AMR_VOLUME_STAGE 4.33 529 2 40.526278369670592 -5.669827305212879e-09
WARNING: convergence for p not reached after 100 iterations
  res: 1.08432e-07 sum: -0.00958546 nrelax: 10
POSTADAPT_REPROJECT 4.33 529 100 1.08432017542e-07 1.07092381356e-11 2.82754486491e-10 2.26818014519e-05 3.40157847604e-07 0.00253028288032 0.0567682973053
AMR_VOLUME_STAGE 4.33 529 3 40.526278369670592 -5.669827305212879e-09
RUN 4.34 530 40.5262783697 0.410996194567
Q_RUN 4.34 530 40.526278369670592 -5.66982257133e-09 -0 0 1.66533453694e-16 8.26534832649e-18 13
Q_CUTCELL_CFL 4.34 530 0.0126020603686 0.0126020603686 0.126416833198 0 604
SHORE 4.34 530 45.96875 0.0038111380868 0.405288702784
Q_MOMENTUM 4.34 530 0.0173308704652 2.49670175125 2.44604380926 0.45888342482 0.454568641045 1.76753013824 0.00282977868964
AMR_VOLUME_STAGE 4.34 530 0 40.526278369671388 -5.669807668377434e-09
AMR_VOLUME_STAGE 4.34 530 1 40.526278369671388 -5.669807668377434e-09
Q_CLEANUP 4.34 530 0 -0
AMR_VOLUME_STAGE 4.34 530 2 40.526278369671388 -5.669807668377434e-09
WARNING: convergence for p not reached after 100 iterations
  res: 9.27985e-08 sum: -2.58484e-07 nrelax: 10
POSTADAPT_REPROJECT 4.34 530 100 9.2798534265e-08 8.66031431977e-12 2.28542518244e-10 4.87692358344e-06 2.90269057108e-07 0.00237995058257 0.0566515108269
AMR_VOLUME_STAGE 4.34 530 3 40.526278369671388 -5.669807668377434e-09
Q_MOMENTUM 4.35 531 0.0168278328701 2.43927086302 2.43104447353 0.458722803186 0.454594593328 1.74221289913 0.00281262188255
AMR_VOLUME_STAGE 4.35 531 0 40.526278369671871 -5.6697957460130563e-09
AMR_VOLUME_STAGE 4.35 531 1 40.526278369671871 -5.6697957460130563e-09
Q_CLEANUP 4.35 531 0 -0
AMR_VOLUME_STAGE 4.35 531 2 40.526278369671871 -5.6697957460130563e-09
WARNING: convergence for p not reached after 100 iterations
  res: 8.70738e-08 sum: -0.0237741 nrelax: 10
POSTADAPT_REPROJECT 4.35 531 100 8.70738434844e-08 7.89726201897e-12 2.0292700853e-10 7.40984139331e-06 3.0876846916e-07 0.00237109531097 0.0565066035357
AMR_VOLUME_STAGE 4.35 531 3 40.526278369671871 -5.6697957460130563e-09
RUN 4.36 532 40.5262783697 0.411178702531
Q_RUN 4.36 532 40.526278369671871 -5.66979101213e-09 -0 0 1.66533453694e-16 7.95300410001e-18 16
Q_CUTCELL_CFL 4.36 532 0.0126767129841 0.0126767129841 0.12703901333 0 604
SHORE 4.36 532 45.96875 0.00380424275176 0.404818213228
Q_MOMENTUM 4.36 532 0.0169785864806 2.43679060074 2.44069898526 0.458919471886 0.454665341663 1.60557664824 0.00281115800352
AMR_VOLUME_STAGE 4.36 532 0 40.526278369672333 -5.6697843496353428e-09
AMR_VOLUME_STAGE 4.36 532 1 40.526278369672333 -5.6697843496353428e-09
Q_CLEANUP 4.36 532 0 -0
AMR_VOLUME_STAGE 4.36 532 2 40.526278369672333 -5.6697843496353428e-09
WARNING: convergence for p not reached after 100 iterations
  res: 7.69565e-08 sum: -2.47659e-07 nrelax: 10
POSTADAPT_REPROJECT 4.36 532 100 7.69565195515e-08 6.71846672583e-12 1.67580616051e-10 6.79984664589e-06 3.15220642674e-07 0.00237929611125 0.0563868711931
AMR_VOLUME_STAGE 4.36 532 3 40.526278369672333 -5.6697843496353428e-09
Q_MOMENTUM 4.37 533 0.0164248342878 2.44582602273 2.43275263732 0.459003083927 0.454740966027 1.73016068284 0.00283083439263
AMR_VOLUME_STAGE 4.37 533 0 40.526278369672795 -5.6697729532576292e-09
AMR_VOLUME_STAGE 4.37 533 1 40.526278369672795 -5.6697729532576292e-09
Q_CLEANUP 4.37 533 0 -0
AMR_VOLUME_STAGE 4.37 533 2 40.526278369672795 -5.6697729532576292e-09
WARNING: convergence for p not reached after 100 iterations
  res: 1.34995e-07 sum: -0.0104132 nrelax: 10
POSTADAPT_REPROJECT 4.37 533 100 1.34994635892e-07 1.15080929861e-11 3.81964682106e-10 6.20999266993e-06 3.00036405029e-07 0.00236913294208 0.056239299621
AMR_VOLUME_STAGE 4.37 533 3 40.526278369672795 -5.6697729532576292e-09
RUN 4.38 534 40.5262783697 0.410380260999
Q_RUN 4.38 534 40.526278369672795 -5.66976821938e-09 -0 0 1.66533453694e-16 8.16539761153e-18 17
Q_CUTCELL_CFL 4.38 534 0.0127464538184 0.0127464538184 0.127557224775 0 604
SHORE 4.38 534 45.96875 0.00379601118125 0.404673078837
Q_MOMENTUM 4.38 534 0.0166778471872 2.43407684821 2.42069947147 0.459139553536 0.45483723856 1.75608923528 0.00283823184783
AMR_VOLUME_STAGE 4.38 534 0 40.526278369673598 -5.6697531410932967e-09
AMR_VOLUME_STAGE 4.38 534 1 40.526278369673598 -5.6697531410932967e-09
Q_CLEANUP 4.38 534 0 -0
AMR_VOLUME_STAGE 4.38 534 2 40.526278369673598 -5.6697531410932967e-09
POSTADAPT_REPROJECT 4.38 534 53 9.84301628683e-09 1.00494083964e-12 2.38955522036e-11 3.81126619432e-06 3.25796681724e-07 0.0024096981288 0.0561162687542
AMR_VOLUME_STAGE 4.38 534 3 40.526278369673598 -5.6697531410932967e-09
Q_MOMENTUM 4.39 535 0.0159549200629 2.42313173458 2.42249969746 0.459114139263 0.454925421407 1.63101794275 0.0028423351458
AMR_VOLUME_STAGE 4.39 535 0 40.52627836967369 -5.6697508618177537e-09
AMR_VOLUME_STAGE 4.39 535 1 40.52627836967369 -5.6697508618177537e-09
Q_CLEANUP 4.39 535 0 -0
AMR_VOLUME_STAGE 4.39 535 2 40.52627836967369 -5.6697508618177537e-09
POSTADAPT_REPROJECT 4.39 535 36 6.67976032704e-09 1.299762543e-12 2.25495178086e-11 4.16891257328e-06 2.95974072389e-07 0.00238455950953 0.0559658075306
AMR_VOLUME_STAGE 4.39 535 3 40.52627836967369 -5.6697508618177537e-09
RUN 4.4 536 40.5262783697 0.410886564599
Q_RUN 4.4 536 40.52627836967369 -5.66974612794e-09 -0 0 1.66533453694e-16 7.0964420321e-18 12
Q_CUTCELL_CFL 4.4 536 0.01279892177 0.01279892177 0.127847627658 0 603
SHORE 4.4 536 45.96875 0.00382203321394 0.404366027251
Q_MOMENTUM 4.4 536 0.0160700637355 2.42080085997 2.4112132376 0.459327926196 0.454953266323 1.69338725181 0.00283066552192
AMR_VOLUME_STAGE 4.4 536 0 40.526278369673733 -5.6697498098444263e-09
AMR_VOLUME_STAGE 4.4 536 1 40.526278369673733 -5.6697498098444263e-09
Q_CLEANUP 4.4 536 0 -0
AMR_VOLUME_STAGE 4.4 536 2 40.526278369673733 -5.6697498098444263e-09
POSTADAPT_REPROJECT 4.4 536 31 5.96082304532e-09 2.22783934342e-12 3.6157743466e-11 5.20548408948e-06 2.90022057844e-07 0.00238331478635 0.055840715449
AMR_VOLUME_STAGE 4.4 536 3 40.526278369673733 -5.6697498098444263e-09
Q_MOMENTUM 4.41 537 0.016617295744 2.41027571532 2.39600428131 0.459136071578 0.455026416751 1.73621214443 0.00281398042902
AMR_VOLUME_STAGE 4.41 537 0 40.526278369673776 -5.669748757871099e-09
AMR_VOLUME_STAGE 4.41 537 1 40.526278369673776 -5.669748757871099e-09
Q_CLEANUP 4.41 537 0 -0
AMR_VOLUME_STAGE 4.41 537 2 40.526278369673776 -5.669748757871099e-09
POSTADAPT_REPROJECT 4.41 537 30 6.45604826033e-09 2.52635684521e-12 4.65556482254e-11 5.76060803825e-06 2.55895234388e-07 0.00237700543832 0.0556883191195
AMR_VOLUME_STAGE 4.41 537 3 40.526278369673776 -5.669748757871099e-09
RUN 4.42 538 40.5262783697 0.409804166432
Q_RUN 4.42 538 40.526278369673776 -5.66974402399e-09 -0 0 1.66533453694e-16 7.86046575052e-18 16
Q_CUTCELL_CFL 4.42 538 0.0128499486907 0.0128499486907 0.128068951522 0 603
SHORE 4.42 538 45.96875 0.00384044509349 0.404050579097
Q_MOMENTUM 4.42 538 0.0157894435208 2.39750593668 2.38249810369 0.459364931614 0.455101101204 1.65573725216 0.00279897301553
AMR_VOLUME_STAGE 4.42 538 0 40.526278369673797 -5.6697482318844357e-09
AMR_VOLUME_STAGE 4.42 538 1 40.526278369673797 -5.6697482318844357e-09
Q_CLEANUP 4.42 538 0 -0
AMR_VOLUME_STAGE 4.42 538 2 40.526278369673797 -5.6697482318844357e-09
POSTADAPT_REPROJECT 4.42 538 26 7.88709947468e-09 3.03137075017e-12 5.83983972291e-11 5.6103639819e-06 2.77851867613e-07 0.00236007184201 0.0555605813993
AMR_VOLUME_STAGE 4.42 538 3 40.526278369673797 -5.6697482318844357e-09
Q_MOMENTUM 4.43 539 0.0155873148302 2.38203992052 2.38404133346 0.459319124731 0.455190736963 1.67524772747 0.00279829693131
AMR_VOLUME_STAGE 4.43 539 0 40.526278369673875 -5.6697463032666684e-09
AMR_VOLUME_STAGE 4.43 539 1 40.526278369673875 -5.6697463032666684e-09
Q_CLEANUP 4.43 539 0 -0
AMR_VOLUME_STAGE 4.43 539 2 40.526278369673875 -5.6697463032666684e-09
POSTADAPT_REPROJECT 4.43 539 28 4.88770095046e-09 2.47935576824e-12 1.46963344272e-11 4.21248861245e-06 5.37725415666e-07 0.00235164092452 0.0554069874829
AMR_VOLUME_STAGE 4.43 539 3 40.526278369673875 -5.6697463032666684e-09
RUN 4.44 540 40.5262783697 0.410291846391
Q_RUN 4.44 540 40.526278369673875 -5.66974156939e-09 -0 0 1.66533453694e-16 1.11219661139e-17 17
Q_CUTCELL_CFL 4.44 540 0.0129025740793 0.0129025740793 0.128252107227 0 602
SHORE 4.44 540 45.96875 0.003844817452 0.403580010454
Q_MOMENTUM 4.44 540 0.0165920891971 2.38340798984 2.38192897814 0.459417988944 0.455277589702 1.76542685694 0.00279698342893
AMR_VOLUME_STAGE 4.44 540 0 40.52627836967347 -5.6697562970132788e-09
AMR_VOLUME_STAGE 4.44 540 1 40.52627836967347 -5.6697562970132788e-09
Q_CLEANUP 4.44 540 0 -0
AMR_VOLUME_STAGE 4.44 540 2 40.52627836967347 -5.6697562970132788e-09
POSTADAPT_REPROJECT 4.44 540 28 6.48186403703e-09 5.5167649139e-12 7.60449481163e-11 2.86844799357e-06 1.22749277184e-07 0.00234375962069 0.0552765435555
AMR_VOLUME_STAGE 4.44 540 3 40.52627836967347 -5.6697562970132788e-09
Q_MOMENTUM 4.45 541 0.015420509999 2.38252507318 2.37489364518 0.459463585141 0.45535855275 1.71337241586 0.00278965027222
AMR_VOLUME_STAGE 4.45 541 0 40.526278369673335 -5.6697596282621492e-09
AMR_VOLUME_STAGE 4.45 541 1 40.526278369673335 -5.6697596282621492e-09
Q_CLEANUP 4.45 541 0 -0
AMR_VOLUME_STAGE 4.45 541 2 40.526278369673335 -5.6697596282621492e-09
POSTADAPT_REPROJECT 4.45 541 40 8.95861734643e-09 4.28092908171e-12 6.09370331972e-11 5.25401703372e-06 2.82265441461e-07 0.00233554277751 0.0551195086511
AMR_VOLUME_STAGE 4.45 541 3 40.526278369673335 -5.6697596282621492e-09
RUN 4.46 542 40.5262783697 0.409846270546
Q_RUN 4.46 542 40.526278369673335 -5.66975489438e-09 -0 0 1.66533453694e-16 9.86623976962e-18 16
Q_CUTCELL_CFL 4.46 542 0.0129495005188 0.0129495005188 0.128108875373 0 602
SHORE 4.46 542 45.96875 0.00383963512082 0.40357635074
Q_MOMENTUM 4.46 542 0.0158565915471 2.37091482609 2.36198444762 0.459638538912 0.455461452092 1.64928773496 0.00277515602989
AMR_VOLUME_STAGE 4.46 542 0 40.526278369673449 -5.6697568229999429e-09
AMR_VOLUME_STAGE 4.46 542 1 40.526278369673449 -5.6697568229999429e-09
Q_CLEANUP 4.46 542 0 -0
AMR_VOLUME_STAGE 4.46 542 2 40.526278369673449 -5.6697568229999429e-09
POSTADAPT_REPROJECT 4.46 542 40 7.42867450917e-09 2.95882331228e-12 4.10904366088e-11 3.34619230887e-06 2.74240623664e-07 0.00231838258302 0.0549864635314
AMR_VOLUME_STAGE 4.46 542 3 40.526278369673449 -5.6697568229999429e-09
Q_MOMENTUM 4.47 543 0.015341454417 2.38986505714 2.3897108834 0.459623213719 0.455547160195 1.76416466941 0.00280571004252
AMR_VOLUME_STAGE 4.47 543 0 40.526278369673612 -5.6697527904355209e-09
AMR_VOLUME_STAGE 4.47 543 1 40.526278369673612 -5.6697527904355209e-09
Q_CLEANUP 4.47 543 0 -0
AMR_VOLUME_STAGE 4.47 543 2 40.526278369673612 -5.6697527904355209e-09
POSTADAPT_REPROJECT 4.47 543 63 7.60197619421e-09 1.55901916391e-12 2.21560547686e-11 6.76249707796e-06 3.13720832659e-07 0.0023407643117 0.0548261139659
AMR_VOLUME_STAGE 4.47 543 3 40.526278369673612 -5.6697527904355209e-09
RUN 4.48 544 40.5262783697 0.409137264483
Q_RUN 4.48 544 40.526278369673612 -5.66974805656e-09 -0 0 1.66533453694e-16 1.03270256929e-17 15
Q_CUTCELL_CFL 4.48 544 0.0129924332748 0.0129924332748 0.127939669055 0 602
SHORE 4.48 544 45.96875 0.00383489286521 0.403360377752
Q_MOMENTUM 4.48 544 0.015311551131 2.3926363968 2.39856291789 0.459801732004 0.455655713705 1.75546935673 0.00281412790827
AMR_VOLUME_STAGE 4.48 544 0 40.526278369673577 -5.6697536670799608e-09
AMR_VOLUME_STAGE 4.48 544 1 40.526278369673577 -5.6697536670799608e-09
Q_CLEANUP 4.48 544 0 -0
AMR_VOLUME_STAGE 4.48 544 2 40.526278369673577 -5.6697536670799608e-09
POSTADAPT_REPROJECT 4.48 544 49 9.37611797307e-09 2.30646183725e-12 3.34298144722e-11 2.60749188521e-06 1.02923100873e-07 0.00232795080611 0.0546895123848
AMR_VOLUME_STAGE 4.48 544 3 40.526278369673577 -5.6697536670799608e-09
Q_MOMENTUM 4.49 545 0.0147462801435 2.4151083538 2.4173830446 0.459869561103 0.455792107426 1.65590960276 0.00283744402967
AMR_VOLUME_STAGE 4.49 545 0 40.526278369673676 -5.6697512124755295e-09
AMR_VOLUME_STAGE 4.49 545 1 40.526278369673676 -5.6697512124755295e-09
Q_CLEANUP 4.49 545 0 -0
AMR_VOLUME_STAGE 4.49 545 2 40.526278369673676 -5.6697512124755295e-09
POSTADAPT_REPROJECT 4.49 545 73 8.2799167959e-09 1.40873707866e-12 2.0310253479e-11 6.24436070087e-06 2.68411413298e-07 0.00232960913224 0.0545261031176
AMR_VOLUME_STAGE 4.49 545 3 40.526278369673676 -5.6697512124755295e-09
RUN 4.5 546 40.5262783697 0.409790577259
Q_RUN 4.5 546 40.526278369673676 -5.6697464786e-09 -0 0 1.66533453694e-16 8.59272573342e-18 19
Q_CUTCELL_CFL 4.5 546 0.0130146875099 0.0130146875099 0.127619506748 0 602
SHORE 4.5 546 45.96875 0.0038296356599 0.403043999996
Q_MOMENTUM 4.5 546 0.0151717398168 2.41265272425 2.40530147322 0.460084912397 0.455902327725 1.75834039622 0.00282432414691
AMR_VOLUME_STAGE 4.5 546 0 40.526278369673811 -5.6697478812266599e-09
AMR_VOLUME_STAGE 4.5 546 1 40.526278369673811 -5.6697478812266599e-09
Q_CLEANUP 4.5 546 0 -0
AMR_VOLUME_STAGE 4.5 546 2 40.526278369673811 -5.6697478812266599e-09
POSTADAPT_REPROJECT 4.5 546 72 7.97556316367e-09 1.76913578328e-12 2.63818411561e-11 2.87875549988e-06 2.20804321742e-07 0.00218926406391 0.0443172532841
AMR_VOLUME_STAGE 4.5 546 3 40.526278369673811 -5.6697478812266599e-09
Q_MOMENTUM 4.51 547 0.0154889360906 2.40653670978 2.39373837614 0.460028145976 0.456027986548 1.76397404225 0.00281152838861
AMR_VOLUME_STAGE 4.51 547 0 40.526278369673847 -5.66974700458222e-09
AMR_VOLUME_STAGE 4.51 547 1 40.526278369673847 -5.66974700458222e-09
Q_CLEANUP 4.51 547 0 -0
AMR_VOLUME_STAGE 4.51 547 2 40.526278369673847 -5.66974700458222e-09
WARNING: convergence for p not reached after 100 iterations
  res: 6.68475e-08 sum: 0.011676 nrelax: 5
POSTADAPT_REPROJECT 4.51 547 100 6.68474695629e-08 9.10558366803e-12 1.64310343109e-10 7.33699265553e-06 2.45842515724e-07 0.00226014154253 0.0436667873295
AMR_VOLUME_STAGE 4.51 547 3 40.526278369673847 -5.66974700458222e-09
RUN 4.52 548 40.5262783697 0.409356534967
Q_RUN 4.52 548 40.526278369673847 -5.6697422707e-09 -0 0 1.66533453694e-16 1.16687258814e-17 17
Q_CUTCELL_CFL 4.52 548 0.0130297052331 0.0130297052331 0.127040752809 0 602
SHORE 4.52 548 45.96875 0.00382422214208 0.402610030747
Q_MOMENTUM 4.52 548 0.0153368253007 2.39572153779 2.39140617145 0.460265612496 0.456105762565 1.64988374044 0.0028056367835
AMR_VOLUME_STAGE 4.52 548 0 40.526278369674387 -5.66973367958674e-09
AMR_VOLUME_STAGE 4.52 548 1 40.526278369674387 -5.66973367958674e-09
Q_CLEANUP 4.52 548 0 -0
AMR_VOLUME_STAGE 4.52 548 2 40.526278369674387 -5.66973367958674e-09
WARNING: convergence for p not reached after 100 iterations
  res: 3.01272e-08 sum: -0.0182659 nrelax: 7
POSTADAPT_REPROJECT 4.52 548 100 3.01271922649e-08 3.05505887379e-12 6.8521188723e-11 2.00625240203e-06 2.82929400231e-07 0.00232545139517 0.0497587021246
AMR_VOLUME_STAGE 4.52 548 3 40.526278369674387 -5.66973367958674e-09
Q_MOMENTUM 4.53 549 0.0143606901026 2.42953806023 2.42330932638 0.460301927891 0.456186785038 1.73809937844 0.00284403044335
AMR_VOLUME_STAGE 4.53 549 0 40.526278369674529 -5.6697301730089813e-09
AMR_VOLUME_STAGE 4.53 549 1 40.526278369674529 -5.6697301730089813e-09
Q_CLEANUP 4.53 549 0 -0
AMR_VOLUME_STAGE 4.53 549 2 40.526278369674529 -5.6697301730089813e-09
WARNING: convergence for p not reached after 100 iterations
  res: 1.17836e-07 sum: -0.0127469 nrelax: 10
POSTADAPT_REPROJECT 4.53 549 100 1.17835631733e-07 9.60148517538e-12 2.36442865287e-10 1.53094017747e-06 3.12227784402e-07 0.00232712246839 0.0497441333741
AMR_VOLUME_STAGE 4.53 549 3 40.526278369674529 -5.6697301730089813e-09
RUN 4.54 550 40.5262783697 0.408743049909
Q_RUN 4.54 550 40.526278369674529 -5.66972543913e-09 -0 0 1.66533453694e-16 9.97465998687e-18 13
Q_CUTCELL_CFL 4.54 550 0.0129879001933 0.0129879001933 0.125895871873 0 601
SHORE 4.54 550 45.96875 0.00375794270638 0.402408593154
Q_MOMENTUM 4.54 550 0.0157062860627 2.42950842937 2.42681615743 0.460447964633 0.456289502052 1.7911714888 0.00284372067111
AMR_VOLUME_STAGE 4.54 550 0 40.526278369675289 -5.6697114128179762e-09
AMR_VOLUME_STAGE 4.54 550 1 40.526278369675289 -5.6697114128179762e-09
Q_CLEANUP 4.54 550 0 -0
AMR_VOLUME_STAGE 4.54 550 2 40.526278369675289 -5.6697114128179762e-09
WARNING: convergence for p not reached after 100 iterations
  res: 3.75786e-07 sum: 0.0158471 nrelax: 12
POSTADAPT_REPROJECT 4.54 550 100 3.75785774838e-07 2.50146638242e-11 5.84555071015e-10 5.05222621913e-06 2.62626910174e-07 0.00231767530057 0.0497444850967
AMR_VOLUME_STAGE 4.54 550 3 40.526278369675289 -5.6697114128179762e-09
Q_MOMENTUM 4.55 551 0.0143230953629 2.44321004272 2.44064545603 0.46051754506 0.456409583047 1.68840927103 0.00286141394347
AMR_VOLUME_STAGE 4.55 551 0 40.526278369676895 -5.6696717884893104e-09
AMR_VOLUME_STAGE 4.55 551 1 40.526278369676895 -5.6696717884893104e-09
Q_CLEANUP 4.55 551 0 -0
AMR_VOLUME_STAGE 4.55 551 2 40.526278369676895 -5.6696717884893104e-09
WARNING: convergence for p not reached after 100 iterations
  res: 3.37689e-07 sum: -0.0186063 nrelax: 15
POSTADAPT_REPROJECT 4.55 551 100 3.37689320726e-07 1.8414498294e-11 3.78507447607e-10 2.0470806212e-06 2.70123396719e-07 0.00232607678193 0.049717126403
AMR_VOLUME_STAGE 4.55 551 3 40.526278369676895 -5.6696717884893104e-09
RUN 4.56 552 40.5262783697 0.408922789622
Q_RUN 4.56 552 40.526278369676895 -5.66966705461e-09 -0 0 1.66533453694e-16 1.27935856353e-17 16
Q_CUTCELL_CFL 4.56 552 0.0129514672551 0.0129514672551 0.124622877045 0 600
SHORE 4.56 552 45.96875 0.0037138175688 0.402255703679
Q_MOMENTUM 4.56 552 0.0152522641259 2.44559769917 2.51674495547 0.460757512457 0.456524809746 1.72790390915 0.00285448484801
AMR_VOLUME_STAGE 4.56 552 0 40.526278369678288 -5.6696374240272822e-09
AMR_VOLUME_STAGE 4.56 552 1 40.526278369678288 -5.6696374240272822e-09
Q_CLEANUP 4.56 552 0 -0
AMR_VOLUME_STAGE 4.56 552 2 40.526278369678288 -5.6696374240272822e-09
WARNING: convergence for p not reached after 100 iterations
  res: 2.36767e-07 sum: -0.0174789 nrelax: 15
POSTADAPT_REPROJECT 4.56 552 100 2.36767335407e-07 1.29345488161e-11 2.56038301671e-10 7.63261897325e-06 2.45756415515e-07 0.00231601941762 0.0496968191844
AMR_VOLUME_STAGE 4.56 552 3 40.526278369678288 -5.6696374240272822e-09
Q_MOMENTUM 4.57 553 0.015219624698 2.46896556178 2.4451710767 0.460757508103 0.456647838347 1.80030488067 0.00286841544427
AMR_VOLUME_STAGE 4.57 553 0 40.526278369679247 -5.6696137546274152e-09
AMR_VOLUME_STAGE 4.57 553 1 40.526278369679247 -5.6696137546274152e-09
Q_CLEANUP 4.57 553 0 -0
AMR_VOLUME_STAGE 4.57 553 2 40.526278369679247 -5.6696137546274152e-09
WARNING: convergence for p not reached after 100 iterations
  res: 2.03679e-07 sum: -0.0010114 nrelax: 15
POSTADAPT_REPROJECT 4.57 553 100 2.0367935267e-07 1.14142880527e-11 3.06645819848e-10 6.92498518686e-06 2.32215268205e-07 0.00231124765619 0.0496457909226
AMR_VOLUME_STAGE 4.57 553 3 40.526278369679247 -5.6696137546274152e-09
RUN 4.58 554 40.5262783697 0.409035299924
Q_RUN 4.58 554 40.526278369679247 -5.66960902075e-09 -0 0 1.66533453694e-16 1.44198888941e-17 19
Q_CUTCELL_CFL 4.58 554 0.0128488766916 0.0128488766916 0.122777372199 0 600
SHORE 4.58 554 45.96875 0.00370124891701 0.40200703889
Q_MOMENTUM 4.58 554 0.0146078639425 2.48839631389 2.48283949171 0.460957814719 0.456762525758 1.7432212906 0.00290973326082
AMR_VOLUME_STAGE 4.58 554 0 40.526278369679915 -5.6695972737119531e-09
AMR_VOLUME_STAGE 4.58 554 1 40.526278369679915 -5.6695972737119531e-09
Q_CLEANUP 4.58 554 0 -0
AMR_VOLUME_STAGE 4.58 554 2 40.526278369679915 -5.6695972737119531e-09
WARNING: convergence for p not reached after 100 iterations
  res: 1.47497e-07 sum: -2.90205e-07 nrelax: 15
POSTADAPT_REPROJECT 4.58 554 100 1.47497420157e-07 8.79023980391e-12 2.27203589276e-10 6.87186342604e-06 4.6641225547e-07 0.00231935162805 0.0496032914253
AMR_VOLUME_STAGE 4.58 554 3 40.526278369679915 -5.6695972737119531e-09
Q_MOMENTUM 4.59 555 0.0140833360107 2.51626301778 2.48852396879 0.461028387183 0.456878488739 1.68974572003 0.00291830052113
AMR_VOLUME_STAGE 4.59 555 0 40.526278369680405 -5.669585176018688e-09
AMR_VOLUME_STAGE 4.59 555 1 40.526278369680405 -5.669585176018688e-09
Q_CLEANUP 4.59 555 0 -0
AMR_VOLUME_STAGE 4.59 555 2 40.526278369680405 -5.669585176018688e-09
POSTADAPT_REPROJECT 4.59 555 80 8.95002195109e-09 9.48443030306e-13 2.3310242625e-11 7.91007392927e-06 1.86703110135e-07 0.00231650955824 0.049531511494
AMR_VOLUME_STAGE 4.59 555 3 40.526278369680405 -5.669585176018688e-09
RUN 4.6 556 40.5262783697 0.409200274099
Q_RUN 4.6 556 40.526278369680405 -5.66958044214e-09 -0 0 1.66533453694e-16 7.18283939272e-18 12
Q_CUTCELL_CFL 4.6 556 0.0126841817251 0.0126841817251 0.120400235077 0 600
SHORE 4.6 556 45.96875 0.00368882051585 0.401640784809
Q_MOMENTUM 4.6 556 0.0149601812557 2.50584192553 2.48404918885 0.461244465151 0.456966542137 1.81590932658 0.00290914628152
AMR_VOLUME_STAGE 4.6 556 0 40.526278369680533 -5.6695820200987059e-09
AMR_VOLUME_STAGE 4.6 556 1 40.526278369680533 -5.6695820200987059e-09
Q_CLEANUP 4.6 556 0 -0
AMR_VOLUME_STAGE 4.6 556 2 40.526278369680533 -5.6695820200987059e-09
POSTADAPT_REPROJECT 4.6 556 72 8.01283035452e-09 7.71893181167e-13 1.86393123158e-11 1.22803121347e-05 2.52158156001e-07 0.00230146685538 0.0494694928184
AMR_VOLUME_STAGE 4.6 556 3 40.526278369680533 -5.6695820200987059e-09
Q_MOMENTUM 4.61 557 0.0143367034816 2.50402330165 2.49819442092 0.461155064677 0.457038606837 1.77088283872 0.00292809020669
AMR_VOLUME_STAGE 4.61 557 0 40.526278369680732 -5.669577110889844e-09
AMR_VOLUME_STAGE 4.61 557 1 40.526278369680732 -5.669577110889844e-09
Q_CLEANUP 4.61 557 0 -0
AMR_VOLUME_STAGE 4.61 557 2 40.526278369680732 -5.669577110889844e-09
POSTADAPT_REPROJECT 4.61 557 71 7.54011955852e-09 5.84032094834e-13 1.37965194824e-11 1.05514015967e-05 2.22749117328e-07 0.00230997435471 0.0493809846166
AMR_VOLUME_STAGE 4.61 557 3 40.526278369680732 -5.669577110889844e-09
RUN 4.62 558 40.5262783697 0.408350326078
Q_RUN 4.62 558 40.526278369680732 -5.66957237701e-09 -0 0 1.66533453694e-16 9.92383801003e-18 15
Q_CUTCELL_CFL 4.62 558 0.0125783066991 0.0125783066991 0.118637370483 0 598
SHORE 4.62 558 45.96875 0.00367718510942 0.401364048909
Q_MOMENTUM 4.62 558 0.0146777987222 2.51255433714 2.49264812614 0.46131332618 0.457155992765 1.6949719513 0.00292360677292
AMR_VOLUME_STAGE 4.62 558 0 40.526278369680711 -5.6695776368765081e-09
AMR_VOLUME_STAGE 4.62 558 1 40.526278369680711 -5.6695776368765081e-09
Q_CLEANUP 4.62 558 0 -0
AMR_VOLUME_STAGE 4.62 558 2 40.526278369680711 -5.6695776368765081e-09
POSTADAPT_REPROJECT 4.62 558 73 8.89999791562e-09 4.66632612447e-13 1.08886233363e-11 1.46501356097e-05 1.79976088361e-07 0.00232401880912 0.04930431437
AMR_VOLUME_STAGE 4.62 558 3 40.526278369680711 -5.6695776368765081e-09
Q_MOMENTUM 4.63 559 0.0141794812666 2.54102961865 2.52883965257 0.461356701978 0.457301714183 1.79997251792 0.00296240811511
AMR_VOLUME_STAGE 4.63 559 0 40.526278369680682 -5.6695783381920597e-09
AMR_VOLUME_STAGE 4.63 559 1 40.526278369680682 -5.6695783381920597e-09
Q_CLEANUP 4.63 559 0 -0
AMR_VOLUME_STAGE 4.63 559 2 40.526278369680682 -5.6695783381920597e-09
POSTADAPT_REPROJECT 4.63 559 74 8.0532238104e-09 4.24174813176e-13 9.67581570421e-12 1.20850194021e-05 2.65965126863e-07 0.0023311970951 0.0492027702651
AMR_VOLUME_STAGE 4.63 559 3 40.526278369680682 -5.6695783381920597e-09
RUN 4.64 560 40.5262783697 0.409429509455
Q_RUN 4.64 560 40.526278369680682 -5.66957360431e-09 -0 0 1.66533453694e-16 7.66395410676e-18 14
Q_CUTCELL_CFL 4.64 560 0.0124303646079 0.0124303646079 0.116343245073 0 598
SHORE 4.64 560 45.96875 0.00366406227256 0.401289420237
Q_MOMENTUM 4.64 560 0.0143149324946 2.56436184304 2.56170389879 0.461619085927 0.457445253709 1.80145818906 0.00300327650982
AMR_VOLUME_STAGE 4.64 560 0 40.526278369680824 -5.6695748316143018e-09
AMR_VOLUME_STAGE 4.64 560 1 40.526278369680824 -5.6695748316143018e-09
Q_CLEANUP 4.64 560 0 -0
AMR_VOLUME_STAGE 4.64 560 2 40.526278369680824 -5.6695748316143018e-09
POSTADAPT_REPROJECT 4.64 560 73 7.40977861403e-09 3.71069898572e-13 8.31068547313e-12 1.20151534412e-05 3.63213172081e-07 0.00232640083839 0.0491141541379
AMR_VOLUME_STAGE 4.64 560 3 40.526278369680824 -5.6695748316143018e-09
Q_MOMENTUM 4.65 561 0.0144782176267 2.57887159469 2.55268708759 0.461721384968 0.457618289655 1.72301158224 0.00299482303602
AMR_VOLUME_STAGE 4.65 561 0 40.52627836968076 -5.6695764095742924e-09
AMR_VOLUME_STAGE 4.65 561 1 40.52627836968076 -5.6695764095742924e-09
Q_CLEANUP 4.65 561 0 -0
AMR_VOLUME_STAGE 4.65 561 2 40.52627836968076 -5.6695764095742924e-09
POSTADAPT_REPROJECT 4.65 561 73 8.10739161301e-09 4.29865301325e-13 1.23874244196e-11 1.81533588757e-05 2.86034011542e-07 0.00233516093583 0.0490025172763
AMR_VOLUME_STAGE 4.65 561 3 40.52627836968076 -5.6695764095742924e-09
RUN 4.66 562 40.5262783697 0.40856882314
Q_RUN 4.66 562 40.52627836968076 -5.66957167569e-09 -0 0 1.66533453694e-16 1.18453322509e-17 17
Q_CUTCELL_CFL 4.66 562 0.0123309225259 0.0123309225259 0.114852428684 0 595
SHORE 4.66 562 45.96875 0.00365199760453 0.40106367152
Q_MOMENTUM 4.66 562 0.0142892574112 2.56780198489 2.53453929437 0.462006215713 0.457760806109 1.80766503606 0.00297527220692
AMR_VOLUME_STAGE 4.66 562 0 40.52627836968081 -5.6695751822720776e-09
AMR_VOLUME_STAGE 4.66 562 1 40.52627836968081 -5.6695751822720776e-09
Q_CLEANUP 4.66 562 0 -0
AMR_VOLUME_STAGE 4.66 562 2 40.52627836968081 -5.6695751822720776e-09
POSTADAPT_REPROJECT 4.66 562 74 7.35421904673e-09 3.91474348856e-13 1.07727160525e-11 1.28019334977e-05 2.98807467062e-07 0.00232557453185 0.0489044964873
AMR_VOLUME_STAGE 4.66 562 3 40.52627836968081 -5.6695751822720776e-09
Q_MOMENTUM 4.67 563 0.0146888756669 2.5656990323 2.56295919021 0.461878586813 0.45788914977 1.81908273468 0.00300545713399
AMR_VOLUME_STAGE 4.67 563 0 40.526278369680789 -5.6695757082587409e-09
AMR_VOLUME_STAGE 4.67 563 1 40.526278369680789 -5.6695757082587409e-09
Q_CLEANUP 4.67 563 0 -0
AMR_VOLUME_STAGE 4.67 563 2 40.526278369680789 -5.6695757082587409e-09
POSTADAPT_REPROJECT 4.67 563 69 9.10859872901e-09 8.68920788317e-13 2.38458142121e-11 1.39295623643e-05 2.17014791804e-07 0.0023774316467 0.0487849492676
AMR_VOLUME_STAGE 4.67 563 3 40.526278369680789 -5.6695757082587409e-09
RUN 4.68 564 40.5262783697 0.409864299498
Q_RUN 4.68 564 40.526278369680789 -5.66957097438e-09 -0 0 1.66533453694e-16 1.10863907301e-17 17
Q_CUTCELL_CFL 4.68 564 0.0122761927262 0.0122761927262 0.113584345386 0 595
SHORE 4.68 564 45.96875 0.00363931540771 0.400689229205
Q_MOMENTUM 4.68 564 0.0147672287753 2.58034662784 2.57677905635 0.462196150483 0.458025914911 1.74595225203 0.00302385060658
AMR_VOLUME_STAGE 4.68 564 0 40.526278369680902 -5.6695729029965346e-09
AMR_VOLUME_STAGE 4.68 564 1 40.526278369680902 -5.6695729029965346e-09
Q_CLEANUP 4.68 564 0 -0
AMR_VOLUME_STAGE 4.68 564 2 40.526278369680902 -5.6695729029965346e-09
POSTADAPT_REPROJECT 4.68 564 68 9.26832477262e-09 7.56353395223e-13 2.145839062e-11 1.57499719894e-05 3.19901432704e-07 0.00236077405686 0.0486785189216
AMR_VOLUME_STAGE 4.68 564 3 40.526278369680902 -5.6695729029965346e-09
Q_MOMENTUM 4.69 565 0.0137670442939 2.62418951934 2.59131852505 0.462289769193 0.458146074207 1.78636601074 0.00304256070085
AMR_VOLUME_STAGE 4.69 565 0 40.526278369680973 -5.6695711497076556e-09
AMR_VOLUME_STAGE 4.69 565 1 40.526278369680973 -5.6695711497076556e-09
Q_CLEANUP 4.69 565 0 -0
AMR_VOLUME_STAGE 4.69 565 2 40.526278369680973 -5.6695711497076556e-09
POSTADAPT_REPROJECT 4.69 565 70 8.9179256614e-09 5.57958673901e-13 1.592237453e-11 1.00652948877e-05 3.74279098053e-07 0.00233388291766 0.0485543374575
AMR_VOLUME_STAGE 4.69 565 3 40.526278369680973 -5.6695711497076556e-09
RUN 4.7 566 40.5262783697 0.408623998797
Q_RUN 4.7 566 40.526278369680973 -5.66956641583e-09 -0 0 1.66533453694e-16 6.50521303491e-18 10
Q_CUTCELL_CFL 4.7 566 0.0121401327343 0.0121401327343 0.111663500285 0 595
SHORE 4.7 566 45.96875 0.00362853767243 0.400373284384
Q_MOMENTUM 4.7 566 0.0155296255591 2.60705649787 2.61983430772 0.462433201541 0.458278951996 1.83515405795 0.00307339706077
AMR_VOLUME_STAGE 4.7 566 0 40.526278369680902 -5.6695729029965346e-09
AMR_VOLUME_STAGE 4.7 566 1 40.526278369680902 -5.6695729029965346e-09
Q_CLEANUP 4.7 566 0 -0
AMR_VOLUME_STAGE 4.7 566 2 40.526278369680902 -5.6695729029965346e-09
POSTADAPT_REPROJECT 4.7 566 75 7.92293050911e-09 3.20484842348e-13 9.39470723438e-12 1.09939917148e-05 3.02752744153e-07 0.00231896521736 0.048404392693
AMR_VOLUME_STAGE 4.7 566 3 40.526278369680902 -5.6695729029965346e-09
Q_MOMENTUM 4.71 567 0.0137912094644 2.63164339945 2.62237213984 0.462517039568 0.458408063624 1.7313351901 0.00307802643395
AMR_VOLUME_STAGE 4.71 567 0 40.526278369681101 -5.6695679937876735e-09
AMR_VOLUME_STAGE 4.71 567 1 40.526278369681101 -5.6695679937876735e-09
Q_CLEANUP 4.71 567 0 -0
AMR_VOLUME_STAGE 4.71 567 2 40.526278369681101 -5.6695679937876735e-09
POSTADAPT_REPROJECT 4.71 567 76 9.25453982839e-09 3.85871099799e-13 1.04454223049e-11 1.05729380179e-05 2.95353254111e-07 0.00231305910807 0.0482929207325
AMR_VOLUME_STAGE 4.71 567 3 40.526278369681101 -5.6695679937876735e-09
RUN 4.72 568 40.5262783697 0.409350998179
Q_RUN 4.72 568 40.526278369681101 -5.66956325991e-09 -0 0 1.66533453694e-16 1.23127885586e-17 18
Q_CUTCELL_CFL 4.72 568 0.0120507258398 0.0120507258398 0.11002560001 0 595
SHORE 4.72 568 45.96875 0.0036171644293 0.40035048833
Q_MOMENTUM 4.72 568 0.0144149039451 2.62661981398 2.60520816721 0.462784683983 0.458534025759 1.76936685904 0.00305934814254
AMR_VOLUME_STAGE 4.72 568 0 40.526278369681023 -5.6695699224054399e-09
AMR_VOLUME_STAGE 4.72 568 1 40.526278369681023 -5.6695699224054399e-09
Q_CLEANUP 4.72 568 0 -0
AMR_VOLUME_STAGE 4.72 568 2 40.526278369681023 -5.6695699224054399e-09
POSTADAPT_REPROJECT 4.72 568 30 5.70856339557e-09 5.54495867362e-13 8.89044393659e-12 9.51482187892e-06 1.42875541633e-07 0.00232300074417 0.0482034704818
AMR_VOLUME_STAGE 4.72 568 3 40.526278369681023 -5.6695699224054399e-09
Q_MOMENTUM 4.73 569 0.0156050738004 2.63395982102 2.62453205084 0.462703646896 0.458623326369 1.82092479235 0.00307926561775
AMR_VOLUME_STAGE 4.73 569 0 40.526278369680902 -5.6695729029965346e-09
AMR_VOLUME_STAGE 4.73 569 1 40.526278369680902 -5.6695729029965346e-09
Q_CLEANUP 4.73 569 0 -0
AMR_VOLUME_STAGE 4.73 569 2 40.526278369680902 -5.6695729029965346e-09
POSTADAPT_REPROJECT 4.73 569 23 5.28717479479e-09 1.11001216575e-12 1.8314905148e-11 7.42628461482e-06 2.7349490544e-07 0.00231579449116 0.0480993542484
AMR_VOLUME_STAGE 4.73 569 3 40.526278369680902 -5.6695729029965346e-09
RUN 4.74 570 40.5262783697 0.409337650828
Q_RUN 4.74 570 40.526278369680902 -5.66956816912e-09 -0 0 1.66533453694e-16 1.11401773223e-17 15
Q_CUTCELL_CFL 4.74 570 0.012007834815 0.012007834815 0.10899612871 0 595
SHORE 4.74 570 45.96875 0.00362813241912 0.400077873188
Q_MOMENTUM 4.74 570 0.0143445616143 2.65063722238 2.65091341068 0.462983024748 0.458771383789 1.75035009821 0.00311156895654
AMR_VOLUME_STAGE 4.74 570 0 40.526278369680867 -5.6695737796409744e-09
AMR_VOLUME_STAGE 4.74 570 1 40.526278369680867 -5.6695737796409744e-09
Q_CLEANUP 4.74 570 0 -0
AMR_VOLUME_STAGE 4.74 570 2 40.526278369680867 -5.6695737796409744e-09
POSTADAPT_REPROJECT 4.74 570 17 9.48511311529e-09 3.98470490856e-12 6.19604367813e-11 6.3968519925e-05 5.67587594758e-07 0.00240057907662 0.0480098538146
AMR_VOLUME_STAGE 4.74 570 3 40.526278369680867 -5.6695737796409744e-09
Q_MOMENTUM 4.75 571 0.0141547475716 2.68464745662 2.65675223984 0.462993420718 0.45888730855 1.78013308002 0.00311961223932
AMR_VOLUME_STAGE 4.75 571 0 40.526278369681002 -5.669570448392104e-09
AMR_VOLUME_STAGE 4.75 571 1 40.526278369681002 -5.669570448392104e-09
Q_CLEANUP 4.75 571 0 -0
AMR_VOLUME_STAGE 4.75 571 2 40.526278369681002 -5.669570448392104e-09
POSTADAPT_REPROJECT 4.75 571 17 3.5338130105e-09 1.584463614e-12 8.26568674617e-12 1.2242132564e-05 3.10225642339e-07 0.00231198708063 0.0479009455028
AMR_VOLUME_STAGE 4.75 571 3 40.526278369681002 -5.669570448392104e-09
RUN 4.76 572 40.5262783697 0.408803759527
Q_RUN 4.76 572 40.526278369681002 -5.66956571451e-09 -0 0 1.66533453694e-16 1.48391702029e-17 25
Q_CUTCELL_CFL 4.76 572 0.0118675306558 0.0118675306558 0.106988243472 0 595
SHORE 4.76 572 45.96875 0.00366166514853 0.399573410257
Q_MOMENTUM 4.76 572 0.0147262131793 2.66463925876 2.66052352774 0.463194331613 0.458998496434 1.82220203499 0.00312108046925
AMR_VOLUME_STAGE 4.76 572 0 40.52627836968113 -5.6695672924721219e-09
AMR_VOLUME_STAGE 4.76 572 1 40.52627836968113 -5.6695672924721219e-09
Q_CLEANUP 4.76 572 0 -0
AMR_VOLUME_STAGE 4.76 572 2 40.52627836968113 -5.6695672924721219e-09
POSTADAPT_REPROJECT 4.76 572 20 3.45458669738e-09 1.52886702206e-12 9.15351128228e-12 4.19857912986e-05 4.1116503715e-07 0.00233445696208 0.0478070441113
AMR_VOLUME_STAGE 4.76 572 3 40.52627836968113 -5.6695672924721219e-09
Q_MOMENTUM 4.77 573 0.0136963552699 2.66390030042 2.66291968974 0.463133785117 0.459106376105 1.77098273765 0.00312513934899
AMR_VOLUME_STAGE 4.77 573 0 40.526278369680917 -5.6695725523387588e-09
AMR_VOLUME_STAGE 4.77 573 1 40.526278369680917 -5.6695725523387588e-09
Q_CLEANUP 4.77 573 0 -0
AMR_VOLUME_STAGE 4.77 573 2 40.526278369680917 -5.6695725523387588e-09
POSTADAPT_REPROJECT 4.77 573 20 4.69021558737e-09 2.56953143885e-12 1.50568862933e-11 1.27491420259e-05 2.74103394435e-07 0.00230567083151 0.047694579054
AMR_VOLUME_STAGE 4.77 573 3 40.526278369680917 -5.6695725523387588e-09
RUN 4.78 574 40.5262783697 0.408619646491
Q_RUN 4.78 574 40.526278369680917 -5.66956781846e-09 -0 0 1.66533453694e-16 1.08962318335e-17 16
Q_CUTCELL_CFL 4.78 574 0.0118379796817 0.0118379796817 0.109597270124 0 595
SHORE 4.78 574 45.96875 0.00370107524878 0.399229267289
Q_MOMENTUM 4.78 574 0.0143687865139 2.66052512797 2.64960530175 0.46338777396 0.45919925124 1.77166290701 0.00311052828691
AMR_VOLUME_STAGE 4.78 574 0 40.52627836968059 -5.6695806174676019e-09
AMR_VOLUME_STAGE 4.78 574 1 40.52627836968059 -5.6695806174676019e-09
Q_CLEANUP 4.78 574 0 -0
AMR_VOLUME_STAGE 4.78 574 2 40.52627836968059 -5.6695806174676019e-09
POSTADAPT_REPROJECT 4.78 574 23 5.58654165815e-09 2.59928052692e-12 1.66961999781e-11 1.60628055038e-05 2.97492957178e-07 0.00230189111068 0.0475976047542
AMR_VOLUME_STAGE 4.78 574 3 40.52627836968059 -5.6695806174676019e-09
Q_MOMENTUM 4.79 575 0.014388546846 2.67564294979 2.66251013407 0.46325957541 0.459263677354 1.8006550039 0.00312338123695
AMR_VOLUME_STAGE 4.79 575 0 40.526278369680966 -5.6695713250365439e-09
AMR_VOLUME_STAGE 4.79 575 1 40.526278369680966 -5.6695713250365439e-09
Q_CLEANUP 4.79 575 0 -0
AMR_VOLUME_STAGE 4.79 575 2 40.526278369680966 -5.6695713250365439e-09
POSTADAPT_REPROJECT 4.79 575 28 5.51366412417e-09 2.64138615207e-12 1.72041894619e-11 1.40948693261e-05 2.39390596577e-07 0.00229188808089 0.0474826084998
AMR_VOLUME_STAGE 4.79 575 3 40.526278369680966 -5.6695713250365439e-09
RUN 4.8 576 40.5262783697 0.408982838694
Q_RUN 4.8 576 40.526278369680966 -5.66956659116e-09 -0 0 1.66533453694e-16 1.37659794588e-17 19
Q_CUTCELL_CFL 4.8 576 0.0118214030529 0.0118214030529 0.114468908488 0 596
SHORE 4.8 576 45.96875 0.00374016383698 0.399281614784
Q_MOMENTUM 4.8 576 0.0142659135612 2.68121414452 2.68855231894 0.463459593208 0.459384682027 1.77341311721 0.00315515689153
AMR_VOLUME_STAGE 4.8 576 0 40.526278369680504 -5.6695827214142575e-09
AMR_VOLUME_STAGE 4.8 576 1 40.526278369680504 -5.6695827214142575e-09
Q_CLEANUP 4.8 576 0 -0
AMR_VOLUME_STAGE 4.8 576 2 40.526278369680504 -5.6695827214142575e-09
WARNING: convergence for p not reached after 100 iterations
  res: 9.73512e-08 sum: 8.35213e-09 nrelax: 8
POSTADAPT_REPROJECT 4.8 576 100 9.73511638029e-08 6.05414643819e-12 2.69060329572e-10 1.31692476858e-05 1.17457780135e-07 0.0022833402459 0.0473793090051
AMR_VOLUME_STAGE 4.8 576 3 40.526278369680504 -5.6695827214142575e-09
Q_MOMENTUM 4.81 577 0.0136693228592 2.68923017619 2.67639533026 0.46345306924 0.459501368746 1.77694980134 0.00314179758764
AMR_VOLUME_STAGE 4.81 577 0 40.52627836968027 -5.6695885072675576e-09
AMR_VOLUME_STAGE 4.81 577 1 40.52627836968027 -5.6695885072675576e-09
Q_CLEANUP 4.81 577 0 -0
AMR_VOLUME_STAGE 4.81 577 2 40.52627836968027 -5.6695885072675576e-09
WARNING: convergence for p not reached after 100 iterations
  res: 7.30633e-07 sum: -0.0285057 nrelax: 9
POSTADAPT_REPROJECT 4.81 577 100 7.30632517473e-07 3.36786744427e-11 1.37499078789e-09 7.98957998069e-06 3.00928628594e-07 0.00229891892124 0.047259097129
AMR_VOLUME_STAGE 4.81 577 3 40.52627836968027 -5.6695885072675576e-09
RUN 4.82 578 40.5262783697 0.408631360208
Q_RUN 4.82 578 40.52627836968027 -5.66958377339e-09 -0 0 1.66533453694e-16 1.25767452008e-17 19
Q_CUTCELL_CFL 4.82 578 0.0117677470148 0.0117677470148 0.118512785158 0 596
SHORE 4.82 578 45.96875 0.00366928796432 0.3992348379
Q_MOMENTUM 4.82 578 0.014481516613 2.67341421687 2.65783008952 0.463647599847 0.459585834299 1.80071506179 0.00312068902706
AMR_VOLUME_STAGE 4.82 578 0 40.526278369678792 -5.6696249756762413e-09
AMR_VOLUME_STAGE 4.82 578 1 40.526278369678792 -5.6696249756762413e-09
Q_CLEANUP 4.82 578 0 -0
AMR_VOLUME_STAGE 4.82 578 2 40.526278369678792 -5.6696249756762413e-09
WARNING: convergence for p not reached after 100 iterations
  res: 3.63775e-07 sum: 2.92611e-08 nrelax: 9
POSTADAPT_REPROJECT 4.82 578 100 3.63774652533e-07 1.66473372e-11 6.16757311889e-10 8.06487235865e-06 2.09403524722e-07 0.00224770951653 0.0471481354429
AMR_VOLUME_STAGE 4.82 578 3 40.526278369678792 -5.6696249756762413e-09
Q_MOMENTUM 4.83 579 0.0139654758451 2.66190185274 2.64236862621 0.463601678254 0.459729278661 1.7843147833 0.00310313675018
AMR_VOLUME_STAGE 4.83 579 0 40.526278369678067 -5.6696428592228074e-09
AMR_VOLUME_STAGE 4.83 579 1 40.526278369678067 -5.6696428592228074e-09
Q_CLEANUP 4.83 579 0 -0
AMR_VOLUME_STAGE 4.83 579 2 40.526278369678067 -5.6696428592228074e-09
WARNING: convergence for p not reached after 100 iterations
  res: 3.85237e-07 sum: 0.0157887 nrelax: 9
POSTADAPT_REPROJECT 4.83 579 100 3.85236584092e-07 1.91587658024e-11 8.16002820869e-10 6.66804179526e-06 1.88514621387e-07 0.0022354899892 0.0470251086323
AMR_VOLUME_STAGE 4.83 579 3 40.526278369678067 -5.6696428592228074e-09
RUN 4.84 580 40.5262783697 0.407650285085
Q_RUN 4.84 580 40.526278369678067 -5.66963812534e-09 -0 0 1.66533453694e-16 9.78831273847e-18 14
Q_CUTCELL_CFL 4.84 580 0.0117807690261 0.0117807690261 0.122752139719 0 595
SHORE 4.84 580 45.96875 0.00366588096585 0.398919489528
Q_MOMENTUM 4.84 580 0.014349936973 2.64948627243 2.64840782014 0.463922232008 0.459845917923 1.77492261628 0.00310923094445
AMR_VOLUME_STAGE 4.84 580 0 40.526278369677158 -5.6696653013204587e-09
AMR_VOLUME_STAGE 4.84 580 1 40.526278369677158 -5.6696653013204587e-09
Q_CLEANUP 4.84 580 0 -0
AMR_VOLUME_STAGE 4.84 580 2 40.526278369677158 -5.6696653013204587e-09
POSTADAPT_REPROJECT 4.84 580 62 7.59060211606e-09 8.19192160611e-13 3.19353432587e-11 1.66325550158e-05 3.20087753231e-07 0.00223768430716 0.0469103037864
AMR_VOLUME_STAGE 4.84 580 3 40.526278369677158 -5.6696653013204587e-09
Q_MOMENTUM 4.85 581 0.0138167359209 2.66341603117 2.66101701333 0.463935177708 0.459980112886 1.7780370234 0.0031244784293
AMR_VOLUME_STAGE 4.85 581 0 40.526278369677151 -5.6696654766493462e-09
AMR_VOLUME_STAGE 4.85 581 1 40.526278369677151 -5.6696654766493462e-09
Q_CLEANUP 4.85 581 0 -0
AMR_VOLUME_STAGE 4.85 581 2 40.526278369677151 -5.6696654766493462e-09
POSTADAPT_REPROJECT 4.85 581 52 9.23041561874e-09 1.09980065769e-12 1.94071425597e-11 1.55718488657e-05 3.34943394727e-07 0.00224299313547 0.0467803017161
AMR_VOLUME_STAGE 4.85 581 3 40.526278369677151 -5.6696654766493462e-09
RUN 4.86 582 40.5262783697 0.409398714998
Q_RUN 4.86 582 40.526278369677151 -5.66966074277e-09 -0 0 1.66533453694e-16 1.03793299774e-17 17
Q_CUTCELL_CFL 4.86 582 0.0117896073804 0.0117896073804 0.126466605161 0 595
SHORE 4.86 582 45.96875 0.0036615327143 0.39852439584
Q_MOMENTUM 4.86 582 0.0150579259784 2.6633467128 2.65522643361 0.464024957484 0.460113118176 1.79800413035 0.00311827955682
AMR_VOLUME_STAGE 4.86 582 0 40.526278369677229 -5.6696635480315797e-09
AMR_VOLUME_STAGE 4.86 582 1 40.526278369677229 -5.6696635480315797e-09
Q_CLEANUP 4.86 582 0 -0
AMR_VOLUME_STAGE 4.86 582 2 40.526278369677229 -5.6696635480315797e-09
POSTADAPT_REPROJECT 4.86 582 91 8.73881541846e-09 5.68806781551e-13 1.41722189539e-11 2.00271100101e-05 3.21582311156e-07 0.00223009821948 0.046660746655
AMR_VOLUME_STAGE 4.86 582 3 40.526278369677229 -5.6696635480315797e-09
Q_MOMENTUM 4.87 583 0.0138382338289 2.65762995011 2.65499356415 0.464023809635 0.460201271353 1.77564341681 0.00311735885544
AMR_VOLUME_STAGE 4.87 583 0 40.526278369677236 -5.6696633727026914e-09
AMR_VOLUME_STAGE 4.87 583 1 40.526278369677236 -5.6696633727026914e-09
Q_CLEANUP 4.87 583 0 -0
AMR_VOLUME_STAGE 4.87 583 2 40.526278369677236 -5.6696633727026914e-09
WARNING: convergence for p not reached after 100 iterations
  res: 5.2894e-07 sum: -1.24815e-07 nrelax: 10
POSTADAPT_REPROJECT 4.87 583 100 5.28939844311e-07 2.52004199605e-11 6.36994457182e-10 2.63557129095e-05 3.1210211814e-07 0.00224376478099 0.0465320365165
AMR_VOLUME_STAGE 4.87 583 3 40.526278369677236 -5.6696633727026914e-09
RUN 4.88 584 40.5262783697 0.407385150509
Q_RUN 4.88 584 40.526278369677236 -5.66965863882e-09 -0 0 1.66533453694e-16 3.59459606991e-18 9
Q_CUTCELL_CFL 4.88 584 0.0117935803362 0.0117935803362 0.129695718033 0 593
SHORE 4.88 584 45.96875 0.00365148042564 0.398431265393
Q_MOMENTUM 4.88 584 0.0139039582765 2.649428349 2.65253034681 0.464281111662 0.460279516759 1.7728946851 0.00311470074048
AMR_VOLUME_STAGE 4.88 584 0 40.526278369678906 -5.669622170414035e-09
AMR_VOLUME_STAGE 4.88 584 1 40.526278369678906 -5.669622170414035e-09
Q_CLEANUP 4.88 584 0 -0
AMR_VOLUME_STAGE 4.88 584 2 40.526278369678906 -5.669622170414035e-09
WARNING: convergence for p not reached after 100 iterations
  res: 1.04911e-07 sum: -2.89144e-07 nrelax: 14
POSTADAPT_REPROJECT 4.88 584 100 1.04911206004e-07 5.18622530738e-12 1.21523235919e-10 2.45819771776e-05 2.62716812113e-07 0.0022389341124 0.046413062092
AMR_VOLUME_STAGE 4.88 584 3 40.526278369678906 -5.669622170414035e-09
Q_MOMENTUM 4.89 585 0.0152449169456 2.65430655987 2.65674198098 0.464172166673 0.460378214297 1.80082942752 0.00312007770717
AMR_VOLUME_STAGE 4.89 585 0 40.526278369679275 -5.6696130533118636e-09
AMR_VOLUME_STAGE 4.89 585 1 40.526278369679275 -5.6696130533118636e-09
Q_CLEANUP 4.89 585 0 -0
AMR_VOLUME_STAGE 4.89 585 2 40.526278369679275 -5.6696130533118636e-09
WARNING: convergence for p not reached after 100 iterations
  res: 1.63309e-07 sum: -0.00364695 nrelax: 14
POSTADAPT_REPROJECT 4.89 585 100 1.63309141457e-07 8.14115845877e-12 1.80770065583e-10 1.70043648623e-05 3.22058655064e-07 0.00221102836258 0.0462804824712
AMR_VOLUME_STAGE 4.89 585 3 40.526278369679275 -5.6696130533118636e-09
RUN 4.9 586 40.5262783697 0.408530542138
Q_RUN 4.9 586 40.526278369679275 -5.66960831943e-09 -0 0 1.66533453694e-16 6.18672864675e-18 10
Q_CUTCELL_CFL 4.9 586 0.0117987525657 0.0117987525657 0.132500301022 0 591
SHORE 4.9 586 45.96875 0.00362259076889 0.398411265775
Q_MOMENTUM 4.9 586 0.0144267077079 2.65564279464 2.6548098519 0.464438087695 0.460504705638 1.77484851371 0.00311845451089
AMR_VOLUME_STAGE 4.9 586 0 40.526278369679808 -5.6695999036452711e-09
AMR_VOLUME_STAGE 4.9 586 1 40.526278369679808 -5.6695999036452711e-09
Q_CLEANUP 4.9 586 0 -0
AMR_VOLUME_STAGE 4.9 586 2 40.526278369679808 -5.6695999036452711e-09
WARNING: convergence for p not reached after 100 iterations
  res: 2.01434e-07 sum: -2.43129e-07 nrelax: 14
POSTADAPT_REPROJECT 4.9 586 100 2.01434093404e-07 1.01556517438e-11 2.14065654092e-10 1.71146643009e-05 3.25592493998e-07 0.00221450390837 0.0461593183178
AMR_VOLUME_STAGE 4.9 586 3 40.526278369679808 -5.6695999036452711e-09
Q_MOMENTUM 4.91 587 0.0137040230847 2.6643542686 2.66099533146 0.464457893924 0.460599174291 1.77286376429 0.00312464384602
AMR_VOLUME_STAGE 4.91 587 0 40.526278369680242 -5.6695892085831092e-09
AMR_VOLUME_STAGE 4.91 587 1 40.526278369680242 -5.6695892085831092e-09
Q_CLEANUP 4.91 587 0 -0
AMR_VOLUME_STAGE 4.91 587 2 40.526278369680242 -5.6695892085831092e-09
WARNING: convergence for p not reached after 100 iterations
  res: 2.12097e-07 sum: -0.00633565 nrelax: 14
POSTADAPT_REPROJECT 4.91 587 100 2.12096894771e-07 1.10597673518e-11 2.45743869698e-10 1.52460367901e-05 2.99074022072e-07 0.00222209976528 0.0460243256683
AMR_VOLUME_STAGE 4.91 587 3 40.526278369680242 -5.6695892085831092e-09
RUN 4.92 588 40.5262783697 0.407789856906
Q_RUN 4.92 588 40.526278369680242 -5.6695844747e-09 -0 0 1.66533453694e-16 9.37496066021e-18 14
Q_CUTCELL_CFL 4.92 588 0.0117668800176 0.0117668800176 0.134448797561 0 591
SHORE 4.92 588 45.96875 0.00361421691868 0.39812841573
Q_MOMENTUM 4.92 588 0.0149385227443 2.66143887611 2.65904619261 0.464640095558 0.460754038966 1.81094486116 0.00312266864421
AMR_VOLUME_STAGE 4.92 588 0 40.526278369680995 -5.6695706237209923e-09
AMR_VOLUME_STAGE 4.92 588 1 40.526278369680995 -5.6695706237209923e-09
Q_CLEANUP 4.92 588 0 -0
AMR_VOLUME_STAGE 4.92 588 2 40.526278369680995 -5.6695706237209923e-09
WARNING: convergence for p not reached after 100 iterations
  res: 1.91668e-07 sum: -2.7961e-07 nrelax: 14
POSTADAPT_REPROJECT 4.92 588 100 1.91667659943e-07 1.02161312134e-11 2.85259815769e-10 1.95730766195e-05 4.49778166623e-08 0.00224689993371 0.0459001460744
AMR_VOLUME_STAGE 4.92 588 3 40.526278369680995 -5.6695706237209923e-09
Q_MOMENTUM 4.93 589 0.0139112398208 2.66274941166 2.65865420289 0.464628101198 0.460868368492 1.77212940539 0.00312280099723
AMR_VOLUME_STAGE 4.93 589 0 40.526278369681577 -5.6695562467521842e-09
AMR_VOLUME_STAGE 4.93 589 1 40.526278369681577 -5.6695562467521842e-09
Q_CLEANUP 4.93 589 0 -0
AMR_VOLUME_STAGE 4.93 589 2 40.526278369681577 -5.6695562467521842e-09
WARNING: convergence for p not reached after 100 iterations
  res: 1.78071e-07 sum: 0.0162443 nrelax: 14
POSTADAPT_REPROJECT 4.93 589 100 1.78070682576e-07 9.37367772886e-12 2.51639153959e-10 1.74950931749e-05 3.4401053105e-07 0.00223959181893 0.0457623700588
AMR_VOLUME_STAGE 4.93 589 3 40.526278369681577 -5.6695562467521842e-09
RUN 4.94 590 40.5262783697 0.408526659186
Q_RUN 4.94 590 40.526278369681577 -5.66955151287e-09 -0 0 1.66533453694e-16 4.7438080211e-18 8
Q_CUTCELL_CFL 4.94 590 0.0117613988512 0.0117613988512 0.136289803267 0 590
SHORE 4.94 590 45.96875 0.00361263194813 0.397726823076
Q_MOMENTUM 4.94 590 0.0139725977464 2.65803286954 2.65681151823 0.464844952497 0.460982697421 1.77196618486 0.00312150058145
AMR_VOLUME_STAGE 4.94 590 0 40.526278369682117 -5.6695429217567033e-09
AMR_VOLUME_STAGE 4.94 590 1 40.526278369682117 -5.6695429217567033e-09
Q_CLEANUP 4.94 590 0 -0
AMR_VOLUME_STAGE 4.94 590 2 40.526278369682117 -5.6695429217567033e-09
POSTADAPT_REPROJECT 4.94 590 95 9.31865825153e-09 7.85244669402e-13 2.0235368936e-11 2.05332366801e-05 3.1281410921e-07 0.00222557090418 0.0456353198074
AMR_VOLUME_STAGE 4.94 590 3 40.526278369682117 -5.6695429217567033e-09
Q_MOMENTUM 4.95 591 0.0147721975222 2.66313939927 2.66223493205 0.464818526206 0.461079023 1.78834805794 0.00312889715883
AMR_VOLUME_STAGE 4.95 591 0 40.526278369682203 -5.6695408178100486e-09
AMR_VOLUME_STAGE 4.95 591 1 40.526278369682203 -5.6695408178100486e-09
Q_CLEANUP 4.95 591 0 -0
AMR_VOLUME_STAGE 4.95 591 2 40.526278369682203 -5.6695408178100486e-09
POSTADAPT_REPROJECT 4.95 591 77 7.94754283748e-09 4.72467898706e-13 1.19264598197e-11 1.27104693445e-05 2.97826176475e-07 0.00226472562072 0.0454949834681
AMR_VOLUME_STAGE 4.95 591 3 40.526278369682203 -5.6695408178100486e-09
RUN 4.96 592 40.5262783697 0.407052287927
Q_RUN 4.96 592 40.526278369682203 -5.66953608393e-09 -0 0 1.66533453694e-16 7.64362531602e-18 13
Q_CUTCELL_CFL 4.96 592 0.0117530729678 0.0117530729678 0.137719045961 0 589
SHORE 4.96 592 45.96875 0.00361170236573 0.397693438552
Q_MOMENTUM 4.96 592 0.0139823273196 2.67042112391 2.66338326676 0.465070019198 0.461199791678 1.765734529 0.00313136623697
AMR_VOLUME_STAGE 4.96 592 0 40.526278369682188 -5.6695411684678244e-09
AMR_VOLUME_STAGE 4.96 592 1 40.526278369682188 -5.6695411684678244e-09
Q_CLEANUP 4.96 592 0 -0
AMR_VOLUME_STAGE 4.96 592 2 40.526278369682188 -5.6695411684678244e-09
POSTADAPT_REPROJECT 4.96 592 76 8.6079028339e-09 4.26982318832e-13 1.04440900373e-11 1.61795042313e-05 2.75435517982e-07 0.00220461787205 0.0453592027019
AMR_VOLUME_STAGE 4.96 592 3 40.526278369682188 -5.6695411684678244e-09
Q_MOMENTUM 4.97 593 0.0140125925571 2.66850260128 2.65681056915 0.465090687264 0.461322088174 1.76358693099 0.00312409190775
AMR_VOLUME_STAGE 4.97 593 0 40.526278369682217 -5.6695404671522728e-09
AMR_VOLUME_STAGE 4.97 593 1 40.526278369682217 -5.6695404671522728e-09
Q_CLEANUP 4.97 593 0 -0
AMR_VOLUME_STAGE 4.97 593 2 40.526278369682217 -5.6695404671522728e-09
POSTADAPT_REPROJECT 4.97 593 77 8.48314435092e-09 4.08424495148e-13 9.7877261851e-12 1.66978891116e-05 2.72847247104e-07 0.00220153112686 0.0452197838119
AMR_VOLUME_STAGE 4.97 593 3 40.526278369682217 -5.6695404671522728e-09
RUN 4.98 594 40.5262783697 0.408521116458
Q_RUN 4.98 594 40.526278369682217 -5.66953573327e-09 -0 0 1.66533453694e-16 8.9463619889e-18 13
Q_CUTCELL_CFL 4.98 594 0.011754099627 0.011754099627 0.138888463154 0 589
SHORE 4.98 594 45.96875 0.00361545183421 0.397649774902
Q_MOMENTUM 4.98 594 0.0149201936709 2.66327758284 2.65811459114 0.46523370826 0.461425413467 1.76958883951 0.00312358004359
AMR_VOLUME_STAGE 4.98 594 0 40.526278369682331 -5.6695376618900665e-09
AMR_VOLUME_STAGE 4.98 594 1 40.526278369682331 -5.6695376618900665e-09
Q_CLEANUP 4.98 594 0 -0
AMR_VOLUME_STAGE 4.98 594 2 40.526278369682331 -5.6695376618900665e-09
POSTADAPT_REPROJECT 4.98 594 80 7.50901288055e-09 3.47086735841e-13 9.68025659631e-12 2.93096242064e-05 2.59906998462e-07 0.00221880038395 0.0450900290499
AMR_VOLUME_STAGE 4.98 594 3 40.526278369682331 -5.6695376618900665e-09
Q_MOMENTUM 4.99 595 0.0137491101065 2.66036089733 2.66196324297 0.465178943096 0.46154808114 1.76320963807 0.0031294791037
AMR_VOLUME_STAGE 4.99 595 0 40.526278369682274 -5.6695390645211697e-09
AMR_VOLUME_STAGE 4.99 595 1 40.526278369682274 -5.6695390645211697e-09
Q_CLEANUP 4.99 595 0 -0
AMR_VOLUME_STAGE 4.99 595 2 40.526278369682274 -5.6695390645211697e-09
POSTADAPT_REPROJECT 4.99 595 80 8.97502511886e-09 3.76255850776e-13 9.56479340175e-12 1.81032269263e-05 2.55654827976e-07 0.0021631882074 0.044966061109
AMR_VOLUME_STAGE 4.99 595 3 40.526278369682274 -5.6695390645211697e-09
RUN 5 596 40.5262783697 0.407603444191
Q_RUN 5 596 40.526278369682274 -5.66953433064e-09 -0 0 1.66533453694e-16 9.10729824888e-18 14
Q_CUTCELL_CFL 5 596 0.0117550471724 0.0117550471724 0.139739270124 0 588
SHORE 5 596 45.96875 0.00361040994363 0.397330976847
Q_MOMENTUM 5 596 0.0137122023108 2.66305962295 2.65888262459 0.465476641954 0.461674907294 1.7604539956 0.00312683509677
AMR_VOLUME_STAGE 5 596 0 40.526278369682309 -5.6695381878767306e-09
AMR_VOLUME_STAGE 5 596 1 40.526278369682309 -5.6695381878767306e-09
Q_CLEANUP 5 596 0 -0
AMR_VOLUME_STAGE 5 596 2 40.526278369682309 -5.6695381878767306e-09
POSTADAPT_REPROJECT 5 596 77 9.7998323266e-09 4.23980225363e-13 9.4090291114e-12 2.00904916231e-05 2.61814380003e-07 0.00216124367563 0.0448325433179
AMR_VOLUME_STAGE 5 596 3 40.526278369682309 -5.6695381878767306e-09
Q_MOMENTUM 5.01 597 0.0143268888935 2.6600893216 2.65123403652 0.465447210557 0.461779436545 1.77446315256 0.00311848037344
AMR_VOLUME_STAGE 5.01 597 0 40.526278369682338 -5.669537486561179e-09
AMR_VOLUME_STAGE 5.01 597 1 40.526278369682338 -5.669537486561179e-09
Q_CLEANUP 5.01 597 0 -0
AMR_VOLUME_STAGE 5.01 597 2 40.526278369682338 -5.669537486561179e-09
POSTADAPT_REPROJECT 5.01 597 77 9.57091490498e-09 4.34321813692e-13 1.36464173295e-11 2.13057903574e-05 2.37057482847e-07 0.00214363096308 0.0446812480809
AMR_VOLUME_STAGE 5.01 597 3 40.526278369682338 -5.669537486561179e-09
RUN 5.02 598 40.5262783697 0.409004980716
Q_RUN 5.02 598 40.526278369682338 -5.66953275268e-09 -0 0 1.66533453694e-16 7.4818420231e-18 13
Q_CUTCELL_CFL 5.02 598 0.0117624983031 0.0117624983031 0.140422396878 0 589
SHORE 5.02 598 45.96875 0.00361143073144 0.396966252863
Q_MOMENTUM 5.02 598 0.0146623233263 2.65820542339 2.65519311688 0.465567296668 0.461897722261 1.75194658966 0.00312085937801
AMR_VOLUME_STAGE 5.02 598 0 40.526278369682416 -5.6695355579434118e-09
AMR_VOLUME_STAGE 5.02 598 1 40.526278369682416 -5.6695355579434118e-09
Q_CLEANUP 5.02 598 0 -0
AMR_VOLUME_STAGE 5.02 598 2 40.526278369682416 -5.6695355579434118e-09
POSTADAPT_REPROJECT 5.02 598 77 8.9586939702e-09 4.05496943822e-13 1.20272680704e-11 1.47642391885e-05 4.28476444773e-08 0.00215070979783 0.0445331366767
AMR_VOLUME_STAGE 5.02 598 3 40.526278369682416 -5.6695355579434118e-09
Q_MOMENTUM 5.03 599 0.0139156387326 2.65057558615 2.65533432759 0.465587673961 0.46201222047 1.73574642191 0.00312230226521
AMR_VOLUME_STAGE 5.03 599 0 40.52627836968238 -5.6695364345878517e-09
AMR_VOLUME_STAGE 5.03 599 1 40.52627836968238 -5.6695364345878517e-09
Q_CLEANUP 5.03 599 0 -0
AMR_VOLUME_STAGE 5.03 599 2 40.52627836968238 -5.6695364345878517e-09
POSTADAPT_REPROJECT 5.03 599 81 7.67909122091e-09 5.6613225506e-13 1.59197099947e-11 2.07011021595e-05 2.20574789289e-07 0.00212550394896 0.0443719944295
AMR_VOLUME_STAGE 5.03 599 3 40.52627836968238 -5.6695364345878517e-09
RUN 5.04 600 40.5262783697 0.408422596728
Q_RUN 5.04 600 40.52627836968238 -5.66953170071e-09 -0 0 1.66533453694e-16 1.01915004214e-17 14
Q_CUTCELL_CFL 5.04 600 0.0117681879679 0.0117681879679 0.140854630233 0 588
SHORE 5.04 600 45.96875 0.00361444854979 0.396918768228
Q_MOMENTUM 5.04 600 0.0141178305708 2.65262155222 2.65215522003 0.465773927022 0.462122150443 1.79729768693 0.00311938469986
AMR_VOLUME_STAGE 5.04 600 0 40.52627836968248 -5.6695339799834203e-09
AMR_VOLUME_STAGE 5.04 600 1 40.52627836968248 -5.6695339799834203e-09
Q_CLEANUP 5.04 600 0 -0
AMR_VOLUME_STAGE 5.04 600 2 40.52627836968248 -5.6695339799834203e-09
POSTADAPT_REPROJECT 5.04 600 46 9.4797455072e-09 5.28542256721e-13 1.31983313167e-11 1.37990428575e-05 2.61161117428e-07 0.00214716951601 0.0442191649646
AMR_VOLUME_STAGE 5.04 600 3 40.52627836968248 -5.6695339799834203e-09
Q_MOMENTUM 5.05 601 0.0146176076719 2.65108405545 2.64601950919 0.465702634702 0.462274456891 1.7950071367 0.00311268904515
AMR_VOLUME_STAGE 5.05 601 0 40.526278369682466 -5.6695343306411961e-09
AMR_VOLUME_STAGE 5.05 601 1 40.526278369682466 -5.6695343306411961e-09
Q_CLEANUP 5.05 601 0 -0
AMR_VOLUME_STAGE 5.05 601 2 40.526278369682466 -5.6695343306411961e-09
POSTADAPT_REPROJECT 5.05 601 21 7.79499033839e-09 1.59501753547e-12 3.10513836865e-11 1.9432097912e-05 1.32300753921e-07 0.0021160417019 0.0440580843359
AMR_VOLUME_STAGE 5.05 601 3 40.526278369682466 -5.6695343306411961e-09
RUN 5.06 602 40.5262783697 0.408456348996
Q_RUN 5.06 602 40.526278369682466 -5.66952959676e-09 -0 0 1.66533453694e-16 1.21159592775e-17 19
Q_CUTCELL_CFL 5.06 602 0.0117785768015 0.0117785768015 0.141130161497 0 588
SHORE 5.06 602 45.96875 0.003617447999 0.396816946569
Q_MOMENTUM 5.06 602 0.0158142474062 2.64787281141 2.64343371016 0.465929387773 0.462408218873 1.74132984245 0.00310794487092
AMR_VOLUME_STAGE 5.06 602 0 40.526278369682494 -5.6695336293256445e-09
AMR_VOLUME_STAGE 5.06 602 1 40.526278369682494 -5.6695336293256445e-09
Q_CLEANUP 5.06 602 0 -0
AMR_VOLUME_STAGE 5.06 602 2 40.526278369682494 -5.6695336293256445e-09
POSTADAPT_REPROJECT 5.06 602 17 8.3654749382e-09 3.96601994038e-12 2.15438864665e-11 2.1687061844e-05 1.70878367685e-07 0.00211180209149 0.0439073372439
AMR_VOLUME_STAGE 5.06 602 3 40.526278369682494 -5.6695336293256445e-09
Q_MOMENTUM 5.07 603 0.0142809300561 2.65019161982 2.65468695575 0.466054960688 0.462484475692 1.77417885293 0.00312210870076
AMR_VOLUME_STAGE 5.07 603 0 40.526278369682949 -5.6695224082768193e-09
AMR_VOLUME_STAGE 5.07 603 1 40.526278369682949 -5.6695224082768193e-09
Q_CLEANUP 5.07 603 0 -0
AMR_VOLUME_STAGE 5.07 603 2 40.526278369682949 -5.6695224082768193e-09
POSTADAPT_REPROJECT 5.07 603 17 3.40241215768e-09 1.56347751033e-12 7.63924340452e-12 2.15863123452e-05 1.75029926393e-07 0.00208245552148 0.0437510740091
AMR_VOLUME_STAGE 5.07 603 3 40.526278369682949 -5.6695224082768193e-09
RUN 5.08 604 40.5262783697 0.408773702919
Q_RUN 5.08 604 40.526278369682949 -5.6695176744e-09 -0 0 1.66533453694e-16 6.77541654509e-18 12
Q_CUTCELL_CFL 5.08 604 0.0117865068895 0.0117865068895 0.141166457996 0 589
SHORE 5.08 604 45.96875 0.00364292462126 0.396652797178
Q_MOMENTUM 5.08 604 0.0157559058161 2.65224257682 2.65255677715 0.466057235361 0.462529619551 1.79445294122 0.00312026080686
AMR_VOLUME_STAGE 5.08 604 0 40.526278369683048 -5.6695199536723888e-09
AMR_VOLUME_STAGE 5.08 604 1 40.526278369683048 -5.6695199536723888e-09
Q_CLEANUP 5.08 604 0 -0
AMR_VOLUME_STAGE 5.08 604 2 40.526278369683048 -5.6695199536723888e-09
POSTADAPT_REPROJECT 5.08 604 20 3.40512748217e-09 1.51865968583e-12 9.07691630192e-12 2.67762459559e-05 1.87420087201e-07 0.00208570817964 0.0436049215277
AMR_VOLUME_STAGE 5.08 604 3 40.526278369683048 -5.6695199536723888e-09
Q_MOMENTUM 5.09 605 0.0147944905459 2.65264175101 2.6488943688 0.466029125364 0.462598541525 1.71364841199 0.00311624869987
AMR_VOLUME_STAGE 5.09 605 0 40.526278369682849 -5.6695248628812498e-09
AMR_VOLUME_STAGE 5.09 605 1 40.526278369682849 -5.6695248628812498e-09
Q_CLEANUP 5.09 605 0 -0
AMR_VOLUME_STAGE 5.09 605 2 40.526278369682849 -5.6695248628812498e-09
POSTADAPT_REPROJECT 5.09 605 20 5.16116099674e-09 2.3268771814e-12 1.36410639728e-11 2.53759628072e-05 2.07958190621e-07 0.002079421481 0.0434538112964
AMR_VOLUME_STAGE 5.09 605 3 40.526278369682849 -5.6695248628812498e-09
RUN 5.1 606 40.5262783697 0.407974035009
Q_RUN 5.1 606 40.526278369682849 -5.669520129e-09 -0 0 1.66533453694e-16 1.17093834628e-17 15
Q_CUTCELL_CFL 5.1 606 0.01179064506 0.01179064506 0.141036316942 0 589
SHORE 5.1 606 45.96875 0.00365386140338 0.396376984555
Q_MOMENTUM 5.1 606 0.0142501766177 2.64887496 2.6503520618 0.46625068308 0.46267714594 1.75182427966 0.00311704137755
AMR_VOLUME_STAGE 5.1 606 0 40.526278369682579 -5.6695315253789898e-09
AMR_VOLUME_STAGE 5.1 606 1 40.526278369682579 -5.6695315253789898e-09
Q_CLEANUP 5.1 606 0 -0
AMR_VOLUME_STAGE 5.1 606 2 40.526278369682579 -5.6695315253789898e-09
POSTADAPT_REPROJECT 5.1 606 23 3.82927449482e-09 1.72687652662e-12 1.10635216266e-11 2.06785385809e-05 9.29232464435e-08 0.00208381239686 0.043312890083
AMR_VOLUME_STAGE 5.1 606 3 40.526278369682579 -5.6695315253789898e-09
Q_MOMENTUM 5.11 607 0.0160992116488 2.64416902974 2.64656952113 0.466151793979 0.462737306478 1.77619840357 0.00311332529094
AMR_VOLUME_STAGE 5.11 607 0 40.526278369682942 -5.6695225836057068e-09
AMR_VOLUME_STAGE 5.11 607 1 40.526278369682942 -5.6695225836057068e-09
Q_CLEANUP 5.11 607 0 -0
AMR_VOLUME_STAGE 5.11 607 2 40.526278369682942 -5.6695225836057068e-09
POSTADAPT_REPROJECT 5.11 607 24 9.31332272071e-09 3.82135861197e-12 6.05029359946e-11 2.80267104123e-05 1.93634019086e-07 0.00207653752384 0.0431672794772
AMR_VOLUME_STAGE 5.11 607 3 40.526278369682942 -5.6695225836057068e-09
RUN 5.12 608 40.5262783697 0.40641872633
Q_RUN 5.12 608 40.526278369682942 -5.66951784973e-09 -0 0 1.66533453694e-16 8.99210176805e-18 13
Q_CUTCELL_CFL 5.12 608 0.011797088311 0.011797088311 0.140800878302 0 588
SHORE 5.12 608 45.96875 0.00368874981623 0.395898179722
Q_MOMENTUM 5.12 608 0.0145397826812 2.65552949088 2.65332729078 0.466219115539 0.462786411306 1.75407140215 0.00312074037904
AMR_VOLUME_STAGE 5.12 608 0 40.526278369682778 -5.6695266161701287e-09
AMR_VOLUME_STAGE 5.12 608 1 40.526278369682778 -5.6695266161701287e-09
Q_CLEANUP 5.12 608 0 -0
AMR_VOLUME_STAGE 5.12 608 2 40.526278369682778 -5.6695266161701287e-09
POSTADAPT_REPROJECT 5.12 608 30 9.27871572244e-09 3.55508203496e-12 5.30070431992e-11 2.75125002825e-05 2.07656056699e-07 0.00206289117826 0.0430304992734
AMR_VOLUME_STAGE 5.12 608 3 40.526278369682778 -5.6695266161701287e-09
Q_MOMENTUM 5.13 609 0.0157768522998 2.66586284599 2.66342207932 0.466173874779 0.462791541137 1.75357246234 0.00313318624719
AMR_VOLUME_STAGE 5.13 609 0 40.52627836968297 -5.6695218822901552e-09
AMR_VOLUME_STAGE 5.13 609 1 40.52627836968297 -5.6695218822901552e-09
Q_CLEANUP 5.13 609 0 -0
AMR_VOLUME_STAGE 5.13 609 2 40.52627836968297 -5.6695218822901552e-09
POSTADAPT_REPROJECT 5.13 609 35 8.59940968784e-09 1.93869405859e-12 3.1463387451e-11 2.56662614037e-05 2.07581515247e-07 0.00205524104745 0.0428894936385
AMR_VOLUME_STAGE 5.13 609 3 40.52627836968297 -5.6695218822901552e-09
RUN 5.14 610 40.5262783697 0.406104598925
Q_RUN 5.14 610 40.52627836968297 -5.66951714841e-09 -0 0 1.66533453694e-16 6.36884403913e-18 11
Q_CUTCELL_CFL 5.14 610 0.0117508586253 0.0117508586253 0.139826663544 0 588
SHORE 5.14 610 45.96875 0.0036951293722 0.395280995281
Q_MOMENTUM 5.14 610 0.0192401016663 2.67500046143 2.67597848044 0.466710714436 0.462801532332 1.78902865954 0.00314779443351
AMR_VOLUME_STAGE 5.14 610 0 40.526278369683027 -5.669520479659052e-09
AMR_VOLUME_STAGE 5.14 610 1 40.526278369683027 -5.669520479659052e-09
Q_CLEANUP 5.14 610 0 -0
AMR_VOLUME_STAGE 5.14 610 2 40.526278369683027 -5.669520479659052e-09
POSTADAPT_REPROJECT 5.14 610 73 8.76476709488e-09 7.96774979511e-13 1.39045441827e-11 2.74160953243e-05 1.99979020414e-07 0.0020854987881 0.0427571088881
AMR_VOLUME_STAGE 5.14 610 3 40.526278369683027 -5.669520479659052e-09
Q_MOMENTUM 5.15 611 0.0143648338611 2.68365721208 2.68639708693 0.466213251659 0.46285544755 1.74803776717 0.00315983797452
AMR_VOLUME_STAGE 5.15 611 0 40.526278369683027 -5.669520479659052e-09
AMR_VOLUME_STAGE 5.15 611 1 40.526278369683027 -5.669520479659052e-09
Q_CLEANUP 5.15 611 0 -0
AMR_VOLUME_STAGE 5.15 611 2 40.526278369683027 -5.669520479659052e-09
POSTADAPT_REPROJECT 5.15 611 94 8.8179078495e-09 4.52674656279e-13 8.68727312309e-12 2.73271886069e-05 2.21527103771e-07 0.00207471577362 0.0426203108159
AMR_VOLUME_STAGE 5.15 611 3 40.526278369683027 -5.669520479659052e-09
RUN 5.16 612 40.5262783697 0.404525101906
Q_RUN 5.16 612 40.526278369683027 -5.66951574578e-09 -0 0 1.66533453694e-16 5.46251547684e-18 9
Q_CUTCELL_CFL 5.16 612 0.0116657521374 0.0116657521374 0.138301193839 0 587
SHORE 5.16 612 45.96875 0.00365518641514 0.394855131824
Q_MOMENTUM 5.16 612 0.0158465389267 2.69582212404 2.69501674081 0.466261320464 0.462973568159 1.7538116837 0.00316976027251
AMR_VOLUME_STAGE 5.16 612 0 40.526278369683055 -5.6695197783435004e-09
AMR_VOLUME_STAGE 5.16 612 1 40.526278369683055 -5.6695197783435004e-09
Q_CLEANUP 5.16 612 0 -0
AMR_VOLUME_STAGE 5.16 612 2 40.526278369683055 -5.6695197783435004e-09
POSTADAPT_REPROJECT 5.16 612 46 6.16979367975e-09 6.35666037445e-13 1.15210063711e-11 3.07948752064e-05 2.21882038669e-07 0.0020332814537 0.0424909289833
AMR_VOLUME_STAGE 5.16 612 3 40.526278369683055 -5.6695197783435004e-09
Q_MOMENTUM 5.17 613 0.0218183120356 2.70479767441 2.7014548628 0.466510129822 0.462993708451 1.78288036392 0.00317792474304
AMR_VOLUME_STAGE 5.17 613 0 40.52627836968297 -5.6695218822901552e-09
AMR_VOLUME_STAGE 5.17 613 1 40.52627836968297 -5.6695218822901552e-09
Q_CLEANUP 5.17 613 0 -0
AMR_VOLUME_STAGE 5.17 613 2 40.52627836968297 -5.6695218822901552e-09
POSTADAPT_REPROJECT 5.17 613 72 7.39704126084e-09 4.27613389672e-13 6.93738816393e-12 2.93624209094e-05 2.22796861545e-07 0.00201591551832 0.0423588971618
AMR_VOLUME_STAGE 5.17 613 3 40.52627836968297 -5.6695218822901552e-09
RUN 5.18 614 40.5262783697 0.404892934221
Q_RUN 5.18 614 40.52627836968297 -5.66951714841e-09 -0 0 1.66533453694e-16 4.88060384208e-18 8
Q_CUTCELL_CFL 5.18 614 0.0115772927723 0.0115772927723 0.136668367993 0 587
SHORE 5.18 614 45.96875 0.00364330239555 0.394667186179
Q_MOMENTUM 5.18 614 0.0158433174462 2.71503161054 2.71613040304 0.466499799293 0.463028152884 1.75254266359 0.00319501047621
AMR_VOLUME_STAGE 5.18 614 0 40.526278369682998 -5.6695211809746036e-09
AMR_VOLUME_STAGE 5.18 614 1 40.526278369682998 -5.6695211809746036e-09
Q_CLEANUP 5.18 614 0 -0
AMR_VOLUME_STAGE 5.18 614 2 40.526278369682998 -5.6695211809746036e-09
POSTADAPT_REPROJECT 5.18 614 40 6.40900709101e-09 6.68683053536e-13 1.04337649631e-11 2.90048240023e-05 2.1360768308e-07 0.00201096194512 0.0422323473068
AMR_VOLUME_STAGE 5.18 614 3 40.526278369682998 -5.6695211809746036e-09
Q_MOMENTUM 5.19 615 0.0140704744116 2.72227961554 2.72558909125 0.466170664298 0.46304169073 1.75674363787 0.00320594473332
AMR_VOLUME_STAGE 5.19 615 0 40.526278369683176 -5.6695167977524067e-09
AMR_VOLUME_STAGE 5.19 615 1 40.526278369683176 -5.6695167977524067e-09
Q_CLEANUP 5.19 615 0 -0
AMR_VOLUME_STAGE 5.19 615 2 40.526278369683176 -5.6695167977524067e-09
POSTADAPT_REPROJECT 5.19 615 52 7.95165074495e-09 4.54185124532e-13 1.03002051333e-11 2.90034868317e-05 2.09670873568e-07 0.00200580831213 0.0421025123768
AMR_VOLUME_STAGE 5.19 615 3 40.526278369683176 -5.6695167977524067e-09
RUN 5.2 616 40.5262783697 0.403354087801
Q_RUN 5.2 616 40.526278369683176 -5.66951206387e-09 -0 0 1.66533453694e-16 5.89534931289e-18 10
Q_CUTCELL_CFL 5.2 616 0.0114941217792 0.0114941217792 0.135039266307 0 587
SHORE 5.2 616 45.96875 0.00364180341466 0.394209722149
Q_MOMENTUM 5.2 616 0.0166738338965 2.73416908544 2.73322152579 0.466166012479 0.463098337217 1.78726227299 0.00321472455612
AMR_VOLUME_STAGE 5.2 616 0 40.526278369683055 -5.6695197783435004e-09
AMR_VOLUME_STAGE 5.2 616 1 40.526278369683055 -5.6695197783435004e-09
Q_CLEANUP 5.2 616 0 -0
AMR_VOLUME_STAGE 5.2 616 2 40.526278369683055 -5.6695197783435004e-09
POSTADAPT_REPROJECT 5.2 616 55 9.84631593302e-09 5.75080365307e-13 1.18567378138e-11 2.91792753191e-05 2.10900935941e-07 0.00200207117958 0.0419800491094
AMR_VOLUME_STAGE 5.2 616 3 40.526278369683055 -5.6695197783435004e-09
Q_MOMENTUM 5.21 617 0.0166050450647 2.74477477724 2.73831358451 0.466509175412 0.463111189384 1.76142502239 0.0032212385039
AMR_VOLUME_STAGE 5.21 617 0 40.526278369683155 -5.6695173237390699e-09
AMR_VOLUME_STAGE 5.21 617 1 40.526278369683155 -5.6695173237390699e-09
Q_CLEANUP 5.21 617 0 -0
AMR_VOLUME_STAGE 5.21 617 2 40.526278369683155 -5.6695173237390699e-09
POSTADAPT_REPROJECT 5.21 617 83 7.7250591058e-09 6.51768164118e-13 1.5850432078e-11 3.23213374221e-05 2.02878152865e-07 0.0019989638668 0.0418531924978
AMR_VOLUME_STAGE 5.21 617 3 40.526278369683155 -5.6695173237390699e-09
RUN 5.22 618 40.5262783697 0.40364911994
Q_RUN 5.22 618 40.526278369683155 -5.66951258986e-09 -0 0 1.66533453694e-16 5.96311194867e-18 8
Q_CUTCELL_CFL 5.22 618 0.0114270557787 0.0114270557787 0.13356908385 0 586
SHORE 5.22 618 45.96875 0.00363874379532 0.393451855514
Q_MOMENTUM 5.22 618 0.015489090466 2.75377241885 2.75297084491 0.466482694137 0.463149121358 1.76375499099 0.00323829661726
AMR_VOLUME_STAGE 5.22 618 0 40.526278369683155 -5.6695173237390699e-09
AMR_VOLUME_STAGE 5.22 618 1 40.526278369683155 -5.6695173237390699e-09
Q_CLEANUP 5.22 618 0 -0
AMR_VOLUME_STAGE 5.22 618 2 40.526278369683155 -5.6695173237390699e-09
POSTADAPT_REPROJECT 5.22 618 96 9.62706725568e-09 8.78481345758e-13 1.97344363073e-11 3.39484908291e-05 2.04474217208e-07 0.00200486438264 0.0417333855651
AMR_VOLUME_STAGE 5.22 618 3 40.526278369683155 -5.6695173237390699e-09
Q_MOMENTUM 5.23 619 0.0146698317645 2.75823770935 2.76318316176 0.466332879208 0.46307809717 1.7898881391 0.0032501271739
AMR_VOLUME_STAGE 5.23 619 0 40.526278369683247 -5.6695150444635277e-09
AMR_VOLUME_STAGE 5.23 619 1 40.526278369683247 -5.6695150444635277e-09
Q_CLEANUP 5.23 619 0 -0
AMR_VOLUME_STAGE 5.23 619 2 40.526278369683247 -5.6695150444635277e-09
WARNING: convergence for p not reached after 100 iterations
  res: 3.78417e-08 sum: -0.0224058 nrelax: 10
POSTADAPT_REPROJECT 5.23 619 100 3.78417131382e-08 3.05174465037e-12 6.95781210425e-11 2.43347356312e-05 1.90994096328e-07 0.00199270605389 0.0416088011833
AMR_VOLUME_STAGE 5.23 619 3 40.526278369683247 -5.6695150444635277e-09
RUN 5.24 620 40.5262783697 0.403954471143
Q_RUN 5.24 620 40.526278369683247 -5.66951031058e-09 -0 0 1.66533453694e-16 1.01101852584e-17 14
Q_CUTCELL_CFL 5.24 620 0.0113406478897 0.0113406478897 0.131851233243 0 585
SHORE 5.24 620 45.96875 0.00364712578148 0.392682430682
Q_MOMENTUM 5.24 620 0.0180854683224 2.77140834912 2.77183737219 0.466921002991 0.463072874461 1.76960849442 0.00326012435894
AMR_VOLUME_STAGE 5.24 620 0 40.526278369683389 -5.669511537885769e-09
AMR_VOLUME_STAGE 5.24 620 1 40.526278369683389 -5.669511537885769e-09
Q_CLEANUP 5.24 620 0 -0
AMR_VOLUME_STAGE 5.24 620 2 40.526278369683389 -5.669511537885769e-09
WARNING: convergence for p not reached after 100 iterations
  res: 3.27002e-07 sum: -0.0172077 nrelax: 11
POSTADAPT_REPROJECT 5.24 620 100 3.27002397504e-07 1.92518451715e-11 4.87816453898e-10 2.59009501969e-05 1.93653044772e-07 0.00198559788316 0.0414902731554
AMR_VOLUME_STAGE 5.24 620 3 40.526278369683389 -5.669511537885769e-09
Q_MOMENTUM 5.25 621 0.0165514338926 2.78295289843 2.77578653391 0.466466244086 0.463086338348 1.7678213625 0.00326457572584
AMR_VOLUME_STAGE 5.25 621 0 40.526278369684498 -5.6694841865792566e-09
AMR_VOLUME_STAGE 5.25 621 1 40.526278369684498 -5.6694841865792566e-09
Q_CLEANUP 5.25 621 0 -0
AMR_VOLUME_STAGE 5.25 621 2 40.526278369684498 -5.6694841865792566e-09
WARNING: convergence for p not reached after 100 iterations
  res: 3.32206e-08 sum: 0.0121792 nrelax: 14
POSTADAPT_REPROJECT 5.25 621 100 3.32205816585e-08 1.69811021848e-12 3.44386741347e-11 2.59927674759e-05 1.89450513416e-07 0.00198375171243 0.0413677251052
AMR_VOLUME_STAGE 5.25 621 3 40.526278369684498 -5.6694841865792566e-09
RUN 5.26 622 40.5262783697 0.404995016723
Q_RUN 5.26 622 40.526278369684498 -5.6694794527e-09 -0 0 1.66533453694e-16 7.75119850032e-18 12
Q_CUTCELL_CFL 5.26 622 0.0112834936687 0.0112834936687 0.130453344108 0 585
SHORE 5.26 622 45.96875 0.00362488787473 0.392622507418
Q_MOMENTUM 5.26 622 0.01546932263 2.79096501845 2.78870296893 0.466663392638 0.463139425405 1.77921263108 0.00328041090384
AMR_VOLUME_STAGE 5.26 622 0 40.526278369684626 -5.6694810306592745e-09
AMR_VOLUME_STAGE 5.26 622 1 40.526278369684626 -5.6694810306592745e-09
Q_CLEANUP 5.26 622 0 -0
AMR_VOLUME_STAGE 5.26 622 2 40.526278369684626 -5.6694810306592745e-09
WARNING: convergence for p not reached after 100 iterations
  res: 1.85966e-07 sum: -2.45323e-07 nrelax: 13
POSTADAPT_REPROJECT 5.26 622 100 1.85966001848e-07 9.08105456974e-12 1.84960935457e-10 2.47227162836e-05 1.77474799588e-07 0.00199607168304 0.0412506322252
AMR_VOLUME_STAGE 5.26 622 3 40.526278369684626 -5.6694810306592745e-09
Q_MOMENTUM 5.27 623 0.0153778990479 2.79222896946 2.79767869537 0.466734340407 0.463205047328 1.77355389529 0.0032908446806
AMR_VOLUME_STAGE 5.27 623 0 40.526278369685244 -5.6694657770460273e-09
AMR_VOLUME_STAGE 5.27 623 1 40.526278369685244 -5.6694657770460273e-09
Q_CLEANUP 5.27 623 0 -0
AMR_VOLUME_STAGE 5.27 623 2 40.526278369685244 -5.6694657770460273e-09
WARNING: convergence for p not reached after 100 iterations
  res: 4.99237e-08 sum: 0.00434606 nrelax: 14
POSTADAPT_REPROJECT 5.27 623 100 4.9923701001e-08 2.51432792439e-12 5.03337371782e-11 2.2255403086e-05 1.47164479996e-07 0.0019824749351 0.0411295853285
AMR_VOLUME_STAGE 5.27 623 3 40.526278369685244 -5.6694657770460273e-09
RUN 5.28 624 40.5262783697 0.404086990523
Q_RUN 5.28 624 40.526278369685244 -5.66946104317e-09 -0 0 1.66533453694e-16 4.44522890719e-18 8
Q_CUTCELL_CFL 5.28 624 0.0112072056368 0.0112072056368 0.128832134488 0 583
SHORE 5.28 624 45.96875 0.00363702410315 0.392212594245
Q_MOMENTUM 5.28 624 0.0173494535266 2.80589735083 2.80490439778 0.467064885497 0.463232833279 1.77411206418 0.00329924367705
AMR_VOLUME_STAGE 5.28 624 0 40.526278369685386 -5.6694622704682694e-09
AMR_VOLUME_STAGE 5.28 624 1 40.526278369685386 -5.6694622704682694e-09
Q_CLEANUP 5.28 624 0 -0
AMR_VOLUME_STAGE 5.28 624 2 40.526278369685386 -5.6694622704682694e-09
WARNING: convergence for p not reached after 100 iterations
  res: 7.66227e-08 sum: -2.47495e-07 nrelax: 14
POSTADAPT_REPROJECT 5.28 624 100 7.66226583164e-08 3.74410792452e-12 1.07325259791e-10 2.37995609782e-05 1.69169156448e-07 0.00198320253713 0.0410132765599
AMR_VOLUME_STAGE 5.28 624 3 40.526278369685386 -5.6694622704682694e-09
Q_MOMENTUM 5.29 625 0.017198414676 2.81803598661 2.80962898895 0.46678339161 0.463257404963 1.77203366575 0.00330533845135
AMR_VOLUME_STAGE 5.29 625 0 40.526278369685535 -5.6694585885616232e-09
AMR_VOLUME_STAGE 5.29 625 1 40.526278369685535 -5.6694585885616232e-09
Q_CLEANUP 5.29 625 0 -0
AMR_VOLUME_STAGE 5.29 625 2 40.526278369685535 -5.6694585885616232e-09
WARNING: convergence for p not reached after 100 iterations
  res: 3.98145e-08 sum: 0.050429 nrelax: 13
POSTADAPT_REPROJECT 5.29 625 100 3.98144567083e-08 2.39775522917e-12 6.37250252566e-11 2.80012920135e-05 1.60788656786e-07 0.00199713049679 0.0408933255299
AMR_VOLUME_STAGE 5.29 625 3 40.526278369685535 -5.6694585885616232e-09
RUN 5.3 626 40.5262783697 0.40711718708
Q_RUN 5.3 626 40.526278369685535 -5.66945385468e-09 -0 0 1.66533453694e-16 9.75781955237e-18 13
Q_CUTCELL_CFL 5.3 626 0.0111464766047 0.0111464766047 0.127391792375 0 581
SHORE 5.3 626 45.96875 0.00367045688698 0.39160992492
Q_MOMENTUM 5.3 626 0.0176777188474 2.82429981089 2.82575929534 0.467317547734 0.463342164225 1.76183602261 0.00332425960582
AMR_VOLUME_STAGE 5.3 626 0 40.526278369685656 -5.6694556079705286e-09
AMR_VOLUME_STAGE 5.3 626 1 40.526278369685656 -5.6694556079705286e-09
Q_CLEANUP 5.3 626 0 -0
AMR_VOLUME_STAGE 5.3 626 2 40.526278369685656 -5.6694556079705286e-09
POSTADAPT_REPROJECT 5.3 626 88 7.81527995958e-09 6.86737414033e-13 1.73352443511e-11 2.17303529893e-05 1.67305984507e-08 0.00201727056294 0.0407775528926
AMR_VOLUME_STAGE 5.3 626 3 40.526278369685656 -5.6694556079705286e-09
Q_MOMENTUM 5.31 627 0.0166189249568 2.83097958242 2.83491159254 0.467386362985 0.463416478584 1.73452346894 0.00333497580094
AMR_VOLUME_STAGE 5.31 627 0 40.526278369685699 -5.6694545559972012e-09
AMR_VOLUME_STAGE 5.31 627 1 40.526278369685699 -5.6694545559972012e-09
Q_CLEANUP 5.31 627 0 -0
AMR_VOLUME_STAGE 5.31 627 2 40.526278369685699 -5.6694545559972012e-09
POSTADAPT_REPROJECT 5.31 627 81 9.0998828028e-09 7.49299072765e-13 2.03790317954e-11 2.437294016e-05 1.51330274988e-07 0.00200584332928 0.0406573726406
AMR_VOLUME_STAGE 5.31 627 3 40.526278369685699 -5.6694545559972012e-09
RUN 5.32 628 40.5262783697 0.4043652459
Q_RUN 5.32 628 40.526278369685699 -5.66944982212e-09 -0 0 1.66533453694e-16 6.45100292629e-18 9
Q_CUTCELL_CFL 5.32 628 0.0110582192982 0.0110582192982 0.125639535369 0 580
SHORE 5.32 628 45.96875 0.00369389875935 0.390811610325
Q_MOMENTUM 5.32 628 0.019040779986 2.84656107304 2.84187015025 0.46772259729 0.463414692499 1.75052137923 0.00334312427932
AMR_VOLUME_STAGE 5.32 628 0 40.526278369685883 -5.6694499974461159e-09
AMR_VOLUME_STAGE 5.32 628 1 40.526278369685883 -5.6694499974461159e-09
Q_CLEANUP 5.32 628 0 -0
AMR_VOLUME_STAGE 5.32 628 2 40.526278369685883 -5.6694499974461159e-09
POSTADAPT_REPROJECT 5.32 628 77 9.04173726165e-09 6.50372732002e-13 1.89173121612e-11 2.25915134517e-05 1.97870255974e-07 0.0020691923991 0.0405429546848
AMR_VOLUME_STAGE 5.32 628 3 40.526278369685883 -5.6694499974461159e-09
Q_MOMENTUM 5.33 629 0.0208248586783 2.85712535682 2.84841568105 0.467143390024 0.463335973293 1.82088661526 0.00335106331058
AMR_VOLUME_STAGE 5.33 629 0 40.52627836968572 -5.6694540300105379e-09
AMR_VOLUME_STAGE 5.33 629 1 40.52627836968572 -5.6694540300105379e-09
Q_CLEANUP 5.33 629 0 -0
AMR_VOLUME_STAGE 5.33 629 2 40.52627836968572 -5.6694540300105379e-09
POSTADAPT_REPROJECT 5.33 629 81 8.78307815151e-09 4.72032598517e-13 1.51447743235e-11 2.68504856013e-05 1.28876534782e-07 0.00203588650067 0.0404229420612
AMR_VOLUME_STAGE 5.33 629 3 40.52627836968572 -5.6694540300105379e-09
RUN 5.34 630 40.5262783697 0.404846462599
Q_RUN 5.34 630 40.52627836968572 -5.66944929613e-09 -0 0 1.66533453694e-16 9.02767715184e-18 13
Q_CUTCELL_CFL 5.34 630 0.011001798733 0.011001798733 0.124274422902 0 580
SHORE 5.34 630 45.96875 0.00369249583086 0.390229398599
Q_MOMENTUM 5.34 630 0.0176558065519 2.86219883288 2.86493279425 0.467705087874 0.463411015779 1.7252677723 0.0033704741409
AMR_VOLUME_STAGE 5.34 630 0 40.526278369685919 -5.6694491208016769e-09
AMR_VOLUME_STAGE 5.34 630 1 40.526278369685919 -5.6694491208016769e-09
Q_CLEANUP 5.34 630 0 -0
AMR_VOLUME_STAGE 5.34 630 2 40.526278369685919 -5.6694491208016769e-09
POSTADAPT_REPROJECT 5.34 630 82 8.79985851092e-09 3.85853939481e-13 1.26314514404e-11 3.27473838667e-05 1.38653015277e-07 0.00205046329896 0.0403078570761
AMR_VOLUME_STAGE 5.34 630 3 40.526278369685919 -5.6694491208016769e-09
Q_MOMENTUM 5.35 631 0.0181924613353 2.86926089601 2.87468133548 0.467647422302 0.463501741128 1.74558447529 0.00338193294289
AMR_VOLUME_STAGE 5.35 631 0 40.526278369685912 -5.6694492961305644e-09
AMR_VOLUME_STAGE 5.35 631 1 40.526278369685912 -5.6694492961305644e-09
Q_CLEANUP 5.35 631 0 -0
AMR_VOLUME_STAGE 5.35 631 2 40.526278369685912 -5.6694492961305644e-09
POSTADAPT_REPROJECT 5.35 631 72 7.4202425656e-09 3.12790652717e-13 1.04849462446e-11 2.86716084153e-05 2.03409711763e-07 0.00201824221728 0.0401889531779
AMR_VOLUME_STAGE 5.35 631 3 40.526278369685912 -5.6694492961305644e-09
RUN 5.36 632 40.5262783697 0.403934769509
Q_RUN 5.36 632 40.526278369685912 -5.66944456225e-09 -0 0 1.66533453694e-16 1.07742590891e-17 17
Q_CUTCELL_CFL 5.36 632 0.0109033704877 0.0109033704877 0.122451936994 0 580
SHORE 5.36 632 45.96875 0.00369764327076 0.389787558135
Q_MOMENTUM 5.36 632 0.0200409078683 2.88573976677 2.88135028728 0.467833153006 0.463585227843 1.80530919541 0.00338977487005
AMR_VOLUME_STAGE 5.36 632 0 40.526278369685883 -5.6694499974461159e-09
AMR_VOLUME_STAGE 5.36 632 1 40.526278369685883 -5.6694499974461159e-09
Q_CLEANUP 5.36 632 0 -0
AMR_VOLUME_STAGE 5.36 632 2 40.526278369685883 -5.6694499974461159e-09
POSTADAPT_REPROJECT 5.36 632 20 4.58588443729e-09 2.40851841946e-12 4.34903224544e-11 3.00438330009e-05 2.04766295103e-07 0.00201886815376 0.0400747774951
AMR_VOLUME_STAGE 5.36 632 3 40.526278369685883 -5.6694499974461159e-09
Q_MOMENTUM 5.37 633 0.0184122331844 2.89633072386 2.87947098114 0.467932921196 0.463640398988 1.80140066339 0.0033876080636
AMR_VOLUME_STAGE 5.37 633 0 40.526278369685841 -5.6694510494194433e-09
AMR_VOLUME_STAGE 5.37 633 1 40.526278369685841 -5.6694510494194433e-09
Q_CLEANUP 5.37 633 0 -0
AMR_VOLUME_STAGE 5.37 633 2 40.526278369685841 -5.6694510494194433e-09
POSTADAPT_REPROJECT 5.37 633 18 3.02588856044e-09 1.28240645339e-12 7.35516161865e-12 3.0697489462e-05 2.02519044395e-07 0.00201826726941 0.0399560909824
AMR_VOLUME_STAGE 5.37 633 3 40.526278369685841 -5.6694510494194433e-09
RUN 5.38 634 40.5262783697 0.404922871879
Q_RUN 5.38 634 40.526278369685841 -5.66944631554e-09 -0 0 1.66533453694e-16 7.61652026171e-18 13
Q_CUTCELL_CFL 5.38 634 0.0108702831355 0.0108702831355 0.121449009531 0 579
SHORE 5.38 634 45.96875 0.00372276940738 0.389322679076
Q_MOMENTUM 5.38 634 0.0244178194914 2.89729205442 2.89467438263 0.467898363379 0.463777830626 1.72990943132 0.00340549219498
AMR_VOLUME_STAGE 5.38 634 0 40.526278369685826 -5.6694514000772191e-09
AMR_VOLUME_STAGE 5.38 634 1 40.526278369685826 -5.6694514000772191e-09
Q_CLEANUP 5.38 634 0 -0
AMR_VOLUME_STAGE 5.38 634 2 40.526278369685826 -5.6694514000772191e-09
POSTADAPT_REPROJECT 5.38 634 18 5.31884424742e-09 2.23008977651e-12 1.29683191269e-11 3.13925823408e-05 2.10183396267e-07 0.00202053563452 0.0398455724145
AMR_VOLUME_STAGE 5.38 634 3 40.526278369685826 -5.6694514000772191e-09
Q_MOMENTUM 5.39 635 0.0209006921122 2.89164325387 2.90329249005 0.467706167131 0.463887708788 1.80843027654 0.00341563290514
AMR_VOLUME_STAGE 5.39 635 0 40.526278369685421 -5.6694613938238295e-09
AMR_VOLUME_STAGE 5.39 635 1 40.526278369685421 -5.6694613938238295e-09
Q_CLEANUP 5.39 635 0 -0
AMR_VOLUME_STAGE 5.39 635 2 40.526278369685421 -5.6694613938238295e-09
POSTADAPT_REPROJECT 5.39 635 24 9.54324309667e-09 4.29782226047e-12 7.63394902847e-11 3.80924674878e-05 2.35838110851e-07 0.00202770977287 0.0397296038113
AMR_VOLUME_STAGE 5.39 635 3 40.526278369685421 -5.6694613938238295e-09
RUN 5.4 636 40.5262783697 0.406118187733
Q_RUN 5.4 636 40.526278369685421 -5.66945665994e-09 -0 0 1.66533453694e-16 7.94008684756e-18 13
Q_CUTCELL_CFL 5.4 636 0.0108001470516 0.0108001470516 0.120441531089 0 578
SHORE 5.4 636 45.96875 0.0037701180788 0.388709782969
Q_MOMENTUM 5.4 636 0.0219605543019 2.90787323181 2.90829466833 0.467914750689 0.463590787202 1.84667701054 0.00342151591331
AMR_VOLUME_STAGE 5.4 636 0 40.526278369685308 -5.6694641990860358e-09
AMR_VOLUME_STAGE 5.4 636 1 40.526278369685308 -5.6694641990860358e-09
Q_CLEANUP 5.4 636 0 -0
AMR_VOLUME_STAGE 5.4 636 2 40.526278369685308 -5.6694641990860358e-09
POSTADAPT_REPROJECT 5.4 636 69 8.9625090797e-09 1.10668740766e-12 2.00641725456e-11 3.53616545248e-05 2.30593860668e-07 0.00202908668726 0.0396186183062
AMR_VOLUME_STAGE 5.4 636 3 40.526278369685308 -5.6694641990860358e-09
Q_MOMENTUM 5.41 637 0.0216798346221 2.91541674022 2.8999700704 0.467308650743 0.463004133106 1.79147690827 0.00341171506591
AMR_VOLUME_STAGE 5.41 637 0 40.526278369685464 -5.6694603418505021e-09
AMR_VOLUME_STAGE 5.41 637 1 40.526278369685464 -5.6694603418505021e-09
Q_CLEANUP 5.41 637 0 -0
AMR_VOLUME_STAGE 5.41 637 2 40.526278369685464 -5.6694603418505021e-09
WARNING: convergence for p not reached after 100 iterations
  res: 8.38785e-08 sum: -0.040774 nrelax: 8
POSTADAPT_REPROJECT 5.41 637 100 8.38784590861e-08 8.24464714078e-12 2.33058461419e-10 3.57937841148e-05 2.2834142944e-07 0.00203091270157 0.0395076907382
AMR_VOLUME_STAGE 5.41 637 3 40.526278369685464 -5.6694603418505021e-09
RUN 5.42 638 40.5262783697 0.40565559576
Q_RUN 5.42 638 40.526278369685464 -5.66945560797e-09 -0 0 1.66533453694e-16 1.08293162306e-17 18
Q_CUTCELL_CFL 5.42 638 0.0107773442033 0.0107773442033 0.119994948459 0 578
SHORE 5.42 638 45.96875 0.00377582740623 0.388165930283
Q_MOMENTUM 5.42 638 0.020906780918 2.91338573253 2.90589302704 0.466643968913 0.462433912781 1.80857319204 0.00341867918981
AMR_VOLUME_STAGE 5.42 638 0 40.52627836968589 -5.6694498221172285e-09
AMR_VOLUME_STAGE 5.42 638 1 40.52627836968589 -5.6694498221172285e-09
Q_CLEANUP 5.42 638 0 -0
AMR_VOLUME_STAGE 5.42 638 2 40.52627836968589 -5.6694498221172285e-09
POSTADAPT_REPROJECT 5.42 638 94 9.66421546407e-09 5.77445719173e-13 1.87063697865e-11 3.59310696851e-05 2.11425097384e-07 0.00206134657203 0.0393994028749
AMR_VOLUME_STAGE 5.42 638 3 40.52627836968589 -5.6694498221172285e-09
Q_MOMENTUM 5.43 639 0.0210033666876 2.90564925309 2.91382445004 0.466086707359 0.462169696152 1.89997451708 0.00342801078185
AMR_VOLUME_STAGE 5.43 639 0 40.526278369685926 -5.6694489454727886e-09
AMR_VOLUME_STAGE 5.43 639 1 40.526278369685926 -5.6694489454727886e-09
Q_CLEANUP 5.43 639 0 -0
AMR_VOLUME_STAGE 5.43 639 2 40.526278369685926 -5.6694489454727886e-09
POSTADAPT_REPROJECT 5.43 639 96 9.75116986125e-09 5.70258359293e-13 1.70072844696e-11 3.80759833651e-05 3.02689513223e-07 0.00204216086456 0.0392903496701
AMR_VOLUME_STAGE 5.43 639 3 40.526278369685926 -5.6694489454727886e-09
RUN 5.44 640 40.5262783697 0.404833231871
Q_RUN 5.44 640 40.526278369685926 -5.66944421159e-09 -0 0 1.66533453694e-16 1.22514845491e-17 17
Q_CUTCELL_CFL 5.44 640 0.0107802862221 0.0107802862221 0.120155496482 0 578
SHORE 5.44 640 45.96875 0.00373925834808 0.387323386274
Q_MOMENTUM 5.44 640 0.0195938902527 2.91735551393 2.91778522393 0.46615564408 0.462009896778 1.82341400991 0.00343267798521
AMR_VOLUME_STAGE 5.44 640 0 40.526278369685983 -5.6694475428416854e-09
AMR_VOLUME_STAGE 5.44 640 1 40.526278369685983 -5.6694475428416854e-09
Q_CLEANUP 5.44 640 0 -0
AMR_VOLUME_STAGE 5.44 640 2 40.526278369685983 -5.6694475428416854e-09
POSTADAPT_REPROJECT 5.44 640 78 7.7588186406e-09 4.74295808724e-13 1.36481936863e-11 3.90597719314e-05 2.69647472611e-07 0.00204331616265 0.0391854058956
AMR_VOLUME_STAGE 5.44 640 3 40.526278369685983 -5.6694475428416854e-09
Q_MOMENTUM 5.45 641 0.0205610640787 2.92346296925 2.90965556762 0.465629054127 0.461773386294 1.79872577681 0.00342312213644
AMR_VOLUME_STAGE 5.45 641 0 40.526278369685912 -5.6694492961305644e-09
AMR_VOLUME_STAGE 5.45 641 1 40.526278369685912 -5.6694492961305644e-09
Q_CLEANUP 5.45 641 0 -0
AMR_VOLUME_STAGE 5.45 641 2 40.526278369685912 -5.6694492961305644e-09
POSTADAPT_REPROJECT 5.45 641 81 7.65289567584e-09 7.26594889912e-13 2.04734007525e-11 3.95245124269e-05 2.72251692397e-07 0.00204602008194 0.0390793077254
AMR_VOLUME_STAGE 5.45 641 3 40.526278369685912 -5.6694492961305644e-09
RUN 5.46 642 40.5262783697 0.405815241505
Q_RUN 5.46 642 40.526278369685912 -5.66944456225e-09 -0 0 1.66533453694e-16 9.8086415292e-18 14
Q_CUTCELL_CFL 5.46 642 0.0107601682775 0.0107601682775 0.119813099274 0 576
SHORE 5.46 642 45.96875 0.0037333675377 0.386715241076
Q_MOMENTUM 5.46 642 0.0201050581344 2.92399371779 2.91801233743 0.465607194851 0.46150633444 1.86945117631 0.00343278895383
AMR_VOLUME_STAGE 5.46 642 0 40.526278369686032 -5.6694463155394706e-09
AMR_VOLUME_STAGE 5.46 642 1 40.526278369686032 -5.6694463155394706e-09
Q_CLEANUP 5.46 642 0 -0
AMR_VOLUME_STAGE 5.46 642 2 40.526278369686032 -5.6694463155394706e-09
POSTADAPT_REPROJECT 5.46 642 78 9.88478110203e-09 9.3120629199e-13 2.43218778451e-11 3.95800982425e-05 2.75697641928e-07 0.00205295413645 0.0389770407078
AMR_VOLUME_STAGE 5.46 642 3 40.526278369686032 -5.6694463155394706e-09
Q_MOMENTUM 5.47 643 0.0201967182138 2.91688936736 2.92521982387 0.465437768896 0.461317018735 1.88522420729 0.00344130333319
AMR_VOLUME_STAGE 5.47 643 0 40.526278369686075 -5.6694452635661432e-09
AMR_VOLUME_STAGE 5.47 643 1 40.526278369686075 -5.6694452635661432e-09
Q_CLEANUP 5.47 643 0 -0
AMR_VOLUME_STAGE 5.47 643 2 40.526278369686075 -5.6694452635661432e-09
POSTADAPT_REPROJECT 5.47 643 71 9.5515652692e-09 9.16109396271e-13 2.23447926828e-11 3.49668053632e-05 2.43739874043e-07 0.00206672095064 0.038871883704
AMR_VOLUME_STAGE 5.47 643 3 40.526278369686075 -5.6694452635661432e-09
RUN 5.48 644 40.5262783697 0.404868485891
Q_RUN 5.48 644 40.526278369686075 -5.66944052969e-09 -0 0 1.66533453694e-16 1.12070929251e-17 18
Q_CUTCELL_CFL 5.48 644 0.0107354131637 0.0107354131637 0.119445528355 0 575
SHORE 5.48 644 45.96875 0.0037328324927 0.386108038935
Q_MOMENTUM 5.48 644 0.0191100122797 2.92784208511 2.92802309235 0.465097888566 0.461118054715 1.79790611437 0.00344464388683
AMR_VOLUME_STAGE 5.48 644 0 40.526278369686189 -5.6694424583039361e-09
AMR_VOLUME_STAGE 5.48 644 1 40.526278369686189 -5.6694424583039361e-09
Q_CLEANUP 5.48 644 0 -0
AMR_VOLUME_STAGE 5.48 644 2 40.526278369686189 -5.6694424583039361e-09
POSTADAPT_REPROJECT 5.48 644 83 9.08098315592e-09 8.19085193492e-13 2.2419732737e-11 4.05603799474e-05 2.80699500281e-07 0.0020687265112 0.0387722475367
AMR_VOLUME_STAGE 5.48 644 3 40.526278369686189 -5.6694424583039361e-09
Q_MOMENTUM 5.49 645 0.0176852884995 2.93378973475 2.92073601212 0.464813507666 0.460995002552 1.78491509134 0.00343611295403
AMR_VOLUME_STAGE 5.49 645 0 40.526278369686167 -5.6694429842906002e-09
AMR_VOLUME_STAGE 5.49 645 1 40.526278369686167 -5.6694429842906002e-09
Q_CLEANUP 5.49 645 0 -0
AMR_VOLUME_STAGE 5.49 645 2 40.526278369686167 -5.6694429842906002e-09
POSTADAPT_REPROJECT 5.49 645 74 7.69460474046e-09 6.28823979103e-13 1.8957613257e-11 3.97322590156e-05 2.7836360611e-07 0.00207021797998 0.0387169107061
AMR_VOLUME_STAGE 5.49 645 3 40.526278369686167 -5.6694429842906002e-09
RUN 5.5 646 40.5262783697 0.405287382373
Q_RUN 5.5 646 40.526278369686167 -5.66943825041e-09 -0 0 1.66533453694e-16 8.86335234648e-18 14
Q_CUTCELL_CFL 5.5 646 0.0107236846297 0.0107236846297 0.119168417435 0 574
SHORE 5.5 646 45.96875 0.00373266762207 0.385552450075
Q_MOMENTUM 5.5 646 0.0190357092155 2.93372919545 2.92765047413 0.465009734856 0.460867817809 1.86556385628 0.0034438416349
AMR_VOLUME_STAGE 5.5 646 0 40.526278369686167 -5.6694429842906002e-09
AMR_VOLUME_STAGE 5.5 646 1 40.526278369686167 -5.6694429842906002e-09
Q_CLEANUP 5.5 646 0 -0
AMR_VOLUME_STAGE 5.5 646 2 40.526278369686167 -5.6694429842906002e-09
POSTADAPT_REPROJECT 5.5 646 74 8.66783648545e-09 7.28178045563e-13 2.39044339878e-11 4.06433577525e-05 2.77605136873e-07 0.00207673269443 0.0386151185665
AMR_VOLUME_STAGE 5.5 646 3 40.526278369686167 -5.6694429842906002e-09
Q_MOMENTUM 5.51 647 0.018444635286 2.92732918075 2.9365023629 0.464551107316 0.460723476177 1.85161567159 0.00345433665378
AMR_VOLUME_STAGE 5.51 647 0 40.526278369686167 -5.6694429842906002e-09
AMR_VOLUME_STAGE 5.51 647 1 40.526278369686167 -5.6694429842906002e-09
Q_CLEANUP 5.51 647 0 -0
AMR_VOLUME_STAGE 5.51 647 2 40.526278369686167 -5.6694429842906002e-09
POSTADAPT_REPROJECT 5.51 647 74 8.55519050214e-09 6.95683423508e-13 2.20357065928e-11 4.70062920638e-05 2.17828019588e-07 0.00213130407353 0.0384806197326
AMR_VOLUME_STAGE 5.51 647 3 40.526278369686167 -5.6694429842906002e-09
RUN 5.52 648 40.5262783697 0.405010983711
Q_RUN 5.52 648 40.526278369686167 -5.66943825041e-09 -0 0 1.66533453694e-16 1.58564567726e-17 26
Q_CUTCELL_CFL 5.52 648 0.0106799401413 0.0106799401413 0.118189821681 0 574
SHORE 5.52 648 45.96875 0.00373228449582 0.384730034705
Q_MOMENTUM 5.52 648 0.0189705472401 2.94156845861 2.94112399184 0.464530301301 0.460552191797 1.78879189176 0.00345986499459
AMR_VOLUME_STAGE 5.52 648 0 40.526278369686217 -5.6694417569883845e-09
AMR_VOLUME_STAGE 5.52 648 1 40.526278369686217 -5.6694417569883845e-09
Q_CLEANUP 5.52 648 0 -0
AMR_VOLUME_STAGE 5.52 648 2 40.526278369686217 -5.6694417569883845e-09
POSTADAPT_REPROJECT 5.52 648 78 9.45518233855e-09 7.63949898706e-13 2.23232543561e-11 4.85873254311e-05 2.60794240491e-07 0.00209675837272 0.0383485188693
AMR_VOLUME_STAGE 5.52 648 3 40.526278369686217 -5.6694417569883845e-09
Q_MOMENTUM 5.53 649 0.017779971772 2.9506893209 2.93415632407 0.464249108961 0.46031505525 1.8520676093 0.00345175228175
AMR_VOLUME_STAGE 5.53 649 0 40.526278369686302 -5.6694396530417298e-09
AMR_VOLUME_STAGE 5.53 649 1 40.526278369686302 -5.6694396530417298e-09
Q_CLEANUP 5.53 649 0 -0
AMR_VOLUME_STAGE 5.53 649 2 40.526278369686302 -5.6694396530417298e-09
POSTADAPT_REPROJECT 5.53 649 68 9.03544071614e-09 8.95242288355e-13 2.48278064774e-11 3.93901084779e-05 2.88794134777e-07 0.00206754146251 0.0382097611504
AMR_VOLUME_STAGE 5.53 649 3 40.526278369686302 -5.6694396530417298e-09
RUN 5.54 650 40.5262783697 0.404149678664
Q_RUN 5.54 650 40.526278369686302 -5.66943491916e-09 -0 0 1.66533453694e-16 7.59619147098e-18 11
Q_CUTCELL_CFL 5.54 650 0.0106596204865 0.0106596204865 0.1174955086 0 574
SHORE 5.54 650 45.96875 0.00373799395394 0.38389542534
Q_MOMENTUM 5.54 650 0.0176638816368 2.95028285758 2.94254207963 0.464040045484 0.460054176085 1.83053213039 0.00346113486623
AMR_VOLUME_STAGE 5.54 650 0 40.526278369686423 -5.669436672450636e-09
AMR_VOLUME_STAGE 5.54 650 1 40.526278369686423 -5.669436672450636e-09
Q_CLEANUP 5.54 650 0 -0
AMR_VOLUME_STAGE 5.54 650 2 40.526278369686423 -5.669436672450636e-09
POSTADAPT_REPROJECT 5.54 650 65 8.11630384983e-09 8.87508224814e-13 2.28712604411e-11 4.15499911831e-05 2.5350985028e-07 0.00207638652881 0.038079919026
AMR_VOLUME_STAGE 5.54 650 3 40.526278369686423 -5.669436672450636e-09
Q_MOMENTUM 5.55 651 0.0186372114801 2.94167493616 2.94953414105 0.463516952462 0.459766643503 1.79264710113 0.00346946689892
AMR_VOLUME_STAGE 5.55 651 0 40.526278369686459 -5.6694357958061961e-09
AMR_VOLUME_STAGE 5.55 651 1 40.526278369686459 -5.6694357958061961e-09
Q_CLEANUP 5.55 651 0 -0
AMR_VOLUME_STAGE 5.55 651 2 40.526278369686459 -5.6694357958061961e-09
POSTADAPT_REPROJECT 5.55 651 71 9.87683767864e-09 1.08323187542e-12 2.80701017985e-11 4.41908963584e-05 2.29020318596e-07 0.00208894721966 0.037946245593
AMR_VOLUME_STAGE 5.55 651 3 40.526278369686459 -5.6694357958061961e-09
RUN 5.56 652 40.5262783697 0.403617435274
Q_RUN 5.56 652 40.526278369686459 -5.66943106193e-09 -0 0 1.66533453694e-16 1.22883304823e-17 18
Q_CUTCELL_CFL 5.56 652 0.010626449353 0.010626449353 0.116616059647 0 574
SHORE 5.56 652 45.96875 0.00374100778125 0.383193338654
Q_MOMENTUM 5.56 652 0.0186561937136 2.9496288489 2.95302300797 0.463459884378 0.459461780295 1.80147979559 0.00347369682862
AMR_VOLUME_STAGE 5.56 652 0 40.526278369686487 -5.6694350944906445e-09
AMR_VOLUME_STAGE 5.56 652 1 40.526278369686487 -5.6694350944906445e-09
Q_CLEANUP 5.56 652 0 -0
AMR_VOLUME_STAGE 5.56 652 2 40.526278369686487 -5.6694350944906445e-09
POSTADAPT_REPROJECT 5.56 652 83 9.87733944676e-09 9.4325436642e-13 2.24416041306e-11 4.73771315367e-05 2.47957692264e-07 0.00210087187183 0.037822772863
AMR_VOLUME_STAGE 5.56 652 3 40.526278369686487 -5.6694350944906445e-09
Q_MOMENTUM 5.57 653 0.0178239045186 2.95692798084 2.94351976883 0.46308321257 0.459179120374 1.81962023511 0.00346262206569
AMR_VOLUME_STAGE 5.57 653 0 40.526278369686707 -5.6694296592951194e-09
AMR_VOLUME_STAGE 5.57 653 1 40.526278369686707 -5.6694296592951194e-09
Q_CLEANUP 5.57 653 0 -0
AMR_VOLUME_STAGE 5.57 653 2 40.526278369686707 -5.6694296592951194e-09
POSTADAPT_REPROJECT 5.57 653 75 7.84712428437e-09 6.84309668719e-13 1.6745715925e-11 3.61649576619e-05 2.74230120954e-07 0.00209874598588 0.0376960775882
AMR_VOLUME_STAGE 5.57 653 3 40.526278369686707 -5.6694296592951194e-09
RUN 5.58 654 40.5262783697 0.402982354999
Q_RUN 5.58 654 40.526278369686707 -5.66942492542e-09 -0 0 1.66533453694e-16 9.1615083575e-18 15
Q_CUTCELL_CFL 5.58 654 0.0106126169104 0.0106126169104 0.116035380069 0 575
SHORE 5.58 654 45.96875 0.00375116182645 0.38274946319
Q_MOMENTUM 5.58 654 0.0186179904354 2.95576914677 2.9414876073 0.462856463357 0.458944358354 1.77724508823 0.00345955421101
AMR_VOLUME_STAGE 5.58 654 0 40.526278369686615 -5.6694319385706624e-09
AMR_VOLUME_STAGE 5.58 654 1 40.526278369686615 -5.6694319385706624e-09
Q_CLEANUP 5.58 654 0 -0
AMR_VOLUME_STAGE 5.58 654 2 40.526278369686615 -5.6694319385706624e-09
POSTADAPT_REPROJECT 5.58 654 82 7.94992605685e-09 7.48133486629e-13 2.45334863536e-11 3.78496606906e-05 2.80349308817e-07 0.00210941675546 0.0375794500198
AMR_VOLUME_STAGE 5.58 654 3 40.526278369686615 -5.6694319385706624e-09
Q_MOMENTUM 5.59 655 0.018026385432 2.9475799691 2.95035504505 0.462459304902 0.4586680287 1.74615501557 0.003470132013
AMR_VOLUME_STAGE 5.59 655 0 40.526278369686679 -5.6694303606106709e-09
AMR_VOLUME_STAGE 5.59 655 1 40.526278369686679 -5.6694303606106709e-09
Q_CLEANUP 5.59 655 0 -0
AMR_VOLUME_STAGE 5.59 655 2 40.526278369686679 -5.6694303606106709e-09
POSTADAPT_REPROJECT 5.59 655 75 8.91011913405e-09 8.31627260264e-13 2.67135202847e-11 3.79235029804e-05 2.81333164497e-07 0.00212410483343 0.0379814993981
AMR_VOLUME_STAGE 5.59 655 3 40.526278369686679 -5.6694303606106709e-09
RUN 5.6 656 40.5262783697 0.402086194321
Q_RUN 5.6 656 40.526278369686679 -5.66942562673e-09 -0 0 1.66533453694e-16 1.2393812554e-17 19
Q_CUTCELL_CFL 5.6 656 0.0106203623673 0.0106203623673 0.115698476582 0 574
SHORE 5.6 656 45.96875 0.00375605007531 0.382043382482
Q_MOMENTUM 5.6 656 0.0180178726101 2.94698328462 2.95416489253 0.462396279113 0.458423922809 1.7832972641 0.00347479413138
AMR_VOLUME_STAGE 5.6 656 0 40.526278369686729 -5.6694291333084561e-09
AMR_VOLUME_STAGE 5.6 656 1 40.526278369686729 -5.6694291333084561e-09
Q_CLEANUP 5.6 656 0 -0
AMR_VOLUME_STAGE 5.6 656 2 40.526278369686729 -5.6694291333084561e-09
POSTADAPT_REPROJECT 5.6 656 75 9.06338461755e-09 8.441913991e-13 2.62381227856e-11 4.383759936e-05 2.88353626174e-07 0.00214149020651 0.0384732219558
AMR_VOLUME_STAGE 5.6 656 3 40.526278369686729 -5.6694291333084561e-09
Q_MOMENTUM 5.61 657 0.0188101744968 2.95358054108 2.94527475025 0.461988621054 0.458164178609 1.78625254723 0.00346450299691
AMR_VOLUME_STAGE 5.61 657 0 40.526278369686651 -5.6694310619262225e-09
AMR_VOLUME_STAGE 5.61 657 1 40.526278369686651 -5.6694310619262225e-09
Q_CLEANUP 5.61 657 0 -0
AMR_VOLUME_STAGE 5.61 657 2 40.526278369686651 -5.6694310619262225e-09
POSTADAPT_REPROJECT 5.61 657 82 7.62937787389e-09 6.96126386361e-13 2.11288764262e-11 5.86507740694e-05 3.42017647366e-07 0.00213659029118 0.0372343670442
AMR_VOLUME_STAGE 5.61 657 3 40.526278369686651 -5.6694310619262225e-09
RUN 5.62 658 40.5262783697 0.40111928685
Q_RUN 5.62 658 40.526278369686651 -5.66942632805e-09 -0 0 1.66533453694e-16 1.19533289517e-17 17
Q_CUTCELL_CFL 5.62 658 0.0106204318536 0.0106204318536 0.11521086397 0 572
SHORE 5.62 658 45.96875 0.00376030952603 0.381305432288
Q_MOMENTUM 5.62 658 0.019148705823 2.95456700548 2.93387672445 0.461869948294 0.457967602508 1.72602507383 0.00345123686191
AMR_VOLUME_STAGE 5.62 658 0 40.526278369686807 -5.6694272046906888e-09
AMR_VOLUME_STAGE 5.62 658 1 40.526278369686807 -5.6694272046906888e-09
Q_CLEANUP 5.62 658 0 -0
AMR_VOLUME_STAGE 5.62 658 2 40.526278369686807 -5.6694272046906888e-09
POSTADAPT_REPROJECT 5.62 658 74 9.89104226238e-09 9.15827480169e-13 2.696065593e-11 3.27918646371e-05 3.1980879369e-07 0.00214033625341 0.0371295092473
AMR_VOLUME_STAGE 5.62 658 3 40.526278369686807 -5.6694272046906888e-09
Q_MOMENTUM 5.63 659 0.0186141497666 2.94876657232 2.94541181515 0.461644008304 0.457720720025 1.7973870719 0.00346399945811
AMR_VOLUME_STAGE 5.63 659 0 40.526278369686828 -5.6694266787040256e-09
AMR_VOLUME_STAGE 5.63 659 1 40.526278369686828 -5.6694266787040256e-09
Q_CLEANUP 5.63 659 0 -0
AMR_VOLUME_STAGE 5.63 659 2 40.526278369686828 -5.6694266787040256e-09
POSTADAPT_REPROJECT 5.63 659 78 9.02912152324e-09 8.61996748156e-13 2.33322805521e-11 2.11550123799e-05 3.43483725582e-07 0.00221622051406 0.0375663833898
AMR_VOLUME_STAGE 5.63 659 3 40.526278369686828 -5.6694266787040256e-09
RUN 5.64 660 40.5262783697 0.400355529731
Q_RUN 5.64 660 40.526278369686828 -5.66942194482e-09 -0 0 1.66533453694e-16 5.58957041893e-18 13
Q_CUTCELL_CFL 5.64 660 0.0106294956483 0.0106294956483 0.11479997333 0 575
SHORE 5.64 660 45.96875 0.00376709599977 0.382545489357
Q_MOMENTUM 5.64 660 0.0188510181842 2.9380609865 2.95055891243 0.461601181717 0.457538018496 1.82562703589 0.00347027241505
AMR_VOLUME_STAGE 5.64 660 0 40.526278369686871 -5.6694256267306982e-09
AMR_VOLUME_STAGE 5.64 660 1 40.526278369686871 -5.6694256267306982e-09
Q_CLEANUP 5.64 660 0 -0
AMR_VOLUME_STAGE 5.64 660 2 40.526278369686871 -5.6694256267306982e-09
WARNING: convergence for p not reached after 100 iterations
  res: 2.87495e-07 sum: -6.87845e-08 nrelax: 11
POSTADAPT_REPROJECT 5.64 660 100 2.8749546765e-07 1.6748406759e-11 5.80579584408e-10 2.28440297694e-05 3.38651644482e-07 0.0022046678389 0.038202541788
AMR_VOLUME_STAGE 5.64 660 3 40.526278369686871 -5.6694256267306982e-09
Q_MOMENTUM 5.65 661 0.0192093840063 2.94594643075 2.94315653254 0.461183477838 0.457384260017 1.7220006306 0.00346176965004
AMR_VOLUME_STAGE 5.65 661 0 40.526278369686153 -5.669443334948376e-09
AMR_VOLUME_STAGE 5.65 661 1 40.526278369686153 -5.669443334948376e-09
Q_CLEANUP 5.65 661 0 -0
AMR_VOLUME_STAGE 5.65 661 2 40.526278369686153 -5.669443334948376e-09
POSTADAPT_REPROJECT 5.65 661 99 9.3119622587e-09 4.85418599695e-13 1.74549263932e-11 2.19314521196e-05 3.22905235876e-07 0.00221975167885 0.0387934223972
AMR_VOLUME_STAGE 5.65 661 3 40.526278369686153 -5.669443334948376e-09
RUN 5.66 662 40.5262783697 0.398707391985
Q_RUN 5.66 662 40.526278369686153 -5.66943860107e-09 -0 0 1.66533453694e-16 1.46502818557e-17 20
Q_CUTCELL_CFL 5.66 662 0.0106313669285 0.0106313669285 0.114250787332 0 574
SHORE 5.66 662 45.96875 0.00377663646806 0.381732449705
Q_MOMENTUM 5.66 662 0.0188008732365 2.94919392876 2.93224807796 0.461164347137 0.457126431411 1.7782688814 0.00344910620835
AMR_VOLUME_STAGE 5.66 662 0 40.526278369686175 -5.6694428089617119e-09
AMR_VOLUME_STAGE 5.66 662 1 40.526278369686175 -5.6694428089617119e-09
Q_CLEANUP 5.66 662 0 -0
AMR_VOLUME_STAGE 5.66 662 2 40.526278369686175 -5.6694428089617119e-09
POSTADAPT_REPROJECT 5.66 662 88 7.76997390475e-09 3.7570421802e-13 1.36335387424e-11 5.3793408788e-07 3.08433125184e-07 0.00226027337561 0.0393648668888
AMR_VOLUME_STAGE 5.66 662 3 40.526278369686175 -5.6694428089617119e-09
Q_MOMENTUM 5.67 663 0.0191683335169 2.9438301972 2.93454247237 0.460750920526 0.456815837307 1.81787233942 0.00345068626053
AMR_VOLUME_STAGE 5.67 663 0 40.526278369686011 -5.6694468415261338e-09
AMR_VOLUME_STAGE 5.67 663 1 40.526278369686011 -5.6694468415261338e-09
Q_CLEANUP 5.67 663 0 -0
AMR_VOLUME_STAGE 5.67 663 2 40.526278369686011 -5.6694468415261338e-09
POSTADAPT_REPROJECT 5.67 663 75 8.36067660387e-09 7.9036478227e-13 2.36979325052e-11 2.03825655489e-05 3.68870142543e-07 0.00227776552464 0.0399015337157
AMR_VOLUME_STAGE 5.67 663 3 40.526278369686011 -5.6694468415261338e-09
RUN 5.68 664 40.5262783697 0.39806861869
Q_RUN 5.68 664 40.526278369686011 -5.66944210765e-09 -0 0 1.66533453694e-16 1.41208862637e-17 20
Q_CUTCELL_CFL 5.68 664 0.0106426901593 0.0106426901593 0.113897754866 0 574
SHORE 5.68 664 45.96875 0.0037816808434 0.380801045518
Q_MOMENTUM 5.68 664 0.0194024064052 2.93253036654 2.94112275017 0.460425635718 0.456568045339 1.6970099131 0.00345867182838
AMR_VOLUME_STAGE 5.68 664 0 40.526278369686018 -5.6694466661972464e-09
AMR_VOLUME_STAGE 5.68 664 1 40.526278369686018 -5.6694466661972464e-09
Q_CLEANUP 5.68 664 0 -0
AMR_VOLUME_STAGE 5.68 664 2 40.526278369686018 -5.6694466661972464e-09
POSTADAPT_REPROJECT 5.68 664 74 9.89047043576e-09 9.19138940137e-13 2.73333439216e-11 5.13598502122e-06 3.47472699062e-07 0.00219409112014 0.0374455167247
AMR_VOLUME_STAGE 5.68 664 3 40.526278369686018 -5.6694466661972464e-09
Q_MOMENTUM 5.69 665 0.01880712855 2.93661230284 2.93646283993 0.460199689741 0.456295331209 1.74113152639 0.0034534076018
AMR_VOLUME_STAGE 5.69 665 0 40.52627836968626 -5.6694407050150571e-09
AMR_VOLUME_STAGE 5.69 665 1 40.52627836968626 -5.6694407050150571e-09
Q_CLEANUP 5.69 665 0 -0
AMR_VOLUME_STAGE 5.69 665 2 40.52627836968626 -5.6694407050150571e-09
POSTADAPT_REPROJECT 5.69 665 75 7.76607969964e-09 7.18600239457e-13 2.16796580688e-11 1.98333599942e-05 3.3286541132e-07 0.00223289958437 0.0395457856455
AMR_VOLUME_STAGE 5.69 665 3 40.52627836968626 -5.6694407050150571e-09
RUN 5.7 666 40.5262783697 0.397611200003
Q_RUN 5.7 666 40.52627836968626 -5.66943597114e-09 -0 0 1.66533453694e-16 1.30104260698e-17 15
Q_CUTCELL_CFL 5.7 666 0.0106480267467 0.0106480267467 0.113481669927 0 572
SHORE 5.7 666 45.96875 0.00379632293241 0.379785327301
Q_MOMENTUM 5.7 666 0.019622108893 2.9427042799 2.92704938113 0.460002131698 0.456081163689 1.79918814244 0.00344252927064
AMR_VOLUME_STAGE 5.7 666 0 40.526278369686239 -5.6694412310017212e-09
AMR_VOLUME_STAGE 5.7 666 1 40.526278369686239 -5.6694412310017212e-09
Q_CLEANUP 5.7 666 0 -0
AMR_VOLUME_STAGE 5.7 666 2 40.526278369686239 -5.6694412310017212e-09
POSTADAPT_REPROJECT 5.7 666 32 7.1572520895e-09 1.05113911292e-12 2.17539319891e-11 1.06576266515e-05 3.20207221275e-07 0.00223134890717 0.0442367651061
AMR_VOLUME_STAGE 5.7 666 3 40.526278369686239 -5.6694412310017212e-09
Q_MOMENTUM 5.71 667 0.019650985569 2.93850015687 2.9239044948 0.459597890053 0.4558396136 1.69812625747 0.00343774483497
AMR_VOLUME_STAGE 5.71 667 0 40.526278369686239 -5.6694412310017212e-09
AMR_VOLUME_STAGE 5.71 667 1 40.526278369686239 -5.6694412310017212e-09
Q_CLEANUP 5.71 667 0 -0
AMR_VOLUME_STAGE 5.71 667 2 40.526278369686239 -5.6694412310017212e-09
POSTADAPT_REPROJECT 5.71 667 19 5.2136956317e-09 2.77587365401e-12 5.59325918914e-11 1.02201846688e-05 4.1005286144e-07 0.0022578146576 0.0439534534986
AMR_VOLUME_STAGE 5.71 667 3 40.526278369686239 -5.6694412310017212e-09
RUN 5.72 668 40.5262783697 0.397913731166
Q_RUN 5.72 668 40.526278369686239 -5.66943649712e-09 -0 0 1.66533453694e-16 7.3259879608e-18 13
Q_CUTCELL_CFL 5.72 668 0.0106602316077 0.0106602316077 0.113144105672 0 570
SHORE 5.72 668 45.96875 0.0037953391269 0.378772336666
Q_MOMENTUM 5.72 668 0.0197069101566 2.9285664684 2.93222844914 0.459453741242 0.455569417175 1.71145032722 0.00344774247439
AMR_VOLUME_STAGE 5.72 668 0 40.526278369686167 -5.6694429842906002e-09
AMR_VOLUME_STAGE 5.72 668 1 40.526278369686167 -5.6694429842906002e-09
Q_CLEANUP 5.72 668 0 -0
AMR_VOLUME_STAGE 5.72 668 2 40.526278369686167 -5.6694429842906002e-09
POSTADAPT_REPROJECT 5.72 668 18 3.11610389564e-09 1.21623632102e-12 7.33919869322e-12 1.82245008497e-05 2.89891698196e-07 0.00225588156546 0.0460153214848
AMR_VOLUME_STAGE 5.72 668 3 40.526278369686167 -5.6694429842906002e-09
Q_MOMENTUM 5.73 669 0.0193294788578 2.92269505486 2.92733042335 0.458979833396 0.455219116788 1.78420598515 0.00344217392624
AMR_VOLUME_STAGE 5.73 669 0 40.526278369685919 -5.6694491208016769e-09
AMR_VOLUME_STAGE 5.73 669 1 40.526278369685919 -5.6694491208016769e-09
Q_CLEANUP 5.73 669 0 -0
AMR_VOLUME_STAGE 5.73 669 2 40.526278369685919 -5.6694491208016769e-09
POSTADAPT_REPROJECT 5.73 669 17 5.83181760186e-09 2.09945440719e-12 1.25783446159e-11 1.89768104238e-05 3.15646295111e-07 0.00226392030313 0.045436475287
AMR_VOLUME_STAGE 5.73 669 3 40.526278369685919 -5.6694491208016769e-09
RUN 5.74 670 40.5262783697 0.396894782932
Q_RUN 5.74 670 40.526278369685919 -5.66944438692e-09 -0 0 1.66533453694e-16 1.04286696466e-17 17
Q_CUTCELL_CFL 5.74 670 0.0106672207164 0.0106672207164 0.112697684959 0 570
SHORE 5.74 670 45.96875 0.00382429116887 0.377664385744
Q_MOMENTUM 5.74 670 0.0193640848411 2.92864387985 2.91875145738 0.458622616712 0.454891903307 1.6830166516 0.00343233376613
AMR_VOLUME_STAGE 5.74 670 0 40.526278369686295 -5.6694398283706181e-09
AMR_VOLUME_STAGE 5.74 670 1 40.526278369686295 -5.6694398283706181e-09
Q_CLEANUP 5.74 670 0 -0
AMR_VOLUME_STAGE 5.74 670 2 40.526278369686295 -5.6694398283706181e-09
POSTADAPT_REPROJECT 5.74 670 20 5.43683748705e-09 2.07468661975e-12 1.37455706539e-11 1.80889327268e-05 3.05720915901e-07 0.00225778649994 0.0516646776146
AMR_VOLUME_STAGE 5.74 670 3 40.526278369686295 -5.6694398283706181e-09
Q_MOMENTUM 5.75 671 0.0184299070604 2.92552112964 2.9026001881 0.458270375503 0.454557633157 1.69141049573 0.00341213834307
AMR_VOLUME_STAGE 5.75 671 0 40.52627836968604 -5.6694461402105823e-09
AMR_VOLUME_STAGE 5.75 671 1 40.52627836968604 -5.6694461402105823e-09
Q_CLEANUP 5.75 671 0 -0
AMR_VOLUME_STAGE 5.75 671 2 40.52627836968604 -5.6694461402105823e-09
POSTADAPT_REPROJECT 5.75 671 26 5.41382984073e-09 1.58562320928e-12 2.32314861792e-11 1.84214889725e-05 3.24008982989e-07 0.00228305372374 0.0522780701802
AMR_VOLUME_STAGE 5.75 671 3 40.52627836968604 -5.6694461402105823e-09
RUN 5.76 672 40.5262783697 0.395901178584
Q_RUN 5.76 672 40.52627836968604 -5.66944140633e-09 -0 0 1.66533453694e-16 1.05445014021e-17 14
Q_CUTCELL_CFL 5.76 672 0.0106846301635 0.0106846301635 0.112376719605 0 571
SHORE 5.76 672 45.96875 0.00385122142614 0.376918361029
Q_MOMENTUM 5.76 672 0.0186804373084 2.91705732654 2.91213524594 0.458030811555 0.454206407191 1.76429528274 0.00342352726995
AMR_VOLUME_STAGE 5.76 672 0 40.526278369686054 -5.6694457895528065e-09
AMR_VOLUME_STAGE 5.76 672 1 40.526278369686054 -5.6694457895528065e-09
Q_CLEANUP 5.76 672 0 -0
AMR_VOLUME_STAGE 5.76 672 2 40.526278369686054 -5.6694457895528065e-09
POSTADAPT_REPROJECT 5.76 672 91 9.05645909572e-09 1.04724885083e-12 2.58042476275e-11 1.93651842127e-05 3.37145603241e-07 0.00229889448804 0.0540029139383
AMR_VOLUME_STAGE 5.76 672 3 40.526278369686054 -5.6694457895528065e-09
Q_MOMENTUM 5.77 673 0.0196587138585 2.901433172 2.91163888664 0.457403546772 0.453840466298 1.67631857653 0.00342312884808
AMR_VOLUME_STAGE 5.77 673 0 40.526278369686011 -5.6694468415261338e-09
AMR_VOLUME_STAGE 5.77 673 1 40.526278369686011 -5.6694468415261338e-09
Q_CLEANUP 5.77 673 0 -0
AMR_VOLUME_STAGE 5.77 673 2 40.526278369686011 -5.6694468415261338e-09
POSTADAPT_REPROJECT 5.77 673 91 8.34641539335e-09 9.75901377621e-13 2.37498909428e-11 2.55277556221e-05 3.39221950625e-07 0.00232389464463 0.0558660211171
AMR_VOLUME_STAGE 5.77 673 3 40.526278369686011 -5.6694468415261338e-09
RUN 5.78 674 40.5262783697 0.395318266362
Q_RUN 5.78 674 40.526278369686011 -5.66944210765e-09 -0 0 1.66533453694e-16 8.66006485273e-18 17
Q_CUTCELL_CFL 5.78 674 0.0106990729506 0.0106990729506 0.11200958131 0 571
SHORE 5.78 674 45.96875 0.00385930096208 0.378729910014
Q_MOMENTUM 5.78 674 0.0180896453009 2.91122019406 2.90651924368 0.457370785282 0.453481039754 1.65645912933 0.00341734226471
AMR_VOLUME_STAGE 5.78 674 0 40.526278369686054 -5.6694457895528065e-09
AMR_VOLUME_STAGE 5.78 674 1 40.526278369686054 -5.6694457895528065e-09
Q_CLEANUP 5.78 674 0 -0
AMR_VOLUME_STAGE 5.78 674 2 40.526278369686054 -5.6694457895528065e-09
POSTADAPT_REPROJECT 5.78 674 82 8.42730628642e-09 9.7379698508e-13 2.41429098935e-11 2.84125833143e-05 3.15482585814e-07 0.00232365047634 0.0561175718819
AMR_VOLUME_STAGE 5.78 674 3 40.526278369686054 -5.6694457895528065e-09
Q_MOMENTUM 5.79 675 0.0184711793802 2.91036734489 2.89172471375 0.456756929688 0.453097690349 1.72162949617 0.00340025663235
AMR_VOLUME_STAGE 5.79 675 0 40.526278369686267 -5.6694405296861696e-09
AMR_VOLUME_STAGE 5.79 675 1 40.526278369686267 -5.6694405296861696e-09
Q_CLEANUP 5.79 675 0 -0
AMR_VOLUME_STAGE 5.79 675 2 40.526278369686267 -5.6694405296861696e-09
POSTADAPT_REPROJECT 5.79 675 74 9.61904044437e-09 1.07147225679e-12 2.74875677775e-11 2.7220905658e-05 3.52880214895e-07 0.00229293831638 0.0488562382923
AMR_VOLUME_STAGE 5.79 675 3 40.526278369686267 -5.6694405296861696e-09
RUN 5.8 676 40.5262783697 0.393755879468
Q_RUN 5.8 676 40.526278369686267 -5.66943579581e-09 -0 0 1.66533453694e-16 1.31188462871e-17 18
Q_CUTCELL_CFL 5.8 676 0.0107178654074 0.0107178654074 0.11170230608 0 568
SHORE 5.8 676 45.96875 0.00386260789638 0.380542533527
Q_MOMENTUM 5.8 676 0.0188589006818 2.90657684159 2.89289861604 0.456421787802 0.452764715736 1.66261115264 0.0034001912494
AMR_VOLUME_STAGE 5.8 676 0 40.526278369686274 -5.6694403543572813e-09
AMR_VOLUME_STAGE 5.8 676 1 40.526278369686274 -5.6694403543572813e-09
Q_CLEANUP 5.8 676 0 -0
AMR_VOLUME_STAGE 5.8 676 2 40.526278369686274 -5.6694403543572813e-09
POSTADAPT_REPROJECT 5.8 676 77 8.07007230033e-09 8.7244656231e-13 2.06701322725e-11 3.05359957408e-05 3.71657523147e-07 0.00229444575975 0.0567351665941
AMR_VOLUME_STAGE 5.8 676 3 40.526278369686274 -5.6694403543572813e-09
Q_MOMENTUM 5.81 677 0.0180661417124 2.89373953253 2.89567687301 0.456082672618 0.452456731744 1.65528727873 0.00340360522722
AMR_VOLUME_STAGE 5.81 677 0 40.526278369686352 -5.6694384257395149e-09
AMR_VOLUME_STAGE 5.81 677 1 40.526278369686352 -5.6694384257395149e-09
Q_CLEANUP 5.81 677 0 -0
AMR_VOLUME_STAGE 5.81 677 2 40.526278369686352 -5.6694384257395149e-09
POSTADAPT_REPROJECT 5.81 677 75 9.14823454862e-09 9.22920951422e-13 2.53292942176e-11 3.30639567615e-05 3.83534886782e-07 0.00230317509524 0.0561940072557
AMR_VOLUME_STAGE 5.81 677 3 40.526278369686352 -5.6694384257395149e-09
RUN 5.82 678 40.5262783697 0.393543363464
Q_RUN 5.82 678 40.526278369686352 -5.66943369186e-09 -0 0 1.66533453694e-16 8.92433913227e-18 13
Q_CUTCELL_CFL 5.82 678 0.0107375041623 0.0107375041623 0.111383300395 0 566
SHORE 5.82 678 45.96875 0.0038768741865 0.383816980435
Q_MOMENTUM 5.82 678 0.0187038579678 2.89195953714 2.89368559672 0.455903579396 0.452115030184 1.68813975132 0.00340147447832
AMR_VOLUME_STAGE 5.82 678 0 40.526278369686274 -5.6694403543572813e-09
AMR_VOLUME_STAGE 5.82 678 1 40.526278369686274 -5.6694403543572813e-09
Q_CLEANUP 5.82 678 0 -0
AMR_VOLUME_STAGE 5.82 678 2 40.526278369686274 -5.6694403543572813e-09
POSTADAPT_REPROJECT 5.82 678 82 9.97519450317e-09 9.30344746908e-13 2.68800537384e-11 1.94970201445e-05 3.79034367769e-07 0.00231278677617 0.0608702314647
AMR_VOLUME_STAGE 5.82 678 3 40.526278369686274 -5.6694403543572813e-09
Q_MOMENTUM 5.83 679 0.0188611099484 2.89498450105 2.88314192853 0.45538960565 0.451765552572 1.66392356559 0.00338938436574
AMR_VOLUME_STAGE 5.83 679 0 40.526278369686317 -5.669439302383954e-09
AMR_VOLUME_STAGE 5.83 679 1 40.526278369686317 -5.669439302383954e-09
Q_CLEANUP 5.83 679 0 -0
AMR_VOLUME_STAGE 5.83 679 2 40.526278369686317 -5.669439302383954e-09
POSTADAPT_REPROJECT 5.83 679 81 9.05576418574e-09 8.62857028633e-13 2.37965203098e-11 2.1536544875e-05 2.77061923662e-07 0.00232781535964 0.0623131563964
AMR_VOLUME_STAGE 5.83 679 3 40.526278369686317 -5.669439302383954e-09
RUN 5.84 680 40.5262783697 0.393448679001
Q_RUN 5.84 680 40.526278369686317 -5.6694345685e-09 -0 0 1.66533453694e-16 5.18040718329e-18 10
Q_CUTCELL_CFL 5.84 680 0.0107566666792 0.0107566666792 0.11106291432 0 566
SHORE 5.84 680 45.96875 0.00389547423021 0.387508676393
Q_MOMENTUM 5.84 680 0.0181896472788 2.89435106115 2.87056767925 0.455234772294 0.451426410301 1.65066694554 0.00337498119393
AMR_VOLUME_STAGE 5.84 680 0 40.526278369686402 -5.6694371984372992e-09
AMR_VOLUME_STAGE 5.84 680 1 40.526278369686402 -5.6694371984372992e-09
Q_CLEANUP 5.84 680 0 -0
AMR_VOLUME_STAGE 5.84 680 2 40.526278369686402 -5.6694371984372992e-09
POSTADAPT_REPROJECT 5.84 680 80 8.1651241202e-09 7.82226305191e-13 2.16704432177e-11 2.09622458353e-05 4.42048457402e-07 0.00234596967755 0.0634874212441
AMR_VOLUME_STAGE 5.84 680 3 40.526278369686402 -5.6694371984372992e-09
Q_MOMENTUM 5.85 681 0.0184298832285 2.8841328976 2.8745207632 0.454777668105 0.451132876844 1.65593614141 0.00337839946088
AMR_VOLUME_STAGE 5.85 681 0 40.526278369686523 -5.6694342178462054e-09
AMR_VOLUME_STAGE 5.85 681 1 40.526278369686523 -5.6694342178462054e-09
Q_CLEANUP 5.85 681 0 -0
AMR_VOLUME_STAGE 5.85 681 2 40.526278369686523 -5.6694342178462054e-09
POSTADAPT_REPROJECT 5.85 681 78 9.72145213787e-09 9.55856098509e-13 2.60210741843e-11 3.14433555988e-05 3.73838300609e-07 0.00230576438399 0.0615285458199
AMR_VOLUME_STAGE 5.85 681 3 40.526278369686523 -5.6694342178462054e-09
RUN 5.86 682 40.5262783697 0.393260297654
Q_RUN 5.86 682 40.526278369686523 -5.66942948397e-09 -0 0 1.66533453694e-16 9.70011543284e-18 17
Q_CUTCELL_CFL 5.86 682 0.010782730334 0.010782730334 0.110849415375 0 565
SHORE 5.86 682 45.96875 0.00388514231377 0.390087822886
Q_MOMENTUM 5.86 682 0.0188373331591 2.87067138053 2.87660493607 0.454476694049 0.450858380258 1.66015363348 0.0033810445291
AMR_VOLUME_STAGE 5.86 682 0 40.526278369686509 -5.6694345685039812e-09
AMR_VOLUME_STAGE 5.86 682 1 40.526278369686509 -5.6694345685039812e-09
Q_CLEANUP 5.86 682 0 -0
AMR_VOLUME_STAGE 5.86 682 2 40.526278369686509 -5.6694345685039812e-09
POSTADAPT_REPROJECT 5.86 682 71 8.23759171368e-09 8.29233577693e-13 2.2181145809e-11 1.92099021526e-05 3.44288566969e-07 0.00228148925417 0.0540702561982
AMR_VOLUME_STAGE 5.86 682 3 40.526278369686509 -5.6694345685039812e-09
Q_MOMENTUM 5.87 683 0.0184269736973 2.86990959022 2.86976369433 0.454316173688 0.450591521738 1.66302615725 0.00337327206749
AMR_VOLUME_STAGE 5.87 683 0 40.526278369686594 -5.6694324645573257e-09
AMR_VOLUME_STAGE 5.87 683 1 40.526278369686594 -5.6694324645573257e-09
Q_CLEANUP 5.87 683 0 -0
AMR_VOLUME_STAGE 5.87 683 2 40.526278369686594 -5.6694324645573257e-09
POSTADAPT_REPROJECT 5.87 683 72 9.88889596164e-09 9.84019846814e-13 2.58525423291e-11 1.59200408869e-05 3.07089630302e-07 0.00231103482309 0.061700017147
AMR_VOLUME_STAGE 5.87 683 3 40.526278369686594 -5.6694324645573257e-09
RUN 5.88 684 40.5262783697 0.393183694424
Q_RUN 5.88 684 40.526278369686594 -5.66942773068e-09 -0 0 1.66533453694e-16 1.1114872213e-17 16
Q_CUTCELL_CFL 5.88 684 0.0108042939628 0.0108042939628 0.110641080904 0 565
SHORE 5.88 684 45.96875 0.00389052724463 0.39164432303
Q_MOMENTUM 5.88 684 0.019043077435 2.87335860433 2.86117746305 0.454099678517 0.450285559335 1.64127266264 0.00336349808277
AMR_VOLUME_STAGE 5.88 684 0 40.526278369686736 -5.6694289579795678e-09
AMR_VOLUME_STAGE 5.88 684 1 40.526278369686736 -5.6694289579795678e-09
Q_CLEANUP 5.88 684 0 -0
AMR_VOLUME_STAGE 5.88 684 2 40.526278369686736 -5.6694289579795678e-09
POSTADAPT_REPROJECT 5.88 684 81 9.09876012344e-09 8.72138094848e-13 2.23825957768e-11 3.08138376736e-05 3.72981976894e-07 0.00230692241995 0.0632978471553
AMR_VOLUME_STAGE 5.88 684 3 40.526278369686736 -5.6694289579795678e-09
Q_MOMENTUM 5.89 685 0.0197008506018 2.86995572868 2.84702113969 0.453554319155 0.449975296291 1.6483420255 0.00334577831405
AMR_VOLUME_STAGE 5.89 685 0 40.526278369686736 -5.6694289579795678e-09
AMR_VOLUME_STAGE 5.89 685 1 40.526278369686736 -5.6694289579795678e-09
Q_CLEANUP 5.89 685 0 -0
AMR_VOLUME_STAGE 5.89 685 2 40.526278369686736 -5.6694289579795678e-09
POSTADAPT_REPROJECT 5.89 685 64 7.81934933572e-09 9.15196338129e-13 2.07562855792e-11 8.96300130352e-06 5.29902376002e-07 0.00231354495707 0.0616832450616
AMR_VOLUME_STAGE 5.89 685 3 40.526278369686736 -5.6694289579795678e-09
RUN 5.9 686 40.5262783697 0.39321627555
Q_RUN 5.9 686 40.526278369686736 -5.6694242241e-09 -0 0 1.66533453694e-16 9.13440330319e-18 12
Q_CUTCELL_CFL 5.9 686 0.0108347206895 0.0108347206895 0.110494421155 0 566
SHORE 5.9 686 45.96875 0.00388950111283 0.392075363117
Q_MOMENTUM 5.9 686 0.0191224192397 2.86249352132 2.85592323465 0.4534294075 0.449641779258 1.66927131055 0.00335636143701
AMR_VOLUME_STAGE 5.9 686 0 40.526278369686807 -5.6694272046906888e-09
AMR_VOLUME_STAGE 5.9 686 1 40.526278369686807 -5.6694272046906888e-09
Q_CLEANUP 5.9 686 0 -0
AMR_VOLUME_STAGE 5.9 686 2 40.526278369686807 -5.6694272046906888e-09
POSTADAPT_REPROJECT 5.9 686 63 7.32327781501e-09 9.0856774166e-13 1.9746426716e-11 2.01944787675e-05 3.7969668775e-07 0.00234176524384 0.065740101855
AMR_VOLUME_STAGE 5.9 686 3 40.526278369686807 -5.6694272046906888e-09
Q_MOMENTUM 5.91 687 0.0194384237628 2.84715528231 2.85351086812 0.45303670124 0.449290507361 1.65499574092 0.00335376106092
AMR_VOLUME_STAGE 5.91 687 0 40.526278369686885 -5.6694252760729224e-09
AMR_VOLUME_STAGE 5.91 687 1 40.526278369686885 -5.6694252760729224e-09
Q_CLEANUP 5.91 687 0 -0
AMR_VOLUME_STAGE 5.91 687 2 40.526278369686885 -5.6694252760729224e-09
POSTADAPT_REPROJECT 5.91 687 69 7.93567617925e-09 1.01868892759e-12 2.13091766454e-11 2.36061387144e-05 3.37796442007e-07 0.00235230089753 0.066490223295
AMR_VOLUME_STAGE 5.91 687 3 40.526278369686885 -5.6694252760729224e-09
RUN 5.92 688 40.5262783697 0.392679831232
Q_RUN 5.92 688 40.526278369686885 -5.66942054219e-09 -0 0 1.66533453694e-16 7.01343280327e-18 12
Q_CUTCELL_CFL 5.92 688 0.010860254805 0.010860254805 0.110362392313 0 565
SHORE 5.92 688 45.96875 0.00390998783676 0.393907290626
Q_MOMENTUM 5.92 688 0.0197406030881 2.85050444923 2.84990603612 0.452700290969 0.448991682176 1.63577398616 0.00334981719264
AMR_VOLUME_STAGE 5.92 688 0 40.526278369686842 -5.6694263280462498e-09
AMR_VOLUME_STAGE 5.92 688 1 40.526278369686842 -5.6694263280462498e-09
Q_CLEANUP 5.92 688 0 -0
AMR_VOLUME_STAGE 5.92 688 2 40.526278369686842 -5.6694263280462498e-09
POSTADAPT_REPROJECT 5.92 688 69 7.27568824621e-09 9.58669233156e-13 1.97145633152e-11 2.77786792419e-05 3.94109906907e-07 0.002355995703 0.0670392598488
AMR_VOLUME_STAGE 5.92 688 3 40.526278369686842 -5.6694263280462498e-09
Q_MOMENTUM 5.93 689 0.019540301828 2.85182357766 2.83859863618 0.452379114389 0.448640855151 1.67105392507 0.00333688828144
AMR_VOLUME_STAGE 5.93 689 0 40.526278369686864 -5.6694258020595857e-09
AMR_VOLUME_STAGE 5.93 689 1 40.526278369686864 -5.6694258020595857e-09
Q_CLEANUP 5.93 689 0 -0
AMR_VOLUME_STAGE 5.93 689 2 40.526278369686864 -5.6694258020595857e-09
POSTADAPT_REPROJECT 5.93 689 68 8.56308046278e-09 1.14596428076e-12 2.34514629938e-11 2.76621699916e-05 4.03764224389e-07 0.00235447143837 0.0648681213572
AMR_VOLUME_STAGE 5.93 689 3 40.526278369686864 -5.6694258020595857e-09
RUN 5.94 690 40.5262783697 0.391682477165
Q_RUN 5.94 690 40.526278369686864 -5.66942106818e-09 -0 0 1.66533453694e-16 9.98821251402e-18 15
Q_CUTCELL_CFL 5.94 690 0.0108879070298 0.0108879070298 0.110265563625 0 565
SHORE 5.94 690 45.96875 0.00390666791083 0.396542697457
Q_MOMENTUM 5.94 690 0.0195995891043 2.84797244656 2.82508572946 0.45215657023 0.448283880894 1.66595608843 0.00332146522573
AMR_VOLUME_STAGE 5.94 690 0 40.526278369687006 -5.6694222954818278e-09
AMR_VOLUME_STAGE 5.94 690 1 40.526278369687006 -5.6694222954818278e-09
Q_CLEANUP 5.94 690 0 -0
AMR_VOLUME_STAGE 5.94 690 2 40.526278369687006 -5.6694222954818278e-09
POSTADAPT_REPROJECT 5.94 690 68 7.25592417104e-09 9.87388619719e-13 2.00648386794e-11 1.40138193741e-05 3.44605463961e-07 0.00223758890117 0.0686789464934
AMR_VOLUME_STAGE 5.94 690 3 40.526278369687006 -5.6694222954818278e-09
Q_MOMENTUM 5.95 691 0.0199270197975 2.83695973301 2.8279200409 0.45159334094 0.447942395112 1.65520066532 0.00332378368815
AMR_VOLUME_STAGE 5.95 691 0 40.526278369686921 -5.6694243994284825e-09
AMR_VOLUME_STAGE 5.95 691 1 40.526278369686921 -5.6694243994284825e-09
Q_CLEANUP 5.95 691 0 -0
AMR_VOLUME_STAGE 5.95 691 2 40.526278369686921 -5.6694243994284825e-09
POSTADAPT_REPROJECT 5.95 691 61 7.34323601109e-09 1.01743687513e-12 2.0421442315e-11 4.19399742242e-06 4.17083901842e-07 0.00225745338196 0.0685856242472
AMR_VOLUME_STAGE 5.95 691 3 40.526278369686921 -5.6694243994284825e-09
RUN 5.96 692 40.5262783697 0.391396094121
Q_RUN 5.96 692 40.526278369686921 -5.66941966555e-09 -0 0 1.66533453694e-16 1.17356414842e-17 16
Q_CUTCELL_CFL 5.96 692 0.010922625459 0.010922625459 0.110272566361 0 564
SHORE 5.96 692 45.96875 0.00390445084931 0.398693950747
Q_MOMENTUM 5.96 692 0.0196548403015 2.82368060997 2.83068721131 0.451443742294 0.447642939599 1.64713868452 0.00332710798175
AMR_VOLUME_STAGE 5.96 692 0 40.526278369687105 -5.6694198408773973e-09
AMR_VOLUME_STAGE 5.96 692 1 40.526278369687105 -5.6694198408773973e-09
Q_CLEANUP 5.96 692 0 -0
AMR_VOLUME_STAGE 5.96 692 2 40.526278369687105 -5.6694198408773973e-09
POSTADAPT_REPROJECT 5.96 692 67 7.61983526318e-09 1.05326865556e-12 2.12494466467e-11 1.514991638e-05 3.3525002407e-07 0.00223182965446 0.0689634561537
AMR_VOLUME_STAGE 5.96 692 3 40.526278369687105 -5.6694198408773973e-09
Q_MOMENTUM 5.97 693 0.0196911322802 2.82382929674 2.82434870308 0.451070676369 0.447345804341 1.68647840344 0.00331983297527
AMR_VOLUME_STAGE 5.97 693 0 40.52627836968712 -5.6694194902196215e-09
AMR_VOLUME_STAGE 5.97 693 1 40.52627836968712 -5.6694194902196215e-09
Q_CLEANUP 5.97 693 0 -0
AMR_VOLUME_STAGE 5.97 693 2 40.52627836968712 -5.6694194902196215e-09
POSTADAPT_REPROJECT 5.97 693 67 8.2747202735e-09 1.11774074495e-12 2.29094521131e-11 1.52876584986e-05 3.40189253013e-07 0.00222445067481 0.0691736886481
AMR_VOLUME_STAGE 5.97 693 3 40.52627836968712 -5.6694194902196215e-09
RUN 5.98 694 40.5262783697 0.391837654596
Q_RUN 5.98 694 40.52627836968712 -5.66941475634e-09 -0 0 1.66533453694e-16 5.33969569949e-18 9
Q_CUTCELL_CFL 5.98 694 0.0109518676865 0.0109518676865 0.110293321843 0 563
SHORE 5.98 694 45.96875 0.00388908318005 0.399787697166
Q_MOMENTUM 5.98 694 0.0199393135743 2.82510469855 2.81501318482 0.450672550102 0.447031519466 1.66689289642 0.00330921712101
AMR_VOLUME_STAGE 5.98 694 0 40.526278369687219 -5.6694170356151909e-09
AMR_VOLUME_STAGE 5.98 694 1 40.526278369687219 -5.6694170356151909e-09
Q_CLEANUP 5.98 694 0 -0
AMR_VOLUME_STAGE 5.98 694 2 40.526278369687219 -5.6694170356151909e-09
POSTADAPT_REPROJECT 5.98 694 63 7.1354025881e-09 7.63787358435e-13 1.87061477419e-11 1.57152056376e-05 3.37871788845e-07 0.00222054962349 0.0694172916865
AMR_VOLUME_STAGE 5.98 694 3 40.526278369687219 -5.6694170356151909e-09
Q_MOMENTUM 5.99 695 0.0197228480694 2.81906783524 2.79787186851 0.450394921352 0.446701391036 1.65166872719 0.00328949823648
AMR_VOLUME_STAGE 5.99 695 0 40.526278369687205 -5.6694173862729667e-09
AMR_VOLUME_STAGE 5.99 695 1 40.526278369687205 -5.6694173862729667e-09
Q_CLEANUP 5.99 695 0 -0
AMR_VOLUME_STAGE 5.99 695 2 40.526278369687205 -5.6694173862729667e-09
POSTADAPT_REPROJECT 5.99 695 72 7.62283083805e-09 6.74557547098e-13 1.88575821625e-11 1.57071780784e-05 3.74253617493e-07 0.00221762222158 0.0694824140128
AMR_VOLUME_STAGE 5.99 695 3 40.526278369687205 -5.6694173862729667e-09
RUN 6 696 40.5262783697 0.39156208636
Q_RUN 6 696 40.526278369687205 -5.66941265239e-09 -0 0 1.66533453694e-16 1.47718310836e-17 21
Q_CUTCELL_CFL 6 696 0.0109893230558 0.0109893230558 0.110405672442 0 563
SHORE 6 696 45.96875 0.00387568277229 0.400487363187
